Data,Valor,Ticker
2018-09-18,0.777507,VIVT3
2018-12-18,0.374869,VIVT3
2019-03-01,0.194377,VIVT3
2019-04-12,0.685506,VIVT3
2019-05-02,0.158278,VIVT3
2019-07-01,0.268795,VIVT3
2020-01-02,0.374869,VIVT3
2020-03-02,0.074974,VIVT3
2020-04-01,0.041652,VIVT3
2020-05-29,0.472058,VIVT3
2020-07-01,0.249913,VIVT3
2020-09-29,0.180493,VIVT3
2020-11-30,0.118451,VIVT3
2020-12-29,0.43242,VIVT3
2021-03-01,0.044448,VIVT3
2021-04-01,0.080049,VIVT3
2021-04-16,0.470909,VIVT3
2021-05-03,0.083057,VIVT3
2021-07-01,0.18695,VIVT3
2021-10-01,0.178644,VIVT3
2021-12-28,0.687264,VIVT3
2022-03-02,0.053698,VIVT3
2022-04-01,0.074646,VIVT3
2022-05-02,0.044811,VIVT3
2022-07-01,0.143656,VIVT3
2022-09-01,0.089875,VIVT3
2023-01-02,0.515462,VIVT3
2023-03-01,0.031886,VIVT3
2023-04-03,0.087263,VIVT3
2023-04-14,0.248769,VIVT3
2023-06-01,0.096391,VIVT3
2023-08-01,0.122129,VIVT3
2023-09-01,0.079985,VIVT3
2023-09-25,0.060366,VIVT3
2023-10-24,0.045287,VIVT3
2023-12-27,0.257173,VIVT3
2024-04-01,0.090767,VIVT3
2024-04-11,0.453835,VIVT3
2024-04-30,0.115047,VIVT3
2024-06-27,0.053113,VIVT3
2024-07-29,0.197812,VIVT3
2024-08-27,0.122082,VIVT3
2024-12-27,0.368849,VIVT3
2025-02-25,0.055466,VIVT3
2025-02-28,0.616685,VIVT3
2025-03-25,0.061727,VIVT3
2025-04-14,0.074072,VIVT3
2025-05-23,0.154317,VIVT3
2025-06-24,0.061727,VIVT3
2025-07-28,0.102534,VIVT3
2019-01-03,15.6997,TIMS3
2019-08-12,15.2419,TIMS3
2019-10-08,0.156471,TIMS3
2020-01-20,10.2353,TIMS3
2020-10-20,0.206542,TIMS3
2020-12-21,0.240868,TIMS3
2021-06-22,14.4654,TIMS3
2021-09-30,5.6809,TIMS3
2021-12-21,23.1366,TIMS3
2022-03-29,8.0564,TIMS3
2022-06-24,11.16372,TIMS3
2022-09-22,0.198291,TIMS3
2022-12-22,18.795502,TIMS3
2023-04-11,24.785275,TIMS3
2023-04-26,0.09501,TIMS3
2023-06-23,11.97955,TIMS3
2023-09-22,0.175576,TIMS3
2023-12-22,0.270594,TIMS3
2024-03-25,8.263612,TIMS3
2024-04-10,54.12666,TIMS3
2024-06-24,0.124069,TIMS3
2024-09-24,0.123946,TIMS3
2024-12-26,0.268528,TIMS3
2025-02-18,0.082624,TIMS3
2025-04-01,20.249573,TIMS3
2025-04-04,84.7176,TIMS3
2025-05-22,12.408486,TIMS3
2025-07-28,0.132315,TIMS3
2021-12-07,0.083323,FIQE3
2022-03-25,0.084258,FIQE3
2023-03-13,0.084005,FIQE3
2023-07-17,0.042487,FIQE3
2023-10-10,0.028325,FIQE3
2024-02-07,0.056649,FIQE3
2024-06-17,0.155785,FIQE3
2025-02-07,0.099136,FIQE3
2025-01-07,0.19204365,BRST3
2022-05-02,0.013908,DESK3
2023-05-02,0.019782,DESK3
2024-04-22,0.042149,DESK3
2025-04-24,0.036798,DESK3
2018-08-20,0.075879,ITUB3
2018-09-03,0.009091,ITUB3
2018-10-01,0.009091,ITUB3
2018-11-01,0.009091,ITUB3
2018-12-03,0.013636,ITUB3
2018-12-18,0.009636,ITUB3
2019-01-02,0.013636,ITUB3
2019-02-01,0.013636,ITUB3
2019-02-22,0.681273,ITUB3
2019-03-01,0.013636,ITUB3
2019-04-01,0.013636,ITUB3
2019-05-02,0.013636,ITUB3
2019-06-03,0.013636,ITUB3
2019-07-01,0.013636,ITUB3
2019-08-01,0.013636,ITUB3
2019-08-16,0.217545,ITUB3
2019-09-02,0.013636,ITUB3
2019-10-01,0.013636,ITUB3
2019-11-01,0.013636,ITUB3
2019-12-02,0.013636,ITUB3
2019-12-13,0.034145,ITUB3
2020-01-02,0.013636,ITUB3
2020-02-03,0.013636,ITUB3
2020-02-21,0.475909,ITUB3
2020-03-02,0.013636,ITUB3
2020-04-01,0.013636,ITUB3
2020-05-04,0.013636,ITUB3
2020-06-01,0.013636,ITUB3
2020-07-01,0.013636,ITUB3
2020-08-03,0.013636,ITUB3
2020-08-18,0.048091,ITUB3
2020-09-01,0.013636,ITUB3
2020-10-01,0.013636,ITUB3
2020-11-03,0.013636,ITUB3
2020-12-01,0.013636,ITUB3
2020-12-11,0.058145,ITUB3
2021-01-04,0.013636,ITUB3
2021-01-26,0.0456,ITUB3
2021-02-01,0.013636,ITUB3
2021-02-26,0.133625,ITUB3
2021-03-01,0.013636,ITUB3
2021-03-26,0.046036,ITUB3
2021-04-01,0.013636,ITUB3
2021-04-28,0.051345,ITUB3
2021-05-03,0.013636,ITUB3
2021-05-25,0.044309,ITUB3
2021-06-01,0.013636,ITUB3
2021-07-01,0.013636,ITUB3
2021-08-02,0.013636,ITUB3
2021-08-16,0.0944,ITUB3
2021-09-01,0.013636,ITUB3
2021-10-01,0.013636,ITUB3
2021-11-01,0.016045,ITUB3
2021-11-22,0.240501,ITUB3
2021-12-01,0.016045,ITUB3
2022-01-03,0.016045,ITUB3
2022-02-01,0.016045,ITUB3
2022-02-22,0.012418,ITUB3
2022-03-02,0.016045,ITUB3
2022-04-01,0.016045,ITUB3
2022-05-02,0.016045,ITUB3
2022-06-01,0.016045,ITUB3
2022-07-01,0.016045,ITUB3
2022-08-01,0.016045,ITUB3
2022-08-19,0.278636,ITUB3
2022-09-01,0.016045,ITUB3
2022-10-03,0.016045,ITUB3
2022-11-01,0.016045,ITUB3
2022-12-01,0.016045,ITUB3
2022-12-09,0.441982,ITUB3
2023-01-02,0.016045,ITUB3
2023-02-01,0.016045,ITUB3
2023-03-01,0.016045,ITUB3
2023-03-24,0.238182,ITUB3
2023-04-03,0.016045,ITUB3
2023-05-02,0.016045,ITUB3
2023-06-01,0.016045,ITUB3
2023-06-20,0.242091,ITUB3
2023-07-03,0.016045,ITUB3
2023-08-01,0.016045,ITUB3
2023-09-01,0.016045,ITUB3
2023-09-19,0.244818,ITUB3
2023-10-02,0.016045,ITUB3
2023-11-01,0.016045,ITUB3
2023-12-01,0.016045,ITUB3
2023-12-07,0.224764,ITUB3
2024-01-02,0.016045,ITUB3
2024-02-01,0.016045,ITUB3
2024-02-22,1.022841,ITUB3
2024-03-01,0.016045,ITUB3
2024-03-22,0.219818,ITUB3
2024-04-01,0.016045,ITUB3
2024-05-02,0.016045,ITUB3
2024-06-03,0.016045,ITUB3
2024-06-21,0.228182,ITUB3
2024-07-01,0.016045,ITUB3
2024-08-01,0.016045,ITUB3
2024-09-02,0.016045,ITUB3
2024-09-20,0.248164,ITUB3
2024-10-01,0.016045,ITUB3
2024-11-01,0.016045,ITUB3
2024-12-02,0.016045,ITUB3
2024-12-10,0.282327,ITUB3
2025-01-02,0.016045,ITUB3
2025-02-03,0.016045,ITUB3
2025-02-18,1.440336,ITUB3
2025-03-05,0.016045,ITUB3
2025-04-01,0.01765,ITUB3
2025-05-02,0.01765,ITUB3
2025-06-02,0.01765,ITUB3
2025-06-10,0.3341,ITUB3
2025-07-01,0.01765,ITUB3
2025-08-01,0.01765,ITUB3
2018-08-20,0.075879,ITUB4
2018-09-03,0.009091,ITUB4
2018-10-01,0.009091,ITUB4
2018-11-01,0.009091,ITUB4
2018-12-03,0.013636,ITUB4
2018-12-18,0.009636,ITUB4
2019-01-02,0.013636,ITUB4
2019-02-01,0.013636,ITUB4
2019-02-22,0.955182,ITUB4
2019-03-01,0.013636,ITUB4
2019-04-01,0.013636,ITUB4
2019-05-02,0.013636,ITUB4
2019-06-03,0.013636,ITUB4
2019-07-01,0.013636,ITUB4
2019-08-01,0.013636,ITUB4
2019-08-16,0.217545,ITUB4
2019-09-02,0.013636,ITUB4
2019-10-01,0.013636,ITUB4
2019-11-01,0.013636,ITUB4
2019-12-02,0.013636,ITUB4
2019-12-13,0.034145,ITUB4
2020-01-02,0.013636,ITUB4
2020-02-03,0.013636,ITUB4
2020-02-21,0.439273,ITUB4
2020-03-02,0.013636,ITUB4
2020-04-01,0.013636,ITUB4
2020-05-04,0.013636,ITUB4
2020-06-01,0.013636,ITUB4
2020-07-01,0.013636,ITUB4
2020-08-03,0.013636,ITUB4
2020-08-18,0.048091,ITUB4
2020-09-01,0.013636,ITUB4
2020-10-01,0.013636,ITUB4
2020-11-03,0.013636,ITUB4
2020-12-01,0.013636,ITUB4
2020-12-11,0.058145,ITUB4
2021-01-04,0.013636,ITUB4
2021-01-26,0.0456,ITUB4
2021-02-01,0.013636,ITUB4
2021-02-26,0.133625,ITUB4
2021-03-01,0.013636,ITUB4
2021-03-26,0.046036,ITUB4
2021-04-01,0.013636,ITUB4
2021-04-28,0.051345,ITUB4
2021-05-03,0.013636,ITUB4
2021-05-25,0.044309,ITUB4
2021-06-01,0.013636,ITUB4
2021-07-01,0.013636,ITUB4
2021-08-02,0.013636,ITUB4
2021-08-16,0.0944,ITUB4
2021-09-01,0.013636,ITUB4
2021-10-01,0.013636,ITUB4
2021-11-01,0.016045,ITUB4
2021-11-22,0.240501,ITUB4
2021-12-01,0.016045,ITUB4
2022-01-03,0.016045,ITUB4
2022-02-01,0.016045,ITUB4
2022-02-22,0.012418,ITUB4
2022-03-02,0.016045,ITUB4
2022-04-01,0.016045,ITUB4
2022-05-02,0.016045,ITUB4
2022-06-01,0.016045,ITUB4
2022-07-01,0.016045,ITUB4
2022-08-01,0.016045,ITUB4
2022-08-19,0.278636,ITUB4
2022-09-01,0.016045,ITUB4
2022-10-03,0.016045,ITUB4
2022-11-01,0.016045,ITUB4
2022-12-01,0.016045,ITUB4
2022-12-09,0.441982,ITUB4
2023-01-02,0.016045,ITUB4
2023-02-01,0.016045,ITUB4
2023-03-01,0.016045,ITUB4
2023-03-24,0.238182,ITUB4
2023-04-03,0.016045,ITUB4
2023-05-02,0.016045,ITUB4
2023-06-01,0.016045,ITUB4
2023-06-20,0.242091,ITUB4
2023-07-03,0.016045,ITUB4
2023-08-01,0.016045,ITUB4
2023-09-01,0.016045,ITUB4
2023-09-19,0.244818,ITUB4
2023-10-02,0.016045,ITUB4
2023-11-01,0.016045,ITUB4
2023-12-01,0.016045,ITUB4
2023-12-07,0.224764,ITUB4
2024-01-02,0.016045,ITUB4
2024-02-01,0.016045,ITUB4
2024-02-22,1.022841,ITUB4
2024-03-01,0.016045,ITUB4
2024-03-22,0.219818,ITUB4
2024-04-01,0.016045,ITUB4
2024-05-02,0.016045,ITUB4
2024-06-03,0.016045,ITUB4
2024-06-21,0.228182,ITUB4
2024-07-01,0.016045,ITUB4
2024-08-01,0.016045,ITUB4
2024-09-02,0.016045,ITUB4
2024-09-20,0.248164,ITUB4
2024-10-01,0.016045,ITUB4
2024-11-01,0.016045,ITUB4
2024-12-02,0.016045,ITUB4
2024-12-10,0.282327,ITUB4
2025-01-02,0.016045,ITUB4
2025-02-03,0.016045,ITUB4
2025-02-18,1.440336,ITUB4
2025-03-05,0.016045,ITUB4
2025-04-01,0.01765,ITUB4
2025-05-02,0.01765,ITUB4
2025-06-02,0.01765,ITUB4
2025-06-10,0.3341,ITUB4
2025-07-01,0.01765,ITUB4
2025-08-01,0.01765,ITUB4
2018-08-14,0.054678,BPAC3
2019-01-08,0.056238,BPAC3
2019-08-09,0.058052,BPAC3
2020-01-07,0.050372,BPAC3
2020-07-23,0.048849,BPAC3
2021-01-07,0.051598,BPAC3
2021-08-06,0.056635,BPAC3
2021-12-21,0.022596,BPAC3
2022-01-06,0.049104,BPAC3
2022-08-05,0.104416,BPAC3
2022-12-19,0.065353,BPAC3
2023-01-05,0.049233,BPAC3
2023-08-07,0.133814,BPAC3
2023-12-05,0.076965,BPAC3
2024-01-04,0.049415,BPAC3
2024-07-04,0.135563,BPAC3
2024-12-20,0.10109,BPAC3
2025-01-06,0.049459,BPAC3
2018-08-14,0.056121,BPAC5
2019-01-08,0.057722,BPAC5
2019-08-09,0.059584,BPAC5
2020-01-07,0.051702,BPAC5
2020-07-23,0.049121,BPAC5
2021-01-07,0.051885,BPAC5
2021-08-06,0.056635,BPAC5
2021-12-21,0.022596,BPAC5
2022-01-06,0.049104,BPAC5
2022-08-05,0.104416,BPAC5
2022-12-19,0.065353,BPAC5
2023-01-05,0.049233,BPAC5
2023-08-07,0.133814,BPAC5
2023-12-05,0.076965,BPAC5
2024-01-04,0.049415,BPAC5
2024-07-04,0.135563,BPAC5
2024-12-20,0.10109,BPAC5
2025-01-06,0.049459,BPAC5
2018-09-04,0.0108,BBDC3
2018-10-02,0.0108,BBDC3
2018-11-05,0.0108,BBDC3
2018-12-04,0.0108,BBDC3
2018-12-26,0.415615,BBDC3
2019-01-03,0.0108,BBDC3
2019-02-04,0.0108,BBDC3
2019-03-06,0.0108,BBDC3
2019-04-02,0.012959,BBDC3
2019-05-03,0.012959,BBDC3
2019-06-04,0.012959,BBDC3
2019-07-01,0.129629,BBDC3
2019-07-02,0.012959,BBDC3
2019-08-02,0.012959,BBDC3
2019-09-03,0.012959,BBDC3
2019-10-02,0.012959,BBDC3
2019-10-18,0.712738,BBDC3
2019-11-04,0.012959,BBDC3
2019-12-03,0.012959,BBDC3
2019-12-20,0.378196,BBDC3
2020-01-03,0.012959,BBDC3
2020-02-04,0.012959,BBDC3
2020-02-18,0.043736,BBDC3
2020-03-03,0.012959,BBDC3
2020-04-02,0.012959,BBDC3
2020-05-05,0.014255,BBDC3
2020-06-02,0.014255,BBDC3
2020-07-02,0.014255,BBDC3
2020-08-04,0.014255,BBDC3
2020-09-02,0.014255,BBDC3
2020-10-02,0.014255,BBDC3
2020-11-04,0.014255,BBDC3
2020-12-02,0.014255,BBDC3
2020-12-29,0.312001,BBDC3
2021-01-05,0.014255,BBDC3
2021-02-02,0.014255,BBDC3
2021-02-18,0.016394,BBDC3
2021-03-02,0.014255,BBDC3
2021-04-05,0.014255,BBDC3
2021-05-04,0.015681,BBDC3
2021-06-02,0.015681,BBDC3
2021-07-02,0.015681,BBDC3
2021-07-05,0.445461,BBDC3
2021-08-03,0.015681,BBDC3
2021-09-02,0.015681,BBDC3
2021-10-04,0.015681,BBDC3
2021-11-03,0.015681,BBDC3
2021-12-02,0.015681,BBDC3
2021-12-21,0.196595,BBDC3
2022-01-04,0.015681,BBDC3
2022-02-02,0.015681,BBDC3
2022-03-03,0.015681,BBDC3
2022-04-04,0.015681,BBDC3
2022-05-03,0.017249,BBDC3
2022-06-02,0.017249,BBDC3
2022-06-21,0.178723,BBDC3
2022-07-04,0.017249,BBDC3
2022-08-02,0.017249,BBDC3
2022-09-02,0.017249,BBDC3
2022-10-04,0.017249,BBDC3
2022-11-03,0.017249,BBDC3
2022-12-02,0.01725,BBDC3
2023-01-03,0.01725,BBDC3
2023-01-09,0.530369,BBDC3
2023-02-02,0.01725,BBDC3
2023-03-02,0.01725,BBDC3
2023-04-04,0.01725,BBDC3
2023-05-03,0.01725,BBDC3
2023-06-02,0.01725,BBDC3
2023-06-27,0.178997,BBDC3
2023-07-04,0.01725,BBDC3
2023-08-02,0.01725,BBDC3
2023-09-04,0.01725,BBDC3
2023-10-03,0.01725,BBDC3
2023-11-03,0.01725,BBDC3
2023-12-04,0.01725,BBDC3
2023-12-22,0.447314,BBDC3
2024-01-03,0.01725,BBDC3
2024-02-02,0.01725,BBDC3
2024-03-04,0.01725,BBDC3
2024-04-02,0.01725,BBDC3
2024-05-03,0.01725,BBDC3
2024-06-04,0.01725,BBDC3
2024-06-18,0.359141,BBDC3
2024-07-02,0.01725,BBDC3
2024-08-02,0.01725,BBDC3
2024-09-03,0.01725,BBDC3
2024-10-01,0.179571,BBDC3
2024-10-02,0.01725,BBDC3
2024-11-04,0.01725,BBDC3
2024-12-03,0.01725,BBDC3
2025-01-02,0.267251,BBDC3
2025-01-03,0.01725,BBDC3
2025-02-04,0.01725,BBDC3
2025-03-06,0.01725,BBDC3
2025-04-01,0.207112,BBDC3
2025-04-02,0.01725,BBDC3
2025-05-05,0.01725,BBDC3
2025-06-03,0.01725,BBDC3
2025-07-01,0.270147,BBDC3
2025-07-02,0.01725,BBDC3
2025-08-04,0.01725,BBDC3
2018-09-04,0.01188,BBDC4
2018-10-02,0.01188,BBDC4
2018-11-05,0.01188,BBDC4
2018-12-04,0.01188,BBDC4
2018-12-26,0.457176,BBDC4
2019-01-03,0.01188,BBDC4
2019-02-04,0.01188,BBDC4
2019-03-06,0.01188,BBDC4
2019-04-02,0.014255,BBDC4
2019-05-03,0.014255,BBDC4
2019-06-04,0.014255,BBDC4
2019-07-01,0.142592,BBDC4
2019-07-02,0.014255,BBDC4
2019-08-02,0.014255,BBDC4
2019-09-03,0.014255,BBDC4
2019-10-02,0.014255,BBDC4
2019-10-18,0.784011,BBDC4
2019-11-04,0.014255,BBDC4
2019-12-03,0.014255,BBDC4
2019-12-20,0.416016,BBDC4
2020-01-03,0.014255,BBDC4
2020-02-04,0.014255,BBDC4
2020-02-18,0.04811,BBDC4
2020-03-03,0.014255,BBDC4
2020-04-02,0.014255,BBDC4
2020-05-05,0.015681,BBDC4
2020-06-02,0.015681,BBDC4
2020-07-02,0.015681,BBDC4
2020-08-04,0.015681,BBDC4
2020-09-02,0.015681,BBDC4
2020-10-02,0.015681,BBDC4
2020-11-04,0.015681,BBDC4
2020-12-02,0.015681,BBDC4
2020-12-29,0.343201,BBDC4
2021-01-05,0.015681,BBDC4
2021-02-02,0.015681,BBDC4
2021-02-18,0.018034,BBDC4
2021-03-02,0.015681,BBDC4
2021-04-05,0.015681,BBDC4
2021-05-04,0.017249,BBDC4
2021-06-02,0.017249,BBDC4
2021-07-02,0.017249,BBDC4
2021-07-05,0.490007,BBDC4
2021-08-03,0.017249,BBDC4
2021-09-02,0.017249,BBDC4
2021-10-04,0.017249,BBDC4
2021-11-03,0.017249,BBDC4
2021-12-02,0.017249,BBDC4
2021-12-21,0.216254,BBDC4
2022-01-04,0.017249,BBDC4
2022-02-02,0.017249,BBDC4
2022-03-03,0.017249,BBDC4
2022-04-04,0.017249,BBDC4
2022-05-03,0.018974,BBDC4
2022-06-02,0.018974,BBDC4
2022-06-21,0.196595,BBDC4
2022-07-04,0.018974,BBDC4
2022-08-02,0.018974,BBDC4
2022-09-02,0.018974,BBDC4
2022-10-04,0.018974,BBDC4
2022-11-03,0.018974,BBDC4
2022-12-02,0.018975,BBDC4
2023-01-03,0.018975,BBDC4
2023-01-09,0.583406,BBDC4
2023-02-02,0.018975,BBDC4
2023-03-02,0.018975,BBDC4
2023-04-04,0.018975,BBDC4
2023-05-03,0.018975,BBDC4
2023-06-02,0.018975,BBDC4
2023-06-27,0.196897,BBDC4
2023-07-04,0.018975,BBDC4
2023-08-02,0.018975,BBDC4
2023-09-04,0.018975,BBDC4
2023-10-03,0.018975,BBDC4
2023-11-03,0.018975,BBDC4
2023-12-04,0.018975,BBDC4
2023-12-22,0.492046,BBDC4
2024-01-03,0.018975,BBDC4
2024-02-02,0.018975,BBDC4
2024-03-04,0.018975,BBDC4
2024-04-02,0.018975,BBDC4
2024-05-03,0.018975,BBDC4
2024-06-04,0.018975,BBDC4
2024-06-18,0.395055,BBDC4
2024-07-02,0.018975,BBDC4
2024-08-02,0.018975,BBDC4
2024-09-03,0.018975,BBDC4
2024-10-01,0.197528,BBDC4
2024-10-02,0.018975,BBDC4
2024-11-04,0.018975,BBDC4
2024-12-03,0.018975,BBDC4
2025-01-02,0.293976,BBDC4
2025-01-03,0.018975,BBDC4
2025-02-04,0.018975,BBDC4
2025-03-06,0.018975,BBDC4
2025-04-01,0.227824,BBDC4
2025-04-02,0.018975,BBDC4
2025-05-05,0.018975,BBDC4
2025-06-03,0.018975,BBDC4
2025-07-01,0.297161,BBDC4
2025-07-02,0.018975,BBDC4
2025-08-04,0.018975,BBDC4
2018-08-14,0.168363,BPAC11
2019-01-08,0.173165,BPAC11
2019-08-09,0.178751,BPAC11
2020-01-07,0.155105,BPAC11
2020-07-23,0.147362,BPAC11
2021-01-07,0.155656,BPAC11
2021-08-06,0.169905,BPAC11
2021-12-21,0.06779,BPAC11
2022-01-06,0.147312,BPAC11
2022-08-05,0.313248,BPAC11
2022-12-19,0.196059,BPAC11
2023-01-05,0.147698,BPAC11
2023-08-07,0.401443,BPAC11
2023-12-05,0.230895,BPAC11
2024-01-04,0.148245,BPAC11
2024-07-04,0.40669,BPAC11
2024-12-20,0.303269,BPAC11
2025-01-06,0.148376,BPAC11
2018-10-08,0.160646,SANB11
2019-01-08,1.285952,SANB11
2019-04-08,0.267929,SANB11
2019-07-08,0.268043,SANB11
2019-10-09,0.268088,SANB11
2020-01-06,2.091569,SANB11
2020-05-08,0.238797,SANB11
2020-08-07,0.206596,SANB11
2020-11-05,0.268303,SANB11
2021-01-11,0.178421,SANB11
2021-02-17,0.137393,SANB11
2021-05-10,0.804259,SANB11
2021-08-05,0.911494,SANB11
2021-11-05,0.804259,SANB11
2022-01-10,0.066752,SANB11
2022-02-11,0.804233,SANB11
2022-04-22,0.456205,SANB11
2022-08-15,0.45727,SANB11
2022-10-24,0.457242,SANB11
2023-01-27,0.457629,SANB11
2023-04-25,0.403261,SANB11
2023-07-21,0.403346,SANB11
2023-10-20,0.403366,SANB11
2024-01-22,0.402856,SANB11
2024-04-22,0.402399,SANB11
2024-07-22,0.4025,SANB11
2024-10-18,0.402476,SANB11
2025-01-23,0.402522,SANB11
2025-04-22,0.401915,SANB11
2025-07-18,0.53588,SANB11
2018-09-12,0.042746,BBAS3
2018-11-22,0.208447,BBAS3
2018-12-12,0.062835,BBAS3
2019-02-22,0.295944,BBAS3
2019-03-12,0.078062,BBAS3
2019-05-22,0.207419,BBAS3
2019-06-12,0.085527,BBAS3
2019-08-22,0.223078,BBAS3
2019-09-12,0.116478,BBAS3
2019-11-22,0.182521,BBAS3
2019-12-12,0.088087,BBAS3
2020-02-26,0.219441,BBAS3
2020-03-12,0.09071,BBAS3
2020-08-24,0.220994,BBAS3
2020-09-14,0.051431,BBAS3
2020-11-17,0.097387,BBAS3
2020-12-14,0.058492,BBAS3
2021-02-23,0.217932,BBAS3
2021-03-12,0.072857,BBAS3
2021-05-24,0.207223,BBAS3
2021-06-14,0.08426,BBAS3
2021-08-24,0.174144,BBAS3
2021-09-14,0.09237,BBAS3
2021-11-23,0.196852,BBAS3
2021-12-14,0.087496,BBAS3
2022-03-03,0.412361,BBAS3
2022-03-15,0.105314,BBAS3
2022-05-24,0.077674,BBAS3
2022-06-14,0.125143,BBAS3
2022-08-23,0.291658,BBAS3
2022-09-13,0.136868,BBAS3
2022-11-22,0.085103,BBAS3
2022-12-13,0.172763,BBAS3
2023-02-24,0.413441,BBAS3
2023-03-14,0.176018,BBAS3
2023-06-02,0.32721,BBAS3
2023-06-13,0.169316,BBAS3
2023-08-22,0.073423,BBAS3
2023-09-12,0.167099,BBAS3
2023-12-12,0.171153,BBAS3
2024-03-12,0.205018,BBAS3
2024-06-12,0.457947,BBAS3
2024-06-14,0.20424,BBAS3
2024-08-22,0.474655,BBAS3
2024-09-12,0.186602,BBAS3
2024-11-26,0.483304,BBAS3
2024-12-12,0.176491,BBAS3
2025-03-12,0.288899,BBAS3
2025-06-03,0.334258,BBAS3
2018-08-20,0.162566,ITSA4
2018-09-03,0.011679,ITSA4
2018-12-03,0.015571,ITSA4
2018-12-18,0.006306,ITSA4
2019-02-22,0.242214,ITSA4
2019-03-01,0.015571,ITSA4
2019-06-03,0.015571,ITSA4
2019-08-16,0.265105,ITSA4
2019-09-02,0.015571,ITSA4
2019-12-02,0.015571,ITSA4
2019-12-13,0.004633,ITSA4
2020-02-21,0.169262,ITSA4
2020-03-02,0.015571,ITSA4
2020-06-01,0.015571,ITSA4
2020-08-18,0.015571,ITSA4
2020-09-01,0.015571,ITSA4
2020-12-01,0.015571,ITSA4
2020-12-11,0.079142,ITSA4
2021-01-26,0.016194,ITSA4
2021-03-01,0.015571,ITSA4
2021-03-10,0.012034,ITSA4
2021-03-26,0.014855,ITSA4
2021-04-28,0.016591,ITSA4
2021-05-25,0.014326,ITSA4
2021-06-01,0.015571,ITSA4
2021-08-16,0.029072,ITSA4
2021-09-01,0.015571,ITSA4
2021-11-24,0.120461,ITSA4
2021-12-01,0.018319,ITSA4
2021-12-14,0.018319,ITSA4
2022-01-17,0.109006,ITSA4
2022-03-25,0.09268,ITSA4
2022-06-01,0.019235,ITSA4
2022-08-19,0.048805,ITSA4
2022-09-01,0.019235,ITSA4
2022-11-21,0.046348,ITSA4
2022-12-01,0.021159,ITSA4
2022-12-09,0.166811,ITSA4
2023-03-01,0.021159,ITSA4
2023-03-24,0.069512,ITSA4
2023-06-01,0.021159,ITSA4
2023-06-23,0.102875,ITSA4
2023-07-26,0.046312,ITSA4
2023-08-18,0.021248,ITSA4
2023-09-22,0.105206,ITSA4
2023-10-20,0.046507,ITSA4
2023-12-01,0.022311,ITSA4
2023-12-19,0.075288,ITSA4
2024-02-23,0.284937,ITSA4
2024-03-01,0.022311,ITSA4
2024-03-22,0.066375,ITSA4
2024-06-03,0.022311,ITSA4
2024-06-21,0.089701,ITSA4
2024-09-02,0.022311,ITSA4
2024-09-20,0.045893,ITSA4
2024-12-02,0.022311,ITSA4
2024-12-12,0.057846,ITSA4
2025-02-18,0.60149,ITSA4
2025-03-05,0.047059,ITSA4
2025-06-02,0.02353,ITSA4
2025-06-23,0.0591,ITSA4
2018-08-20,0.162502,ITSA3
2018-09-03,0.011674,ITSA3
2018-12-03,0.015565,ITSA3
2018-12-18,0.006304,ITSA3
2019-02-22,0.242119,ITSA3
2019-03-01,0.015565,ITSA3
2019-06-03,0.015565,ITSA3
2019-08-16,0.265,ITSA3
2019-09-02,0.015565,ITSA3
2019-12-02,0.015565,ITSA3
2019-12-13,0.004631,ITSA3
2020-02-21,0.175888,ITSA3
2020-03-02,0.015565,ITSA3
2020-06-01,0.015565,ITSA3
2020-08-18,0.015565,ITSA3
2020-09-01,0.015565,ITSA3
2020-12-01,0.015565,ITSA3
2020-12-11,0.079111,ITSA3
2021-01-26,0.016188,ITSA3
2021-03-10,0.012029,ITSA3
2021-03-26,0.014849,ITSA3
2021-04-28,0.016585,ITSA3
2021-05-25,0.01432,ITSA3
2021-06-01,0.015565,ITSA3
2021-08-16,0.02906,ITSA3
2021-09-01,0.015565,ITSA3
2021-11-24,0.120413,ITSA3
2021-12-01,0.018312,ITSA3
2021-12-14,0.018312,ITSA3
2022-01-17,0.108963,ITSA3
2022-03-25,0.092644,ITSA3
2022-06-01,0.019228,ITSA3
2022-08-19,0.048786,ITSA3
2022-09-01,0.019227,ITSA3
2022-11-21,0.046329,ITSA3
2022-12-01,0.021151,ITSA3
2022-12-09,0.166746,ITSA3
2023-03-01,0.021151,ITSA3
2023-03-24,0.069485,ITSA3
2023-06-01,0.021151,ITSA3
2023-06-23,0.102834,ITSA3
2023-07-26,0.046293,ITSA3
2023-08-18,0.021243,ITSA3
2023-09-22,0.105179,ITSA3
2023-10-20,0.046496,ITSA3
2023-12-01,0.022305,ITSA3
2023-12-19,0.075269,ITSA3
2024-02-23,0.284864,ITSA3
2024-03-01,0.022305,ITSA3
2024-03-22,0.066358,ITSA3
2024-06-03,0.022305,ITSA3
2024-06-21,0.089678,ITSA3
2024-09-02,0.022305,ITSA3
2024-09-20,0.045882,ITSA3
2024-12-02,0.022305,ITSA3
2024-12-12,0.057831,ITSA3
2025-02-18,0.60149,ITSA3
2025-03-05,0.047059,ITSA3
2025-06-02,0.02353,ITSA3
2025-06-23,0.0591,ITSA3
2018-10-08,0.076498,SANB3
2019-01-08,0.612358,SANB3
2019-04-08,0.127585,SANB3
2019-07-08,0.127639,SANB3
2019-10-09,0.127661,SANB3
2020-01-06,0.995985,SANB3
2020-05-08,0.113712,SANB3
2020-08-07,0.098379,SANB3
2020-11-05,0.127763,SANB3
2021-01-11,0.084962,SANB3
2021-02-17,0.065425,SANB3
2021-05-10,0.38298,SANB3
2021-08-05,0.434044,SANB3
2021-11-05,0.38298,SANB3
2022-01-10,0.031786,SANB3
2022-02-11,0.382968,SANB3
2022-04-22,0.217241,SANB3
2022-08-15,0.217747,SANB3
2022-10-24,0.217734,SANB3
2023-01-27,0.217919,SANB3
2023-04-25,0.192029,SANB3
2023-07-21,0.192069,SANB3
2023-10-20,0.192079,SANB3
2024-01-22,0.191836,SANB3
2024-04-22,0.191619,SANB3
2024-07-22,0.191667,SANB3
2024-10-18,0.191655,SANB3
2025-01-23,0.191677,SANB3
2025-04-22,0.191388,SANB3
2025-07-18,0.255181,SANB3
2018-10-08,0.084148,SANB4
2019-01-08,0.673594,SANB4
2019-04-08,0.140343,SANB4
2019-07-08,0.140403,SANB4
2019-10-09,0.140427,SANB4
2020-01-06,1.095584,SANB4
2020-05-08,0.125084,SANB4
2020-08-07,0.108217,SANB4
2020-11-05,0.140539,SANB4
2021-01-11,0.093458,SANB4
2021-02-17,0.071968,SANB4
2021-05-10,0.421278,SANB4
2021-08-05,0.477449,SANB4
2021-11-05,0.421278,SANB4
2022-01-10,0.034965,SANB4
2022-02-11,0.421265,SANB4
2022-04-22,0.238964,SANB4
2022-08-15,0.239522,SANB4
2022-10-24,0.239508,SANB4
2023-01-27,0.239711,SANB4
2023-04-25,0.211232,SANB4
2023-07-21,0.211276,SANB4
2023-10-20,0.211287,SANB4
2024-01-22,0.21102,SANB4
2024-04-22,0.21078,SANB4
2024-07-22,0.210833,SANB4
2024-10-18,0.210821,SANB4
2025-01-23,0.210845,SANB4
2025-04-22,0.210527,SANB4
2025-07-18,0.280699,SANB4
2018-09-24,0.058709,B3SA3
2018-12-26,0.068975,B3SA3
2019-03-27,0.064317,B3SA3
2019-06-26,0.06349,B3SA3
2019-07-05,0.034401,B3SA3
2019-09-25,0.10587,B3SA3
2020-01-02,0.117948,B3SA3
2020-03-26,0.106022,B3SA3
2020-07-01,0.048932,B3SA3
2020-09-25,0.265538,B3SA3
2021-01-04,0.1858,B3SA3
2021-03-25,0.131045,B3SA3
2021-03-29,0.038161,B3SA3
2021-06-30,0.214651,B3SA3
2021-12-21,0.149451,B3SA3
2022-01-03,0.049777,B3SA3
2022-03-25,0.181475,B3SA3
2022-06-29,0.130776,B3SA3
2022-09-23,0.082875,B3SA3
2022-12-23,0.024203,B3SA3
2023-01-02,0.063981,B3SA3
2023-02-24,0.036728,B3SA3
2023-03-29,0.06023,B3SA3
2023-06-28,0.115354,B3SA3
2023-09-22,0.10571,B3SA3
2024-01-02,0.100519,B3SA3
2024-02-28,0.0669,B3SA3
2024-03-27,0.052453,B3SA3
2024-06-19,0.086087,B3SA3
2024-09-25,0.095661,B3SA3
2025-01-02,0.064034,B3SA3
2025-03-26,0.062828,B3SA3
2025-06-24,0.072682,B3SA3
2018-08-10,0.788043,BBSE3
2019-02-15,0.683892,BBSE3
2019-08-12,0.898819,BBSE3
2020-02-14,1.910841,BBSE3
2020-08-13,0.875255,BBSE3
2021-02-12,0.476121,BBSE3
2021-08-12,0.520874,BBSE3
2022-02-11,0.930048,BBSE3
2022-08-18,1.036045,BBSE3
2023-02-15,1.878577,BBSE3
2023-08-17,1.607637,BBSE3
2024-02-09,1.261289,BBSE3
2024-08-19,1.390909,BBSE3
2025-02-21,2.320161,BBSE3
2021-11-05,0.244612,CXSE3
2022-04-22,0.29579,CXSE3
2022-11-04,0.35278,CXSE3
2023-04-28,0.510369,CXSE3
2023-10-25,0.5,CXSE3
2024-04-29,0.566339,CXSE3
2024-08-02,0.28,CXSE3
2024-11-05,0.234,CXSE3
2025-01-06,0.311697,CXSE3
2025-05-02,0.320175,CXSE3
2025-08-04,0.31,CXSE3
2018-09-28,0.063733,RENT3
2018-12-20,0.070506,RENT3
2019-03-27,0.0912,RENT3
2019-05-06,0.009524,RENT3
2019-06-25,0.099305,RENT3
2019-09-10,0.098073,RENT3
2019-12-18,0.094348,RENT3
2020-03-16,0.088402,RENT3
2020-06-24,0.085632,RENT3
2020-09-11,0.086753,RENT3
2020-12-16,0.08433,RENT3
2021-03-30,0.08422,RENT3
2021-05-03,0.02395,RENT3
2021-06-30,0.095543,RENT3
2021-09-30,0.108462,RENT3
2021-12-20,0.128287,RENT3
2022-03-30,0.1457,RENT3
2022-05-02,0.272272,RENT3
2022-07-01,0.173751,RENT3
2022-09-29,0.352665,RENT3
2022-12-22,0.364198,RENT3
2023-03-29,0.367566,RENT3
2023-07-03,0.34765,RENT3
2023-09-28,0.405298,RENT3
2023-12-27,0.382055,RENT3
2024-04-02,0.38274,RENT3
2024-06-27,0.397984,RENT3
2024-09-26,0.399526,RENT3
2024-12-18,0.404691,RENT3
2025-03-27,0.456385,RENT3
2025-06-30,0.506194,RENT3
2018-11-07,0.385061,PSSA3
2019-04-01,0.384843,PSSA3
2019-06-26,0.357284,PSSA3
2019-10-30,0.318543,PSSA3
2020-04-01,0.491982,PSSA3
2020-06-30,0.298399,PSSA3
2020-11-03,0.27981,PSSA3
2021-04-01,0.821622,PSSA3
2021-07-30,0.345755,PSSA3
2021-11-01,0.277301,PSSA3
2022-04-01,0.03717,PSSA3
2022-08-31,0.623304,PSSA3
2022-11-01,0.087771,PSSA3
2023-06-30,0.589409,PSSA3
2023-09-29,0.250582,PSSA3
2023-12-28,0.530221,PSSA3
2024-04-01,0.299356,PSSA3
2024-09-30,0.409823,PSSA3
2025-01-02,0.421051,PSSA3
2025-03-31,0.605805,PSSA3
2025-06-27,0.483208,PSSA3
2018-09-27,0.13459,MULT3
2019-01-02,0.117766,MULT3
2019-06-28,0.184584,MULT3
2019-10-01,0.134171,MULT3
2020-01-02,0.150887,MULT3
2020-12-29,0.454975,MULT3
2021-12-29,0.4989,MULT3
2022-06-27,0.247154,MULT3
2022-09-28,0.170702,MULT3
2022-12-27,0.299001,MULT3
2023-03-31,0.128143,MULT3
2023-06-30,0.248168,MULT3
2023-09-28,0.206055,MULT3
2023-11-03,0.224954,MULT3
2023-12-28,0.188988,MULT3
2024-04-05,0.15483,MULT3
2024-06-27,0.233675,MULT3
2024-12-23,0.235329,MULT3
2025-01-02,0.409267,MULT3
2025-04-01,0.225157,MULT3
2025-06-30,0.245626,MULT3
2021-04-29,0.226403,ALOS3
2022-05-03,0.383932,ALOS3
2023-05-02,0.519014,ALOS3
2024-05-02,1.119397,ALOS3
2024-10-07,0.095312,ALOS3
2024-10-22,0.096151,ALOS3
2024-11-19,0.096451,ALOS3
2024-12-23,0.12011,ALOS3
2025-01-24,0.09091,ALOS3
2025-02-21,0.09135,ALOS3
2025-03-24,0.101603,ALOS3
2025-04-23,0.101521,ALOS3
2025-05-23,0.101521,ALOS3
2025-06-18,0.101917,ALOS3
2025-07-23,0.101917,ALOS3
2019-05-28,0.075945,BPAN4
2020-02-17,0.164307,BPAN4
2020-05-07,0.002695,BPAN4
2020-12-23,0.204247,BPAN4
2021-05-05,0.007274,BPAN4
2021-12-22,0.216654,BPAN4
2022-05-12,0.027291,BPAN4
2022-12-28,0.251339,BPAN4
2023-12-28,0.215123,BPAN4
2024-12-26,0.24149,BPAN4
2018-12-19,0.598713,CYRE3
2019-07-11,0.780383,CYRE3
2020-07-24,0.256908,CYRE3
2020-12-16,1.560452,CYRE3
2021-04-26,1.087273,CYRE3
2022-04-25,0.564779,CYRE3
2023-05-03,0.511295,CYRE3
2023-12-12,0.333404,CYRE3
2024-04-26,0.596783,CYRE3
2025-04-28,1.069137,CYRE3
2018-08-17,0.619844,BNBR3
2019-04-26,1.555295,BNBR3
2019-08-20,2.134369,BNBR3
2020-03-30,2.720542,BNBR3
2021-04-01,2.819561,BNBR3
2021-11-01,1.963046,BNBR3
2022-03-29,2.54804,BNBR3
2022-08-29,2.435487,BNBR3
2023-04-03,3.666922,BNBR3
2023-08-25,2.534377,BNBR3
2024-03-27,3.241811,BNBR3
2024-08-27,2.813906,BNBR3
2025-02-20,3.252083,BNBR3
2021-04-26,0.394004,CURY3
2021-12-08,0.171306,CURY3
2022-05-02,0.51535,CURY3
2023-01-25,0.206979,CURY3
2023-05-02,0.063293,CURY3
2023-09-25,0.517448,CURY3
2023-12-05,0.344965,CURY3
2024-05-02,0.40891,CURY3
2024-05-09,0.914158,CURY3
2024-10-07,0.344965,CURY3
2025-02-11,0.603689,CURY3
2025-04-22,0.532411,CURY3
2018-10-02,0.609765,DIRR3
2019-03-15,0.378434,DIRR3
2019-10-15,0.16598,DIRR3
2020-10-13,0.806662,DIRR3
2021-05-20,0.229052,DIRR3
2022-07-15,0.156021,DIRR3
2022-12-19,0.232372,DIRR3
2023-12-06,0.156667,DIRR3
2024-07-05,1.6,DIRR3
2024-09-18,0.46,DIRR3
2025-01-06,0.423333,DIRR3
2025-06-30,2.0,DIRR3
2019-04-23,0.039823,IGTI3
2020-07-09,0.011378,IGTI3
2021-04-28,0.011378,IGTI3
2022-05-02,0.048756,IGTI3
2023-03-06,0.013073,IGTI3
2023-04-24,0.039218,IGTI3
2024-02-26,0.023947,IGTI3
2024-04-19,0.072206,IGTI3
2025-02-24,0.024072,IGTI3
2025-04-22,0.07238,IGTI3
2019-01-02,0.518375,BRAP3
2019-05-02,0.478829,BRAP3
2019-12-30,0.64331,BRAP3
2020-11-12,1.612458,BRAP3
2021-04-01,0.585262,BRAP3
2021-07-16,1.433295,BRAP3
2021-12-17,5.494409,BRAP3
2022-05-02,1.433324,BRAP3
2022-11-10,1.385547,BRAP3
2022-12-27,0.155277,BRAP3
2023-04-28,1.122771,BRAP3
2023-11-22,1.624434,BRAP3
2024-04-30,0.740551,BRAP3
2024-11-13,0.816995,BRAP3
2024-12-20,0.19111,BRAP3
2025-04-28,0.836106,BRAP3
2019-01-02,0.570212,BRAP4
2019-05-02,0.526711,BRAP4
2019-12-30,0.707641,BRAP4
2020-11-12,1.773703,BRAP4
2021-04-01,0.643788,BRAP4
2021-07-16,1.576625,BRAP4
2021-12-17,6.04385,BRAP4
2022-05-02,1.576656,BRAP4
2022-11-10,1.524102,BRAP4
2022-12-27,0.170804,BRAP4
2023-04-28,1.235048,BRAP4
2023-11-22,1.786878,BRAP4
2024-04-30,0.367887,BRAP4
2024-11-13,0.898694,BRAP4
2024-12-20,0.210221,BRAP4
2025-04-28,0.919716,BRAP4
2019-01-02,0.52449,ABCB4
2019-07-05,0.543951,ABCB4
2020-01-02,0.477782,ABCB4
2020-08-13,0.154736,ABCB4
2021-01-07,0.331759,ABCB4
2021-04-01,0.208966,ABCB4
2021-07-01,0.214852,ABCB4
2021-10-07,0.227606,ABCB4
2022-01-03,0.247227,ABCB4
2022-04-01,0.307071,ABCB4
2022-07-01,0.345333,ABCB4
2022-10-03,0.355143,ABCB4
2023-01-02,0.362992,ABCB4
2023-07-03,0.829489,ABCB4
2024-01-02,0.741,ABCB4
2024-07-01,0.785,ABCB4
2024-12-30,0.86,ABCB4
2025-07-01,1.086,ABCB4
2018-08-16,0.215905,BRSR6
2018-10-30,0.171097,BRSR6
2018-12-07,0.073326,BRSR6
2018-12-27,0.10999,BRSR6
2019-03-08,0.31219,BRSR6
2019-05-02,0.03378,BRSR6
2019-05-17,0.284804,BRSR6
2019-06-06,0.07829,BRSR6
2019-08-13,0.273814,BRSR6
2019-11-12,0.260983,BRSR6
2020-03-11,0.246878,BRSR6
2020-12-11,0.102695,BRSR6
2020-12-30,0.048902,BRSR6
2021-01-04,0.078244,BRSR6
2021-03-08,0.22752,BRSR6
2021-05-03,0.055952,BRSR6
2021-06-04,0.242267,BRSR6
2021-09-06,0.257014,BRSR6
2021-12-16,0.171114,BRSR6
2022-03-17,0.333893,BRSR6
2022-06-13,0.37647,BRSR6
2022-09-13,0.110012,BRSR6
2022-12-15,0.024443,BRSR6
2023-03-16,0.366771,BRSR6
2023-05-04,0.03626,BRSR6
2023-06-15,0.342607,BRSR6
2023-09-14,0.171625,BRSR6
2024-03-18,0.122257,BRSR6
2024-05-02,0.183143,BRSR6
2024-06-17,0.122257,BRSR6
2024-09-13,0.122257,BRSR6
2024-12-02,0.244514,BRSR6
2024-12-19,0.200502,BRSR6
2025-03-17,0.220063,BRSR6
2025-05-06,0.087049,BRSR6
2025-06-13,0.220063,BRSR6
2018-08-16,0.215905,BRSR3
2018-10-30,0.171097,BRSR3
2018-12-07,0.073326,BRSR3
2018-12-27,0.109989,BRSR3
2019-03-08,0.31219,BRSR3
2019-05-02,0.03378,BRSR3
2019-05-17,0.284804,BRSR3
2019-06-06,0.07829,BRSR3
2019-08-13,0.273814,BRSR3
2019-11-12,0.260983,BRSR3
2020-03-11,0.246878,BRSR3
2020-12-11,0.102695,BRSR3
2020-12-30,0.048902,BRSR3
2021-01-04,0.078244,BRSR3
2021-03-08,0.22752,BRSR3
2021-05-03,0.055952,BRSR3
2021-06-04,0.242267,BRSR3
2021-09-06,0.257014,BRSR3
2021-12-16,0.171114,BRSR3
2022-03-17,0.333893,BRSR3
2022-06-13,0.37647,BRSR3
2022-09-13,0.110012,BRSR3
2022-12-15,0.024443,BRSR3
2023-03-16,0.366771,BRSR3
2023-05-04,0.03626,BRSR3
2023-06-15,0.342607,BRSR3
2023-09-14,0.171625,BRSR3
2024-03-18,0.122257,BRSR3
2024-05-02,0.183143,BRSR3
2024-06-17,0.122257,BRSR3
2024-09-13,0.122257,BRSR3
2024-12-02,0.244514,BRSR3
2024-12-19,0.200502,BRSR3
2025-03-17,0.220063,BRSR3
2025-05-06,0.087049,BRSR3
2025-06-13,0.220063,BRSR3
2021-12-09,0.193446,VAMO3
2022-12-27,0.258962,VAMO3
2023-05-08,0.017134,VAMO3
2023-12-20,0.319217,VAMO3
2024-12-02,0.268262,VAMO3
2019-04-29,1.427314,BAZA3
2020-04-07,3.553427,BAZA3
2021-04-23,2.575651,BAZA3
2022-05-02,6.809764,BAZA3
2023-04-25,5.55926,BAZA3
2024-04-29,6.625162,BAZA3
2025-04-29,8.012259,BAZA3
2018-08-16,0.031958,BSLI3
2018-09-06,0.026501,BSLI3
2018-11-09,0.02269,BSLI3
2018-12-10,0.075803,BSLI3
2019-09-03,0.026063,BSLI3
2019-10-02,0.087159,BSLI3
2019-12-04,0.028181,BSLI3
2020-03-03,0.169422,BSLI3
2020-06-02,0.074227,BSLI3
2020-09-02,0.064036,BSLI3
2020-12-02,0.08808,BSLI3
2020-12-16,0.035206,BSLI3
2021-03-02,0.044356,BSLI3
2021-06-02,0.116492,BSLI3
2021-09-02,0.123723,BSLI3
2021-12-02,0.190329,BSLI3
2022-02-04,0.653692,BSLI3
2022-03-10,0.173285,BSLI3
2022-06-02,0.070215,BSLI3
2022-09-12,0.119093,BSLI3
2023-03-16,0.000898,BSLI3
2023-06-02,0.043463,BSLI3
2023-09-22,0.092505,BSLI3
2024-05-24,0.073452,BSLI3
2024-12-18,0.004482,BSLI3
2025-04-15,0.117317,BSLI3
2024-12-18,0.027104152,BSLI4
2025-04-15,0.7094856,BSLI4
2019-02-26,0.331765,BMEB4
2020-02-27,0.343104,BMEB4
2021-02-19,0.42686,BMEB4
2021-08-17,0.222723,BMEB4
2022-02-22,0.29374,BMEB4
2022-10-04,0.279408,BMEB4
2023-03-13,0.308633,BMEB4
2023-08-14,0.493612,BMEB4
2023-12-28,0.825383,BMEB4
2024-07-30,1.034904,BMEB4
2024-12-23,1.166803,BMEB4
2025-02-10,0.024559,BMEB4
2018-11-08,4.45813,IRBR3
2019-03-22,16.24184,IRBR3
2019-11-19,4.90134,IRBR3
2020-08-17,0.771892,IRBR3
2019-04-04,0.116414,JHSF3
2019-12-30,0.083152,JHSF3
2020-08-19,0.078771,JHSF3
2020-10-08,0.067137,JHSF3
2021-04-05,0.210369,JHSF3
2021-10-15,0.183471,JHSF3
2022-03-04,0.160656,JHSF3
2022-12-16,0.048048,JHSF3
2023-01-18,0.047941,JHSF3
2023-02-15,0.047941,JHSF3
2023-03-17,0.047941,JHSF3
2023-04-20,0.047941,JHSF3
2023-05-19,0.047941,JHSF3
2023-06-20,0.047941,JHSF3
2023-07-27,0.044253,JHSF3
2023-08-11,0.044253,JHSF3
2023-09-12,0.044253,JHSF3
2023-12-28,0.030731,JHSF3
2024-02-01,0.030805,JHSF3
2024-03-01,0.030819,JHSF3
2024-04-01,0.030819,JHSF3
2024-04-30,0.030865,JHSF3
2024-05-31,0.030887,JHSF3
2024-07-01,0.030949,JHSF3
2024-08-01,0.030949,JHSF3
2024-08-30,0.030949,JHSF3
2024-10-01,0.030977,JHSF3
2024-11-01,0.030977,JHSF3
2024-11-29,0.030977,JHSF3
2024-12-30,0.030977,JHSF3
2025-01-31,0.031078,JHSF3
2025-02-26,0.030986,JHSF3
2025-04-04,0.030986,JHSF3
2025-04-30,0.031034,JHSF3
2025-05-30,0.031109,JHSF3
2025-07-02,0.031161,JHSF3
2025-08-01,0.031161,JHSF3
2021-05-03,0.195832,PLPL3
2022-05-02,0.161174,PLPL3
2023-05-02,0.160141,PLPL3
2024-01-19,0.504398,PLPL3
2025-01-29,1.006013,PLPL3
2019-04-29,0.140397,EZTC3
2020-04-29,0.294083,EZTC3
2021-04-30,0.423955,EZTC3
2022-03-23,0.460337,EZTC3
2022-05-18,0.112468,EZTC3
2022-08-17,0.090505,EZTC3
2022-11-18,0.11479,EZTC3
2023-03-24,0.03431,EZTC3
2023-05-19,0.045975,EZTC3
2023-08-18,0.082025,EZTC3
2023-11-17,0.042584,EZTC3
2024-03-22,0.090152,EZTC3
2024-05-10,0.061742,EZTC3
2024-08-09,0.096539,EZTC3
2024-11-06,0.832041,EZTC3
2025-03-21,0.137898,EZTC3
2025-05-23,0.102457,EZTC3
2018-12-18,0.249945,TEND3
2019-04-30,0.135598,TEND3
2019-06-13,0.119878,TEND3
2019-08-23,0.174892,TEND3
2019-11-25,0.154637,TEND3
2020-07-13,0.180233,TEND3
2020-09-30,0.136601,TEND3
2020-11-11,0.166407,TEND3
2021-05-03,0.174028,TEND3
2024-12-09,0.170623,TEND3
2018-09-03,0.019942,BEES4
2018-10-01,0.019942,BEES4
2018-11-01,0.019942,BEES4
2018-12-03,0.019942,BEES4
2019-01-02,0.019942,BEES4
2019-02-01,0.020575,BEES4
2019-03-01,0.020575,BEES4
2019-04-01,0.020575,BEES4
2019-05-02,0.020575,BEES4
2019-05-07,0.039044,BEES4
2019-06-03,0.020575,BEES4
2019-07-01,0.020575,BEES4
2019-07-19,0.015827,BEES4
2019-08-01,0.020575,BEES4
2019-09-02,0.020575,BEES4
2019-10-01,0.020575,BEES4
2019-11-01,0.020575,BEES4
2019-12-02,0.020575,BEES4
2020-01-02,0.020575,BEES4
2020-02-03,0.021208,BEES4
2020-03-02,0.021208,BEES4
2020-04-01,0.021208,BEES4
2020-05-04,0.021208,BEES4
2020-05-08,0.017434,BEES4
2020-09-01,0.009496,BEES4
2020-10-01,0.009496,BEES4
2020-11-03,0.009496,BEES4
2020-12-01,0.009496,BEES4
2021-01-04,0.009496,BEES4
2021-02-01,0.018992,BEES4
2021-03-01,0.018992,BEES4
2021-04-01,0.018992,BEES4
2021-05-03,0.018992,BEES4
2021-05-07,0.07688,BEES4
2021-06-01,0.018992,BEES4
2021-07-01,0.018992,BEES4
2021-08-02,0.018992,BEES4
2021-09-01,0.018992,BEES4
2021-10-01,0.018992,BEES4
2021-11-01,0.018992,BEES4
2021-12-01,0.018992,BEES4
2021-12-17,0.037291,BEES4
2022-01-03,0.018992,BEES4
2022-02-01,0.020575,BEES4
2022-03-02,0.020575,BEES4
2022-04-01,0.020575,BEES4
2022-05-02,0.020575,BEES4
2022-05-05,0.181503,BEES4
2022-06-01,0.020575,BEES4
2022-07-01,0.095401,BEES4
2022-08-01,0.020575,BEES4
2022-09-01,0.020575,BEES4
2022-10-03,0.020575,BEES4
2022-11-01,0.020575,BEES4
2022-12-01,0.020575,BEES4
2022-12-16,0.083343,BEES4
2023-01-02,0.020575,BEES4
2023-02-01,0.022158,BEES4
2023-03-01,0.022158,BEES4
2023-04-03,0.022158,BEES4
2023-05-02,0.022158,BEES4
2023-05-04,0.18043,BEES4
2023-06-01,0.022158,BEES4
2023-07-03,0.022158,BEES4
2023-07-04,0.102014,BEES4
2023-08-01,0.022158,BEES4
2023-09-01,0.022158,BEES4
2023-10-02,0.022158,BEES4
2023-11-01,0.022158,BEES4
2023-12-01,0.107924,BEES4
2024-01-02,0.022158,BEES4
2024-01-03,0.022791,BEES4
2024-02-02,0.022791,BEES4
2024-03-04,0.022791,BEES4
2024-04-02,0.022791,BEES4
2024-05-03,0.206386,BEES4
2024-06-04,0.022791,BEES4
2024-06-28,0.09219,BEES4
2024-07-02,0.022791,BEES4
2024-08-02,0.022791,BEES4
2024-09-03,0.022791,BEES4
2024-10-02,0.022791,BEES4
2024-11-04,0.022791,BEES4
2024-11-29,0.114508,BEES4
2024-12-03,0.022791,BEES4
2025-01-03,0.023741,BEES4
2025-02-04,0.023741,BEES4
2025-03-06,0.023741,BEES4
2025-04-02,0.023741,BEES4
2025-05-05,0.023741,BEES4
2025-06-03,0.023741,BEES4
2025-07-02,0.023741,BEES4
2025-07-04,0.119473,BEES4
2025-08-04,0.023741,BEES4
2018-09-03,0.019942,BEES3
2018-10-01,0.019942,BEES3
2018-11-01,0.019942,BEES3
2018-12-03,0.019942,BEES3
2019-01-02,0.019942,BEES3
2019-02-01,0.020575,BEES3
2019-03-01,0.020575,BEES3
2019-04-01,0.020575,BEES3
2019-05-02,0.020575,BEES3
2019-05-07,0.039044,BEES3
2019-06-03,0.020575,BEES3
2019-07-01,0.020575,BEES3
2019-07-19,0.015827,BEES3
2019-08-01,0.020575,BEES3
2019-09-02,0.020575,BEES3
2019-10-01,0.020575,BEES3
2019-11-01,0.020575,BEES3
2019-12-02,0.020575,BEES3
2020-01-02,0.020575,BEES3
2020-02-03,0.021208,BEES3
2020-03-02,0.021208,BEES3
2020-04-01,0.021208,BEES3
2020-05-04,0.021208,BEES3
2020-05-08,0.017434,BEES3
2020-09-01,0.009496,BEES3
2020-10-01,0.009496,BEES3
2020-11-03,0.009496,BEES3
2020-12-01,0.009496,BEES3
2021-01-04,0.009496,BEES3
2021-02-01,0.018992,BEES3
2021-03-01,0.018992,BEES3
2021-04-01,0.018992,BEES3
2021-05-03,0.018992,BEES3
2021-05-07,0.07688,BEES3
2021-06-01,0.018992,BEES3
2021-07-01,0.018992,BEES3
2021-08-02,0.018992,BEES3
2021-09-01,0.018992,BEES3
2021-10-01,0.018992,BEES3
2021-11-01,0.018992,BEES3
2021-12-01,0.018992,BEES3
2021-12-17,0.037291,BEES3
2022-01-03,0.018992,BEES3
2022-02-01,0.020575,BEES3
2022-03-02,0.020575,BEES3
2022-04-01,0.020575,BEES3
2022-05-02,0.020575,BEES3
2022-05-05,0.181503,BEES3
2022-06-01,0.020575,BEES3
2022-07-01,0.095401,BEES3
2022-08-01,0.020575,BEES3
2022-09-01,0.020575,BEES3
2022-10-03,0.020575,BEES3
2022-11-01,0.020575,BEES3
2022-12-01,0.020575,BEES3
2022-12-16,0.083343,BEES3
2023-01-02,0.020575,BEES3
2023-02-01,0.022158,BEES3
2023-03-01,0.022158,BEES3
2023-04-03,0.022158,BEES3
2023-05-02,0.022158,BEES3
2023-05-04,0.18043,BEES3
2023-06-01,0.022158,BEES3
2023-07-03,0.022158,BEES3
2023-07-04,0.102014,BEES3
2023-08-01,0.022158,BEES3
2023-09-01,0.022158,BEES3
2023-10-02,0.022158,BEES3
2023-11-01,0.022158,BEES3
2023-12-01,0.107924,BEES3
2024-01-02,0.022158,BEES3
2024-01-03,0.022791,BEES3
2024-02-02,0.022791,BEES3
2024-03-04,0.022791,BEES3
2024-04-02,0.022791,BEES3
2024-05-03,0.206386,BEES3
2024-06-04,0.022791,BEES3
2024-06-28,0.09219,BEES3
2024-07-02,0.022791,BEES3
2024-08-02,0.022791,BEES3
2024-09-03,0.022791,BEES3
2024-10-02,0.022791,BEES3
2024-11-04,0.022791,BEES3
2024-11-29,0.114508,BEES3
2024-12-03,0.022791,BEES3
2025-01-03,0.023741,BEES3
2025-02-04,0.023741,BEES3
2025-03-06,0.023741,BEES3
2025-04-02,0.023741,BEES3
2025-05-05,0.023741,BEES3
2025-06-03,0.023741,BEES3
2025-07-02,0.023741,BEES3
2025-07-04,0.119473,BEES3
2025-08-04,0.023741,BEES3
2021-05-27,0.023523,MILS3
2021-08-18,0.081411,MILS3
2021-11-18,0.082429,MILS3
2022-05-02,0.053273,MILS3
2022-06-09,0.08886,MILS3
2022-09-08,0.056552,MILS3
2022-12-07,0.063595,MILS3
2023-04-03,0.076724,MILS3
2023-04-28,0.005003,MILS3
2023-06-27,0.076009,MILS3
2023-09-27,0.069546,MILS3
2023-12-28,0.070799,MILS3
2024-03-27,0.080581,MILS3
2024-05-03,0.00661,MILS3
2024-06-28,0.093894,MILS3
2024-08-20,0.213446,MILS3
2025-01-02,0.228776,MILS3
2025-04-14,0.060602,MILS3
2021-04-28,0.10349,LAVV3
2021-10-19,0.576393,LAVV3
2022-04-27,0.208622,LAVV3
2022-05-02,0.087917,LAVV3
2022-08-31,0.307008,LAVV3
2023-03-15,0.179088,LAVV3
2023-05-17,0.03112,LAVV3
2023-08-16,0.084018,LAVV3
2023-11-17,0.059019,LAVV3
2023-12-14,0.307008,LAVV3
2024-03-15,0.107114,LAVV3
2024-05-17,0.085072,LAVV3
2024-08-16,0.080334,LAVV3
2024-11-18,0.307008,LAVV3
2025-02-11,0.409345,LAVV3
2025-05-16,0.105611,LAVV3
2018-10-29,0.095728,MOVI3
2018-12-21,0.142864,MOVI3
2019-07-01,0.075393,MOVI3
2019-09-30,0.067174,MOVI3
2019-10-04,0.093238,MOVI3
2020-01-06,0.133723,MOVI3
2021-01-06,0.147814,MOVI3
2021-06-29,0.080166,MOVI3
2021-06-30,0.090564,MOVI3
2021-09-30,0.076775,MOVI3
2021-12-30,0.125375,MOVI3
2022-03-31,0.149454,MOVI3
2022-05-05,0.246834,MOVI3
2022-07-01,0.146552,MOVI3
2022-10-03,0.152055,MOVI3
2022-12-27,0.151805,MOVI3
2023-05-04,0.120779,MOVI3
2024-12-30,0.15371,MOVI3
2025-05-02,0.023924,MOVI3
2019-12-20,0.249,BMGB4
2020-12-30,0.177892,BMGB4
2021-12-28,0.31551,BMGB4
2022-10-24,0.239164,BMGB4
2022-12-23,0.124707,BMGB4
2023-04-25,0.02,BMGB4
2023-10-24,0.01992,BMGB4
2023-12-22,0.3356,BMGB4
2024-04-23,0.084,BMGB4
2024-07-23,0.083664,BMGB4
2024-10-22,0.083664,BMGB4
2024-12-05,0.117528,BMGB4
2025-04-03,0.0996,BMGB4
2025-07-25,0.1,BMGB4
2018-10-17,0.762051,AGRO3
2019-10-17,0.92933,AGRO3
2020-10-19,0.709664,AGRO3
2021-10-28,2.621181,AGRO3
2022-04-08,2.016293,AGRO3
2022-10-28,3.238673,AGRO3
2023-10-25,3.212353,AGRO3
2024-10-23,1.555983,AGRO3
2024-11-13,0.65,MDNE3
2025-05-22,0.590891,MDNE3
2020-05-04,0.144301,EVEN3
2021-04-29,0.564208,EVEN3
2021-06-21,0.193117,EVEN3
2021-12-21,0.073469,EVEN3
2022-11-21,0.150012,EVEN3
2023-09-21,0.251767,EVEN3
2023-12-20,0.251718,EVEN3
2024-05-17,0.301739,EVEN3
2024-10-09,0.4,EVEN3
2023-01-31,0.061264,PINE3
2023-08-01,0.100168,PINE3
2024-01-09,0.207128,PINE3
2024-04-12,0.079674,PINE3
2024-07-09,0.081053,PINE3
2024-10-11,0.159371,PINE3
2024-10-15,0.076633,PINE3
2025-01-07,0.080554,PINE3
2025-02-20,0.013778,PINE3
2025-04-11,0.082329,PINE3
2025-07-17,0.109889,PINE3
2023-01-31,0.061514,PINE4
2023-08-01,0.100576,PINE4
2024-01-09,0.207972,PINE4
2024-04-12,0.079999,PINE4
2024-07-09,0.081383,PINE4
2024-10-11,0.159371,PINE4
2024-10-15,0.076633,PINE4
2025-01-07,0.080554,PINE4
2025-02-20,0.013778,PINE4
2025-04-11,0.082329,PINE4
2025-07-17,0.109937,PINE4
2019-04-25,1.111435,WIZC3
2020-03-24,0.668806,WIZC3
2021-04-16,0.608872,WIZC3
2022-04-20,0.587949,WIZC3
2023-05-02,0.445192,WIZC3
2024-04-30,0.246244,WIZC3
2025-04-28,0.250319,WIZC3
2021-11-22,0.067263,ARML3
2022-04-04,0.044992,ARML3
2022-05-06,0.071208,ARML3
2022-07-01,0.073288,ARML3
2022-09-28,0.09853,ARML3
2022-12-29,0.118727,ARML3
2023-04-04,0.034749,ARML3
2023-07-06,0.086874,ARML3
2023-10-03,0.049196,ARML3
2024-04-03,0.069437,ARML3
2024-07-04,0.173345,ARML3
2024-10-07,0.075108,ARML3
2025-04-16,0.068164,ARML3
2019-05-02,0.066147,SCAR3
2019-11-12,0.301212,SCAR3
2020-05-04,0.063011,SCAR3
2021-05-03,0.366203,SCAR3
2022-05-03,0.143764,SCAR3
2024-05-03,1.742338,SCAR3
2018-10-26,1.002811,SYNE3
2020-05-04,0.048216,SYNE3
2020-12-10,0.884408,SYNE3
2021-05-03,0.078818,SYNE3
2021-12-20,8.188964,SYNE3
2022-05-17,0.524093,SYNE3
2024-08-21,2.882516,SYNE3
2025-04-30,0.458582,SYNE3
2022-04-27,0.204923,LAND3
2023-03-20,1.354462,LAND3
2024-04-29,0.086931,LAND3
2025-04-25,0.072401,LAND3
2019-04-29,3.006696,PEAB4
2019-09-12,1.270501,PEAB4
2020-04-29,2.718423,PEAB4
2020-11-19,32.610004,PEAB4
2021-05-24,0.768998,PEAB4
2021-11-17,11.65808,PEAB4
2022-04-04,0.918889,PEAB4
2022-05-02,0.602088,PEAB4
2022-11-18,0.524484,PEAB4
2023-08-24,0.3261,PEAB4
2024-04-01,0.071423,PEAB4
2024-05-02,0.75986,PEAB4
2024-11-21,0.578304,PEAB4
2025-05-02,0.289152,PEAB4
2018-11-26,0.746169,BGIP4
2019-07-04,0.764557,BGIP4
2020-02-27,0.582299,BGIP4
2020-07-24,0.183895,BGIP4
2021-03-04,0.882937,BGIP4
2021-08-19,0.335332,BGIP4
2022-02-25,1.073062,BGIP4
2023-02-24,2.414391,BGIP4
2023-08-18,1.280182,BGIP4
2024-02-29,1.130114,BGIP4
2024-08-20,1.236321,BGIP4
2025-02-03,2.081134,BGIP4
2025-04-11,0.904669,BGIP4
2021-05-06,0.433888,MTRE3
2021-11-18,0.117641,MTRE3
2022-03-08,0.100797,MTRE3
2022-05-19,0.066519,MTRE3
2022-09-19,0.042607,MTRE3
2022-11-17,0.117521,MTRE3
2023-03-27,0.086194,MTRE3
2023-05-19,0.169396,MTRE3
2023-08-15,0.503552,MTRE3
2024-04-25,0.02775,MTRE3
2024-05-24,0.02775,MTRE3
2024-06-21,0.02775,MTRE3
2024-07-22,0.02775,MTRE3
2024-08-23,0.02775,MTRE3
2024-09-24,0.037816,MTRE3
2024-10-25,0.037816,MTRE3
2024-11-22,0.037816,MTRE3
2024-12-20,0.04727,MTRE3
2025-01-24,0.04727,MTRE3
2025-02-21,0.04727,MTRE3
2025-03-24,0.037816,MTRE3
2025-04-17,0.037816,MTRE3
2025-05-21,0.037816,MTRE3
2025-06-17,0.04727,MTRE3
2025-07-18,0.04727,MTRE3
2020-01-28,0.0007,RPAD3
2022-08-16,0.0007,RPAD3
2022-04-18,1.288051,SNCI11
2022-05-16,1.436672,SNCI11
2022-06-17,1.399544,SNCI11
2022-07-18,1.299577,SNCI11
2022-08-16,1.249593,SNCI11
2022-09-16,1.149626,SNCI11
2022-10-17,1.0,SNCI11
2022-11-16,1.0,SNCI11
2022-12-16,1.0,SNCI11
2023-01-16,1.0,SNCI11
2023-02-16,1.0,SNCI11
2023-03-16,1.0,SNCI11
2023-04-17,1.05,SNCI11
2023-05-16,1.1,SNCI11
2023-06-16,1.1,SNCI11
2023-07-17,1.1,SNCI11
2023-08-16,1.0,SNCI11
2023-09-18,1.0,SNCI11
2023-10-16,1.0,SNCI11
2023-11-16,1.0,SNCI11
2023-12-18,1.0,SNCI11
2024-01-16,1.0,SNCI11
2024-02-16,0.9,SNCI11
2024-03-18,0.87,SNCI11
2024-04-16,0.93,SNCI11
2024-05-16,0.9,SNCI11
2024-06-17,0.95,SNCI11
2024-07-16,1.0,SNCI11
2024-08-16,1.0,SNCI11
2024-09-16,1.0,SNCI11
2024-10-16,1.0,SNCI11
2024-11-18,1.0,SNCI11
2024-12-16,1.0,SNCI11
2025-01-16,1.0,SNCI11
2025-02-17,1.0,SNCI11
2025-03-17,1.0,SNCI11
2025-04-16,1.0,SNCI11
2025-05-16,1.0,SNCI11
2025-06-16,1.0,SNCI11
2025-07-16,1.0,SNCI11
2021-10-13,1.180616,IRIM11
2021-11-11,1.436516,IRIM11
2021-12-10,1.388935,IRIM11
2022-01-12,1.497595,IRIM11
2022-02-10,1.39816,IRIM11
2022-03-11,1.8867,IRIM11
2022-04-12,1.143706,IRIM11
2022-05-11,1.510579,IRIM11
2022-06-10,1.454777,IRIM11
2022-07-12,1.58398,IRIM11
2022-08-10,1.646299,IRIM11
2022-09-13,1.157422,IRIM11
2022-10-13,1.148525,IRIM11
2022-11-11,0.701986,IRIM11
2022-12-12,0.714652,IRIM11
2023-01-11,0.928735,IRIM11
2023-02-10,1.015216,IRIM11
2023-03-10,1.016782,IRIM11
2023-04-13,1.034952,IRIM11
2023-05-11,0.934438,IRIM11
2023-06-13,1.044271,IRIM11
2023-07-12,1.092136,IRIM11
2023-08-10,0.859072,IRIM11
2023-09-13,0.894518,IRIM11
2023-10-11,0.776833,IRIM11
2023-11-13,0.788245,IRIM11
2023-12-12,1.0,IRIM11
2024-01-11,0.74,IRIM11
2024-02-14,0.77,IRIM11
2024-03-12,0.83,IRIM11
2024-04-10,0.8,IRIM11
2024-05-13,0.88,IRIM11
2024-06-12,0.86,IRIM11
2024-07-10,0.76,IRIM11
2024-08-12,0.76,IRIM11
2024-09-11,0.8,IRIM11
2024-10-10,0.82,IRIM11
2024-11-12,0.85,IRIM11
2024-12-11,0.8,IRIM11
2025-01-13,1.05,IRIM11
2025-02-12,0.8,IRIM11
2025-03-14,0.82,IRIM11
2025-04-10,0.76,IRIM11
2025-05-13,0.85,IRIM11
2025-06-11,0.83,IRIM11
2025-07-10,0.9,IRIM11
2020-04-24,0.009054,RDNI3
2021-04-26,0.009985,RDNI3
2022-04-27,0.05717,RDNI3
2023-04-26,0.144192,RDNI3
2019-03-07,1.4,BMIN4
2020-03-04,1.4,BMIN4
2021-03-02,1.4,BMIN4
2021-08-18,0.549845,BMIN4
2022-03-04,0.850155,BMIN4
2023-03-13,1.589625,BMIN4
2024-01-31,1.4,BMIN4
2025-02-10,1.4,BMIN4
2024-10-08,0.07,RENV11
2024-11-12,0.095,RENV11
2024-12-09,0.07,RENV11
2025-03-12,0.021,RENV11
2022-05-02,0.34131,IGTI11
2023-03-06,0.091508,IGTI11
2023-04-24,0.274525,IGTI11
2024-02-26,0.16763,IGTI11
2024-04-19,0.50544,IGTI11
2025-02-24,0.168504,IGTI11
2025-04-22,0.506662,IGTI11
2022-03-24,0.313647,BRBI11
2022-08-19,0.39,BRBI11
2022-11-21,0.18,BRBI11
2023-05-18,0.12,BRBI11
2023-08-17,0.24,BRBI11
2023-11-17,0.66,BRBI11
2024-05-15,0.3,BRBI11
2024-08-14,0.3,BRBI11
2024-11-13,0.45,BRBI11
2025-05-14,0.3,BRBI11
2022-08-11,0.74,RBIF11
2022-09-15,0.75,RBIF11
2022-10-10,0.95,RBIF11
2022-11-09,0.92,RBIF11
2022-12-09,1.0,RBIF11
2023-01-09,0.99,RBIF11
2023-02-13,0.6,RBIF11
2023-03-10,0.1,RBIF11
2023-04-10,0.34,RBIF11
2023-05-04,0.94,RBIF11
2023-06-05,1.35,RBIF11
2023-07-11,1.65,RBIF11
2023-08-02,1.34,RBIF11
2023-09-12,1.09,RBIF11
2023-11-07,0.89,RBIF11
2023-12-01,0.89,RBIF11
2024-01-02,0.94,RBIF11
2024-02-01,0.93,RBIF11
2024-03-01,0.91,RBIF11
2024-04-01,0.9,RBIF11
2024-05-07,1.4,RBIF11
2024-06-05,1.25,RBIF11
2024-07-15,1.05,RBIF11
2024-08-02,0.92,RBIF11
2024-09-03,0.95,RBIF11
2024-10-02,0.95,RBIF11
2024-11-04,0.9,RBIF11
2025-01-06,0.92,RBIF11
2025-02-04,0.87,RBIF11
2025-03-06,0.97,RBIF11
2025-04-01,0.92,RBIF11
2025-05-02,0.92,RBIF11
2025-06-02,0.92,RBIF11
2025-07-01,0.96,RBIF11
2018-08-10,0.477069,TAEE11
2018-11-12,0.71157,TAEE11
2018-12-18,0.399275,TAEE11
2019-05-06,0.16595,TAEE11
2019-05-20,0.280836,TAEE11
2019-08-09,0.722007,TAEE11
2019-11-21,0.541491,TAEE11
2019-12-17,0.180416,TAEE11
2020-05-20,0.7017,TAEE11
2020-08-18,0.81076,TAEE11
2020-11-17,1.361941,TAEE11
2020-12-16,0.157381,TAEE11
2021-05-05,1.631192,TAEE11
2021-05-19,1.354363,TAEE11
2021-12-07,1.518146,TAEE11
2022-05-10,1.896324,TAEE11
2022-08-16,1.470929,TAEE11
2022-11-16,0.929519,TAEE11
2023-01-11,1.335273,TAEE11
2023-05-04,0.075612,TAEE11
2023-08-08,0.909844,TAEE11
2023-11-14,0.593779,TAEE11
2024-01-04,0.66184,TAEE11
2024-05-06,1.132902,TAEE11
2024-05-14,0.420591,TAEE11
2024-08-16,0.648124,TAEE11
2024-11-12,0.668999,TAEE11
2025-04-30,0.875206,TAEE11
2025-05-13,0.546522,TAEE11
2018-08-10,0.159023,TAEE3
2018-11-12,0.23719,TAEE3
2018-12-18,0.133091,TAEE3
2019-05-06,0.055316,TAEE3
2019-05-20,0.093612,TAEE3
2019-08-09,0.240669,TAEE3
2019-11-21,0.180497,TAEE3
2019-12-17,0.060138,TAEE3
2020-05-20,0.233883,TAEE3
2020-08-18,0.270253,TAEE3
2020-11-17,0.45398,TAEE3
2020-12-16,0.05246,TAEE3
2021-05-05,0.54373,TAEE3
2021-05-19,0.451454,TAEE3
2021-12-07,0.506048,TAEE3
2022-05-10,0.142246,TAEE3
2022-08-16,0.49031,TAEE3
2022-11-16,0.30984,TAEE3
2023-01-11,0.445091,TAEE3
2023-05-04,0.025204,TAEE3
2023-08-08,0.303281,TAEE3
2023-11-14,0.197926,TAEE3
2024-01-04,0.220613,TAEE3
2024-05-06,0.377634,TAEE3
2024-05-14,0.140197,TAEE3
2024-08-16,0.216041,TAEE3
2024-11-12,0.223,TAEE3
2025-04-30,0.291735,TAEE3
2025-05-13,0.182174,TAEE3
2018-08-10,0.159023,TAEE4
2018-11-12,0.23719,TAEE4
2018-12-18,0.133092,TAEE4
2019-05-06,0.055316,TAEE4
2019-05-20,0.093612,TAEE4
2019-08-09,0.240669,TAEE4
2019-11-21,0.180497,TAEE4
2019-12-17,0.060138,TAEE4
2020-05-20,0.23388,TAEE4
2020-08-18,0.270253,TAEE4
2020-11-17,0.45398,TAEE4
2020-12-16,0.05246,TAEE4
2021-05-05,0.54373,TAEE4
2021-05-19,0.451454,TAEE4
2021-12-07,0.506048,TAEE4
2022-05-10,0.142246,TAEE4
2022-08-16,0.49031,TAEE4
2022-11-16,0.043696,TAEE4
2023-01-11,0.445091,TAEE4
2023-05-04,0.025204,TAEE4
2023-08-08,0.303281,TAEE4
2023-11-14,0.197926,TAEE4
2024-01-04,0.220613,TAEE4
2024-05-06,0.377634,TAEE4
2024-05-14,0.140197,TAEE4
2024-08-16,0.216041,TAEE4
2024-11-12,0.223,TAEE4
2025-04-30,0.291735,TAEE4
2025-05-13,0.182174,TAEE4
2019-06-03,0.139977,LOGG3
2020-05-20,0.211742,LOGG3
2021-03-08,0.325427,LOGG3
2022-02-15,0.866635,LOGG3
2023-02-14,0.917768,LOGG3
2024-02-14,0.697624,LOGG3
2024-12-11,1.717672,LOGG3
2025-05-06,0.235626,LOGG3
2021-12-30,0.053947,PRNR3
2022-05-05,0.039309,PRNR3
2022-12-15,0.257026,PRNR3
2024-05-03,0.072442,PRNR3
2025-04-30,0.051595,PRNR3
2021-04-27,0.00636,MELK3
2021-11-17,0.207731,MELK3
2021-12-23,0.069243,MELK3
2022-04-26,0.090834,MELK3
2022-05-20,0.029676,MELK3
2022-08-19,0.034622,MELK3
2022-11-17,0.054406,MELK3
2023-05-02,0.278001,MELK3
2023-10-05,0.196328,MELK3
2023-12-18,0.086228,MELK3
2024-04-30,0.204284,MELK3
2024-12-17,0.195841,MELK3
2025-03-19,0.734315,MELK3
2025-04-30,0.136066,MELK3
2025-06-26,0.108054,MELK3
2019-04-30,0.858499,ELET3
2020-07-30,1.625384,ELET3
2021-02-04,1.435129,ELET3
2021-04-28,0.96313,ELET3
2022-04-25,0.773505,ELET3
2023-04-28,0.220929,ELET3
2024-04-29,0.403802,ELET3
2024-12-30,0.862972,ELET3
2025-04-30,0.895233,ELET3
2019-04-30,1.471306,ELET6
2020-07-30,1.787923,ELET6
2021-02-04,1.578642,ELET6
2021-04-28,1.05945,ELET6
2022-04-25,1.614105,ELET6
2023-04-28,1.493652,ELET6
2024-04-29,1.823064,ELET6
2024-12-30,1.823064,ELET6
2025-04-30,0.111042,ELET6
2019-04-30,1.159,SBSP3
2020-04-29,1.3767,SBSP3
2021-04-30,0.3979,SBSP3
2022-04-29,0.9427,SBSP3
2023-05-02,1.276,SBSP3
2024-04-26,1.4404,SBSP3
2025-04-30,3.730472,SBSP3
2019-05-02,0.480182,CPFE3
2020-07-28,1.800973,CPFE3
2021-05-03,1.501834,CPFE3
2021-09-01,1.501832,CPFE3
2021-12-10,0.697762,CPFE3
2022-05-02,3.242281,CPFE3
2023-05-02,2.102229,CPFE3
2023-08-18,0.783358,CPFE3
2019-05-02,0.188489,EQTL3
2020-07-20,0.317424,EQTL3
2021-05-03,0.714276,EQTL3
2022-05-02,0.634912,EQTL3
2023-05-02,0.347628,EQTL3
2024-05-02,0.447184,EQTL3
2025-01-14,0.089125,EQTL3
2025-05-02,0.700169,EQTL3
2018-08-21,1.404581,EGIE3
2018-11-13,0.8,EGIE3
2018-12-27,0.486562,EGIE3
2019-05-07,0.094006,EGIE3
2019-12-03,1.528812,EGIE3
2020-08-10,0.830573,EGIE3
2020-12-21,0.214479,EGIE3
2021-05-12,0.747117,EGIE3
2021-08-17,0.967632,EGIE3
2021-12-30,0.073535,EGIE3
2022-02-25,0.782752,EGIE3
2022-05-12,0.673831,EGIE3
2022-08-17,0.708254,EGIE3
2022-11-22,0.579481,EGIE3
2022-12-23,0.24512,EGIE3
2023-05-09,1.783441,EGIE3
2023-08-22,0.940279,EGIE3
2023-12-22,0.177712,EGIE3
2024-05-07,1.218803,EGIE3
2024-08-22,1.143246,EGIE3
2024-12-20,0.3064,EGIE3
2025-05-07,0.876481,EGIE3
2018-12-28,0.097515,CPLE3
2019-04-30,0.034435,CPLE3
2019-12-26,0.224235,CPLE3
2020-12-29,0.281832,CPLE3
2021-04-01,0.089853,CPLE3
2021-04-30,0.072319,CPLE3
2021-10-01,0.494573,CPLE3
2022-01-03,0.097485,CPLE3
2022-05-02,0.47117,CPLE3
2022-11-22,0.33393,CPLE3
2023-10-02,0.304025,CPLE3
2024-04-23,0.041541,CPLE3
2024-10-01,0.153952,CPLE3
2024-12-12,0.190412,CPLE3
2018-12-28,0.10724,CPLE6
2019-04-30,0.03787,CPLE6
2019-12-26,0.246623,CPLE6
2020-12-29,0.309929,CPLE6
2021-04-01,0.578577,CPLE6
2021-04-30,0.079529,CPLE6
2021-10-01,0.543878,CPLE6
2022-01-03,0.107203,CPLE6
2022-05-02,0.518149,CPLE6
2022-11-22,0.36722,CPLE6
2023-10-02,0.334427,CPLE6
2024-04-23,0.045695,CPLE6
2024-10-01,0.169347,CPLE6
2024-12-12,0.209454,CPLE6
2018-12-26,0.073409,CMIG4
2019-05-06,0.229788,CMIG4
2019-12-26,0.139827,CMIG4
2020-08-03,0.132542,CMIG4
2020-09-28,0.041948,CMIG4
2021-01-04,0.151532,CMIG4
2021-05-03,0.324628,CMIG4
2021-12-22,0.333935,CMIG4
2022-03-29,0.439146,CMIG4
2022-05-02,0.459552,CMIG4
2022-06-27,0.123397,CMIG4
2022-09-26,0.164831,CMIG4
2022-12-22,0.13934,CMIG4
2022-12-28,0.180207,CMIG4
2023-03-28,0.148295,CMIG4
2023-04-28,0.086977,CMIG4
2023-06-26,0.14916,CMIG4
2023-09-26,0.14611,CMIG4
2023-12-22,0.462324,CMIG4
2024-03-27,0.135051,CMIG4
2024-04-30,0.242269,CMIG4
2024-06-24,0.150212,CMIG4
2024-08-26,0.49636,CMIG4
2024-09-24,0.165202,CMIG4
2024-12-26,0.195808,CMIG4
2025-03-26,0.189118,CMIG4
2025-05-02,0.658812,CMIG4
2025-06-24,0.208607,CMIG4
2018-12-26,0.073409,CMIG3
2019-05-06,0.229788,CMIG3
2019-12-26,0.139827,CMIG3
2020-08-03,0.132542,CMIG3
2020-09-28,0.041948,CMIG3
2021-01-04,0.151532,CMIG3
2021-05-03,0.324628,CMIG3
2021-12-22,0.333935,CMIG3
2022-03-29,0.439146,CMIG3
2022-05-02,0.919105,CMIG3
2022-06-27,0.123397,CMIG3
2022-09-26,0.164831,CMIG3
2022-12-22,0.13934,CMIG3
2022-12-28,0.180207,CMIG3
2023-03-28,0.148295,CMIG3
2023-04-28,0.086977,CMIG3
2023-06-26,0.14916,CMIG3
2023-09-26,0.14611,CMIG3
2023-12-22,0.462324,CMIG3
2024-03-27,0.135051,CMIG3
2024-04-30,0.1862,CMIG3
2024-06-24,0.150212,CMIG3
2024-08-26,0.49636,CMIG3
2024-09-24,0.165202,CMIG3
2024-12-26,0.195808,CMIG3
2025-03-26,0.189118,CMIG3
2025-05-02,0.658812,CMIG3
2025-06-24,0.208607,CMIG3
2019-07-04,0.278464,NEOE3
2020-01-07,0.17935,NEOE3
2020-06-19,0.229364,NEOE3
2021-01-07,0.21968,NEOE3
2021-04-13,0.165348,NEOE3
2021-07-02,0.140639,NEOE3
2022-01-06,0.131817,NEOE3
2022-04-26,0.52914,NEOE3
2022-07-06,0.137697,NEOE3
2023-01-05,0.253954,NEOE3
2023-04-28,0.583843,NEOE3
2023-07-03,0.319305,NEOE3
2024-01-05,0.416493,NEOE3
2024-04-22,0.248421,NEOE3
2024-07-02,0.164859,NEOE3
2024-12-18,0.260528,NEOE3
2025-04-22,0.350092,NEOE3
2025-06-18,0.217499,NEOE3
2018-08-15,0.056,ENGI4
2019-02-28,0.13,ENGI4
2019-03-25,0.03,ENGI4
2019-08-14,0.056,ENGI4
2020-02-28,0.064,ENGI4
2020-08-19,0.056,ENGI4
2021-03-22,0.22,ENGI4
2021-08-18,0.13,ENGI4
2022-01-03,0.44,ENGI4
2022-08-24,0.232,ENGI4
2023-03-22,0.16,ENGI4
2023-08-16,0.14,ENGI4
2024-01-02,0.2,ENGI4
2024-08-13,0.2,ENGI4
2025-02-26,0.38,ENGI4
2018-08-15,0.052947,ENGI3
2019-02-28,0.125032,ENGI3
2019-03-25,0.028854,ENGI3
2019-08-14,0.05386,ENGI3
2020-02-28,0.061554,ENGI3
2020-08-19,0.05386,ENGI3
2021-03-22,0.211593,ENGI3
2021-08-18,0.125032,ENGI3
2022-01-03,0.423185,ENGI3
2022-08-24,0.223134,ENGI3
2023-03-22,0.153886,ENGI3
2023-08-16,0.13465,ENGI3
2024-01-02,0.192357,ENGI3
2024-08-13,0.2,ENGI3
2025-02-26,0.38,ENGI3
2018-08-15,0.279154,ENGI11
2019-02-28,0.65,ENGI11
2019-03-25,0.15,ENGI11
2019-08-14,0.28,ENGI11
2020-02-28,0.32,ENGI11
2020-08-19,0.28,ENGI11
2021-03-22,1.1,ENGI11
2021-08-18,0.65,ENGI11
2022-01-03,2.2,ENGI11
2022-08-24,1.16,ENGI11
2023-03-22,0.8,ENGI11
2023-08-16,0.7,ENGI11
2024-01-02,1.0,ENGI11
2024-08-13,1.0,ENGI11
2025-02-26,1.9,ENGI11
2018-12-07,7.436826,ISAE4
2019-08-05,0.562186,ISAE4
2019-11-11,0.784661,ISAE4
2019-12-16,0.163679,ISAE4
2020-04-17,0.228164,ISAE4
2020-07-07,0.151772,ISAE4
2020-11-05,0.522095,ISAE4
2020-12-17,0.837549,ISAE4
2021-02-26,0.806156,ISAE4
2021-03-31,0.795967,ISAE4
2021-07-07,0.502542,ISAE4
2021-11-04,1.310301,ISAE4
2021-12-23,0.173896,ISAE4
2022-12-27,1.062404,ISAE4
2023-12-14,2.204083,ISAE4
2025-01-10,0.668903,ISAE4
2025-02-12,0.668903,ISAE4
2025-03-12,0.668903,ISAE4
2018-08-15,0.583107,ENMT3
2018-11-14,0.498759,ENMT3
2019-05-08,0.420231,ENMT3
2019-11-13,0.708662,ENMT3
2021-03-17,2.411432,ENMT3
2021-08-18,2.20435,ENMT3
2021-11-17,0.870164,ENMT3
2022-03-23,0.910393,ENMT3
2022-08-16,1.199473,ENMT3
2022-11-16,1.43,ENMT3
2023-03-21,1.674817,ENMT3
2023-11-16,1.874826,ENMT3
2024-03-18,1.444894,ENMT3
2024-07-05,1.304992,ENMT3
2025-02-26,2.4,ENMT3
2025-05-06,0.372357,ENMT3
2018-12-07,7.436826,ISAE3
2019-08-05,0.562186,ISAE3
2019-11-11,0.784661,ISAE3
2019-12-16,0.163679,ISAE3
2020-04-17,0.228164,ISAE3
2020-07-07,0.151772,ISAE3
2020-11-05,0.522095,ISAE3
2020-12-17,0.837549,ISAE3
2021-02-26,0.806156,ISAE3
2021-03-31,0.795967,ISAE3
2021-07-07,0.502542,ISAE3
2021-11-04,1.310301,ISAE3
2021-12-23,0.173896,ISAE3
2022-12-27,1.062404,ISAE3
2023-12-14,2.204083,ISAE3
2025-01-10,0.668903,ISAE3
2025-02-12,0.668903,ISAE3
2025-03-12,0.668903,ISAE3
2018-11-12,3.385335,CGAS3
2018-12-06,0.97178,CGAS3
2019-01-07,0.077991,CGAS3
2019-12-10,14.772544,CGAS3
2020-02-03,1.003846,CGAS3
2020-12-10,7.386267,CGAS3
2021-02-08,1.10794,CGAS3
2021-12-10,11.0794,CGAS3
2022-03-25,4.40755,CGAS3
2022-06-27,0.070764,CGAS3
2022-09-26,0.150903,CGAS3
2022-11-04,8.494208,CGAS3
2022-12-27,0.11621,CGAS3
2023-03-27,3.081583,CGAS3
2023-09-27,0.019221,CGAS3
2023-12-28,0.054609,CGAS3
2024-04-03,10.92895,CGAS3
2024-08-14,5.909014,CGAS3
2024-11-13,3.323821,CGAS3
2025-04-17,0.696127,CGAS3
2018-11-12,3.723969,CGAS5
2018-12-06,1.068987,CGAS5
2019-01-07,0.085793,CGAS5
2019-12-10,16.249794,CGAS5
2020-02-03,1.104231,CGAS5
2020-12-10,8.124894,CGAS5
2021-02-08,1.218733,CGAS5
2021-12-10,12.18734,CGAS5
2022-03-25,4.848305,CGAS5
2022-06-27,0.077841,CGAS5
2022-09-26,0.165994,CGAS5
2022-11-04,9.343629,CGAS5
2022-12-27,0.127831,CGAS5
2023-03-27,3.389741,CGAS5
2023-09-27,0.021143,CGAS5
2023-12-28,0.06007,CGAS5
2024-04-03,12.021845,CGAS5
2024-08-14,6.499916,CGAS5
2024-11-13,3.656203,CGAS5
2025-04-17,0.76574,CGAS5
2018-12-07,0.160019,ALUP11
2019-04-30,0.400048,ALUP11
2020-04-28,0.613407,ALUP11
2021-04-28,0.746757,ALUP11
2022-04-12,1.093466,ALUP11
2023-04-18,1.331361,ALUP11
2023-05-16,0.110947,ALUP11
2023-08-17,0.110947,ALUP11
2023-11-17,0.110947,ALUP11
2024-04-22,0.75,ALUP11
2024-05-17,0.201923,ALUP11
2024-08-19,0.173077,ALUP11
2024-11-18,0.230769,ALUP11
2025-04-17,0.24,ALUP11
2025-05-16,0.21,ALUP11
2019-05-08,0.231397,REDE3
2019-06-19,0.103239,REDE3
2019-08-14,0.087939,REDE3
2019-11-13,0.035871,REDE3
2020-08-19,0.093,REDE3
2021-03-17,0.317153,REDE3
2021-06-30,0.3,REDE3
2021-08-18,0.177532,REDE3
2021-11-18,0.18278,REDE3
2022-05-03,0.16155,REDE3
2022-08-17,0.17059,REDE3
2022-11-17,0.19,REDE3
2023-03-22,0.214497,REDE3
2023-04-28,0.133905,REDE3
2023-08-16,0.143,REDE3
2023-11-16,0.219872,REDE3
2024-03-18,0.222409,REDE3
2024-07-05,0.233294,REDE3
2024-11-13,0.127942,REDE3
2025-02-26,0.245,REDE3
2025-06-23,0.5,REDE3
2019-05-03,0.249943,CSAN3
2020-06-04,0.374438,CSAN3
2021-05-06,0.257648,CSAN3
2021-12-15,0.374619,CSAN3
2022-05-06,0.42811,CSAN3
2023-05-19,0.42858,CSAN3
2024-06-06,0.451477,CSAN3
2019-03-26,0.03,EQPA3
2019-04-30,0.01,EQPA3
2019-11-12,0.07,EQPA3
2020-06-01,0.08,EQPA3
2020-12-16,0.2,EQPA3
2021-04-30,0.1,EQPA3
2021-08-25,0.15,EQPA3
2021-11-26,0.16,EQPA3
2022-04-29,0.13,EQPA3
2022-11-24,0.39728,EQPA3
2022-11-29,0.35598,EQPA3
2023-05-02,0.022464,EQPA3
2024-01-15,0.00111,EQPA3
2024-05-02,0.75889,EQPA3
2025-04-30,0.6587,EQPA3
2019-01-02,0.10349,SAPR3
2019-04-25,0.06061,SAPR3
2019-07-01,0.108046,SAPR3
2020-01-02,0.096929,SAPR3
2020-07-01,0.093481,SAPR3
2021-01-04,0.090412,SAPR3
2021-07-01,0.093727,SAPR3
2022-01-03,0.108427,SAPR3
2022-07-01,0.095664,SAPR3
2023-01-02,0.17272,SAPR3
2023-07-03,0.166785,SAPR3
2024-01-02,0.113851,SAPR3
2024-07-01,0.138974,SAPR3
2025-01-02,0.148174,SAPR3
2025-07-01,0.260783,SAPR3
2019-01-02,0.558849,SAPR11
2019-04-25,0.327293,SAPR11
2019-07-01,0.583449,SAPR11
2020-01-02,0.523419,SAPR11
2020-07-01,0.504799,SAPR11
2021-01-04,0.488226,SAPR11
2021-07-01,0.506126,SAPR11
2022-01-03,0.585507,SAPR11
2022-07-01,0.516587,SAPR11
2023-01-02,0.93269,SAPR11
2023-07-03,0.900642,SAPR11
2024-01-02,0.614795,SAPR11
2024-07-01,0.75046,SAPR11
2025-01-02,0.800138,SAPR11
2025-07-01,1.408227,SAPR11
2019-01-02,0.113839,SAPR4
2019-04-25,0.066671,SAPR4
2019-07-01,0.118851,SAPR4
2020-01-02,0.106622,SAPR4
2020-07-01,0.102829,SAPR4
2021-01-04,0.099453,SAPR4
2021-07-01,0.103099,SAPR4
2022-01-03,0.11927,SAPR4
2022-07-01,0.105231,SAPR4
2023-01-02,0.189992,SAPR4
2023-07-03,0.183464,SAPR4
2024-01-02,0.125236,SAPR4
2024-07-01,0.152872,SAPR4
2025-01-02,0.162991,SAPR4
2025-07-01,0.286861,SAPR4
2022-05-04,0.013951,AURE3
2023-05-05,1.5,AURE3
2023-12-11,1.5,AURE3
2024-03-04,0.4,AURE3
2025-04-25,0.057033,AURE3
2018-09-25,0.143841,CSMG3
2019-03-11,0.243238,CSMG3
2019-03-27,0.139743,CSMG3
2019-06-24,0.055285,CSMG3
2019-09-25,0.137479,CSMG3
2020-03-26,0.34277,CSMG3
2020-06-24,0.115765,CSMG3
2020-09-23,0.166474,CSMG3
2021-03-03,0.199219,CSMG3
2021-03-25,0.17101,CSMG3
2021-06-23,0.145507,CSMG3
2021-09-27,0.428983,CSMG3
2022-03-23,0.089328,CSMG3
2022-06-22,0.140134,CSMG3
2022-09-21,0.15487,CSMG3
2023-03-23,0.994132,CSMG3
2023-06-22,0.338917,CSMG3
2023-09-22,0.33607,CSMG3
2023-12-14,0.982305,CSMG3
2023-12-22,0.241589,CSMG3
2024-03-26,0.418403,CSMG3
2024-04-29,0.791178,CSMG3
2024-06-26,0.38471,CSMG3
2024-09-18,0.353195,CSMG3
2024-12-26,0.369458,CSMG3
2025-03-06,0.476208,CSMG3
2025-03-27,0.035459,CSMG3
2025-06-24,0.433251,CSMG3
2018-12-07,0.05334,ALUP4
2019-04-30,0.133349,ALUP4
2020-04-28,0.204469,ALUP4
2021-04-28,0.248919,ALUP4
2022-04-12,0.364489,ALUP4
2023-04-18,0.443787,ALUP4
2023-05-16,0.036982,ALUP4
2023-08-17,0.036982,ALUP4
2023-11-17,0.036982,ALUP4
2024-04-22,0.25,ALUP4
2024-05-17,0.067308,ALUP4
2024-08-19,0.057692,ALUP4
2024-11-18,0.076923,ALUP4
2025-04-17,0.08,ALUP4
2025-05-16,0.07,ALUP4
2018-12-07,0.05334,ALUP3
2019-04-30,0.133349,ALUP3
2020-04-28,0.204469,ALUP3
2021-04-28,0.248919,ALUP3
2022-04-12,0.364489,ALUP3
2023-04-18,0.443787,ALUP3
2023-05-16,0.036982,ALUP3
2023-08-17,0.036982,ALUP3
2023-11-17,0.036982,ALUP3
2024-04-22,0.25,ALUP3
2024-05-17,0.067308,ALUP3
2024-08-19,0.057692,ALUP3
2024-11-18,0.076923,ALUP3
2025-04-17,0.08,ALUP3
2025-05-16,0.07,ALUP3
2019-01-07,0.733523,EKTR4
2019-07-04,0.40991,EKTR4
2020-01-07,0.361654,EKTR4
2021-01-07,0.699091,EKTR4
2021-04-12,0.204343,EKTR4
2021-07-06,0.347965,EKTR4
2022-01-06,0.365866,EKTR4
2022-04-05,0.26703,EKTR4
2022-04-22,0.502276,EKTR4
2022-07-06,0.268923,EKTR4
2022-08-02,0.809033,EKTR4
2022-10-06,0.286835,EKTR4
2022-11-03,2.157422,EKTR4
2023-01-05,0.265692,EKTR4
2023-04-25,1.263928,EKTR4
2023-07-04,0.548773,EKTR4
2023-08-01,1.94168,EKTR4
2024-01-05,0.486029,EKTR4
2024-03-26,0.20372,EKTR4
2024-04-15,4.958109,EKTR4
2024-04-30,1.458285,EKTR4
2024-06-26,0.122202,EKTR4
2024-07-26,2.319229,EKTR4
2024-10-01,0.104721,EKTR4
2024-10-25,1.127253,EKTR4
2024-12-26,0.112671,EKTR4
2025-04-02,0.139666,EKTR4
2025-04-14,0.947382,EKTR4
2025-07-03,0.161774,EKTR4
2025-07-24,2.372841,EKTR4
2019-05-02,2.16,EQMA3B
2019-11-12,2.74,EQMA3B
2020-06-01,0.31,EQMA3B
2020-12-16,2.6,EQMA3B
2021-04-29,1.31,EQMA3B
2021-08-25,2.06,EQMA3B
2021-11-26,1.25,EQMA3B
2022-04-29,2.03,EQMA3B
2023-05-02,2.792571,EQMA3B
2024-04-30,2.38,EQMA3B
2025-04-30,2.73976,EQMA3B
2019-05-02,1.054768,CLSC4
2020-01-02,1.394994,CLSC4
2020-04-29,0.529847,CLSC4
2021-01-04,2.083352,CLSC4
2021-04-30,1.400494,CLSC4
2021-12-21,3.329988,CLSC4
2022-05-02,0.54022,CLSC4
2022-07-01,1.127487,CLSC4
2022-10-03,1.130391,CLSC4
2023-01-02,1.406791,CLSC4
2023-04-03,1.234496,CLSC4
2023-05-02,0.615541,CLSC4
2023-07-03,1.24515,CLSC4
2023-12-26,2.38806,CLSC4
2024-03-25,1.187437,CLSC4
2024-05-02,0.275516,CLSC4
2024-06-27,1.139069,CLSC4
2024-09-26,1.283199,CLSC4
2024-12-26,2.613081,CLSC4
2025-03-27,1.618074,CLSC4
2025-05-02,2.07991,CLSC4
2025-06-26,1.57883,CLSC4
2018-11-23,1.270738,GEPA4
2019-01-03,0.783622,GEPA4
2019-04-29,1.28063,GEPA4
2019-12-13,1.270738,GEPA4
2019-12-23,0.720085,GEPA4
2020-12-21,0.561242,GEPA4
2021-05-03,2.939902,GEPA4
2022-12-08,1.339268,GEPA4
2023-01-05,1.058949,GEPA4
2023-05-02,0.813015,GEPA4
2023-12-12,1.164844,GEPA4
2024-05-02,3.028686,GEPA4
2024-10-03,1.842478,GEPA4
2024-12-17,1.122486,GEPA4
2025-05-02,4.048288,GEPA4
2019-04-30,0.138703,LIGT3
2021-04-30,0.325845,LIGT3
2022-04-28,0.187404,LIGT3
2019-04-30,1.870151,COCE5
2020-04-29,2.123713,COCE5
2021-04-27,2.113689,COCE5
2021-11-01,1.502787,COCE5
2022-04-13,0.183788,COCE5
2022-07-04,1.220212,COCE5
2022-10-14,0.539462,COCE5
2023-04-26,0.307952,COCE5
2024-05-02,0.988254,COCE5
2025-04-30,1.351562,COCE5
2019-05-07,0.013789,CEBR3
2020-07-28,0.333629,CEBR3
2021-05-06,7.38044,CEBR3
2021-10-15,11.583168,CEBR3
2022-04-28,3.541792,CEBR3
2023-05-03,1.49137,CEBR3
2023-11-03,1.160284,CEBR3
2024-05-02,0.737628,CEBR3
2024-11-27,0.823843,CEBR3
2025-05-02,1.149649,CEBR3
2019-05-07,1.119771,CEBR5
2020-07-28,0.785253,CEBR5
2021-05-06,7.38044,CEBR5
2021-10-15,11.583168,CEBR5
2022-04-28,3.541792,CEBR5
2023-05-03,1.49137,CEBR5
2023-11-03,1.160284,CEBR5
2024-05-02,0.737628,CEBR5
2024-11-27,0.823843,CEBR5
2025-05-02,1.149649,CEBR5
2019-05-07,0.015167,CEBR6
2020-07-28,0.366992,CEBR6
2021-05-06,8.118484,CEBR6
2021-10-15,12.741486,CEBR6
2022-04-28,3.895972,CEBR6
2023-05-03,1.640507,CEBR6
2023-11-03,1.276312,CEBR6
2024-05-02,0.811391,CEBR6
2024-11-27,0.906227,CEBR6
2025-05-02,1.264614,CEBR6
2018-12-11,0.574806,EMAE4
2019-04-23,0.2552,EMAE4
2019-12-27,0.396627,EMAE4
2020-04-24,0.3884,EMAE4
2020-12-15,1.056282,EMAE4
2021-01-06,6.222721,EMAE4
2021-04-26,0.843412,EMAE4
2021-05-11,0.470964,EMAE4
2021-11-19,0.544787,EMAE4
2022-05-02,0.320388,EMAE4
2022-05-17,0.560906,EMAE4
2023-04-17,1.471981,EMAE4
2023-06-06,0.51439,EMAE4
2023-12-11,1.30096,EMAE4
2024-04-09,0.79314,EMAE4
2024-09-24,0.839386,EMAE4
2018-10-24,0.104383,AFLT3
2019-12-13,0.105651,AFLT3
2020-07-30,0.254098,AFLT3
2020-09-24,0.173956,AFLT3
2021-04-08,0.317034,AFLT3
2021-12-06,0.190442,AFLT3
2022-04-19,0.236234,AFLT3
2023-04-24,0.480211,AFLT3
2024-04-11,0.341354,AFLT3
2024-04-15,0.32539,AFLT3
2024-06-26,0.127242,AFLT3
2024-12-26,0.086804,AFLT3
2025-07-03,0.017041,AFLT3
