ano,ticker,dividendo
2018,ABEV3,0.32
2018,AGRO3,0.762051
2018,ALUP11,0.160019
2018,ALUP3,0.05334
2018,ALUP4,0.05334
2018,AZZA3,0.508
2018,B3SA3,0.127684
2018,BBAS3,0.314028
2018,BBDC3,0.45881500000000003
2018,BBDC4,0.504696
2018,BEES3,0.079768
2018,BEES4,0.079768
2018,BRSR3,0.354412
2018,BRSR6,0.354413
2018,BSLI3,0.124994
2018,CAML3,0.111322
2018,CGAS3,4.357115
2018,CGAS5,4.792956
2018,CGRA3,1.09688
2018,CGRA4,1.095011
2018,CMIG3,0.073409
2018,CMIG4,0.073409
2018,COGN3,0.081225
2018,CPLE3,0.097515
2018,CPLE6,0.10724
2018,CRPG5,0.759893
2018,CSMG3,0.143841
2018,CSUD3,0.246195
2018,CTSA4,0.217506
2018,CVCB3,0.343257
2018,CYRE3,0.598713
2018,DIRR3,0.203255
2018,DOHL4,0.176
2018,DXCO3,0.654934
2018,ECOR3,0.345008
2018,EGIE3,1.286562
2018,EMAE4,0.574806
2018,EMBR3,0.02
2018,ENMT3,0.498759
2018,ENMT4,0.498597
2018,FESA4,0.219527
2018,GEPA4,1.270738
2018,GGBR3,0.103175
2018,GGBR4,0.103175
2018,GOAU3,0.09
2018,GOAU4,0.09
2018,GRND3,0.052457
2018,GUAR3,0.388838
2018,HAPV3,0.552963
2018,HYPE3,0.5508299999999999
2018,IRBR3,4.45813
2018,ISAE3,7.436826
2018,ISAE4,7.436826
2018,ITSA3,0.033543
2018,ITSA4,0.033556
2018,ITUB3,0.050545
2018,ITUB4,0.050545
2018,KLBN11,0.509538
2018,KLBN3,0.101907
2018,KLBN4,0.101907
2018,LEVE3,0.550204
2018,LREN3,0.12621300000000002
2018,MDIA3,0.410029
2018,MOAR3,5.7953399999999995
2018,MOVI3,0.23859199999999997
2018,MTSA4,0.65
2018,MULT3,0.13459
2018,MYPK3,0.48929
2018,ODPV3,0.15143299999999998
2018,OFSA3,0.14225
2018,PCAR3,0.589167
2018,PETR3,0.151183
2018,PETR4,0.8165629999999999
2018,PNVL3,0.089893
2018,POMO3,0.075
2018,POMO4,0.075
2018,PSSA3,0.385061
2018,PTNT3,0.149854
2018,PTNT4,0.149854
2018,RADL3,0.063063
2018,RENT3,0.134239
2018,ROMI3,0.168662
2018,SANB11,0.160646
2018,SANB3,0.076498
2018,SANB4,0.084148
2018,SEER3,0.15128
2018,SHUL4,0.035242
2018,SYNE3,1.002811
2018,TAEE11,1.110845
2018,TAEE3,0.37028099999999997
2018,TAEE4,0.370282
2018,TEND3,0.249945
2018,TGMA3,0.235878
2018,TUPY3,0.346872
2018,UNIP3,0.155239
2018,UNIP6,0.831374
2018,VBBR3,0.493812
2018,VIVT3,1.1523759999999998
2018,VLID3,0.810697
2018,WEGE3,0.045353000000000004
2018,WHRL3,0.13547
2018,WHRL4,0.14902
2018,YDUQ3,1.332831
2018,ZAMP3,0.047047
2019,AALR3,0.056775
2019,ABCB4,1.068441
2019,ABEV3,0.4906
2019,AGRO3,0.92933
2019,ALUP11,0.400048
2019,ALUP3,0.133349
2019,ALUP4,0.133349
2019,AZZA3,1.214381
2019,B3SA3,0.26807800000000004
2019,BALM4,0.14
2019,BAZA3,1.427314
2019,BBAS3,1.277116
2019,BBDC3,1.369594
2019,BBDC4,1.506554
2019,BBSE3,1.5827110000000002
2019,BEES3,0.301138
2019,BEES4,0.301138
2019,BMEB3,0.027104
2019,BMEB4,0.331765
2019,BMKS3,8.38
2019,BNBR3,3.689664
2019,BPAC11,0.351916
2019,BPAC3,0.11429
2019,BPAC5,0.117306
2019,BPAN4,0.075945
2019,BRAP3,1.640514
2019,BRAP4,1.804564
2019,BRKM3,0.83862
2019,BRKM5,0.83862
2019,BRKM6,0.606279
2019,BRSR3,1.243861
2019,BRSR6,1.243861
2019,BSLI3,0.292978
2019,CAML3,0.17968
2019,CBEE3,0.244072
2019,CEBR3,0.013789
2019,CEBR5,1.119771
2019,CEBR6,0.015167
2019,CEEB3,4.1477319999999995
2019,CEEB5,4.1477319999999995
2019,CGAS3,14.850535
2019,CGAS5,16.335587
2019,CGRA3,1.304329
2019,CGRA4,1.302107
2019,CLSC4,1.054768
2019,CMIG3,0.369615
2019,CMIG4,0.369615
2019,COCE5,1.870151
2019,COGN3,0.120354
2019,CPFE3,0.480182
2019,CPLE3,0.25867
2019,CPLE6,0.284493
2019,CRPG5,0.61133
2019,CSAN3,0.249943
2019,CSMG3,0.575745
2019,CSNA3,0.949913
2019,CSUD3,0.25669200000000003
2019,CTSA4,1.984177
2019,CVCB3,0.36550900000000003
2019,CYRE3,0.780383
2019,DASA3,0.561226
2019,DEXP3,0.012973
2019,DIRR3,0.29212499999999997
2019,DXCO3,0.308599
2019,EALT3,0.126813
2019,EALT4,0.139494
2019,EGIE3,1.622818
2019,ELET3,0.858499
2019,ELET6,1.471306
2019,EMAE4,0.6518269999999999
2019,ENGI11,1.08
2019,ENGI3,0.207746
2019,ENGI4,0.216
2019,ENMT3,1.1288930000000001
2019,ENMT4,1.128527
2019,EQPA3,0.11000000000000001
2019,EQTL3,0.188489
2019,EUCA3,0.04153
2019,EUCA4,0.045684
2019,EZTC3,0.140397
2019,FESA4,0.33720700000000003
2019,FLRY3,0.956813
2019,FRAS3,0.220026
2019,GEPA4,4.0550749999999995
2019,GGBR3,0.222223
2019,GGBR4,0.222223
2019,GOAU3,0.15
2019,GOAU4,0.15
2019,GRND3,0.320791
2019,GSHP3,110.50666
2019,GUAR3,0.40074699999999996
2019,HAPV3,0.831039
2019,HYPE3,1.06995
2019,IGTI3,0.039823
2019,IRBR3,21.14318
2019,ISAE3,1.510526
2019,ISAE4,1.510526
2019,ITSA3,0.57401
2019,ITSA4,0.6848719999999999
2019,ITUB3,1.650777
2019,ITUB4,1.370504
2019,JHSF3,0.19956600000000002
2019,KEPL3,0.04174
2019,KLBN11,0.78229
2019,KLBN3,0.156457
2019,KLBN4,0.156457
2019,LEVE3,2.12496
2019,LIGT3,0.138703
2019,LOGG3,0.139977
2019,LREN3,0.450204
2019,LUXM4,0.233903
2019,MEAL3,0.011781
2019,MGLU3,0.453577
2019,MOAR3,13.386419
2019,MOVI3,0.235805
2019,MRVE3,0.371014
2019,MTSA4,0.8
2019,MULT3,0.436521
2019,MYPK3,0.185062
2019,NATU3,0.322991
2019,NEOE3,0.278464
2019,ODPV3,0.327633
2019,OFSA3,0.194686
2019,PATI3,0.63461
2019,PCAR3,0.723976
2019,PEAB3,3.8883609999999997
2019,PETR3,0.5009250000000001
2019,PETR4,0.942361
2019,PNVL3,0.168093
2019,POMO3,0.05
2019,POMO4,0.05
2019,PSSA3,1.06067
2019,PTBL3,0.154922
2019,PTNT3,0.072642
2019,PTNT4,0.072642
2019,QUAL3,1.3065760000000002
2019,RADL3,0.123384
2019,RANI3,0.022794
2019,RAPT3,0.18888
2019,RAPT4,0.358928
2019,REDE3,0.458446
2019,RENT3,0.39245
2019,ROMI3,0.755607
2019,SANB11,2.0900119999999998
2019,SANB3,0.995243
2019,SANB4,1.094767
2019,SAPR11,1.469591
2019,SAPR3,0.272146
2019,SAPR4,0.299361
2019,SBSP3,1.159
2019,SCAR3,0.367359
2019,SEER3,0.210676
2019,SHOW3,0.59187
2019,SHUL4,0.066357
2019,SLCE3,0.391345
2019,SMTO3,0.658208
2019,STBP3,0.004259
2019,SUZB3,0.4447
2019,TAEE11,1.8906999999999998
2019,TAEE3,0.630232
2019,TAEE4,0.630232
2019,TEND3,0.585005
2019,TGMA3,1.5707119999999999
2019,TIMS3,0.465887
2019,TOTS3,0.16620800000000002
2019,TRIS3,0.136876
2019,TUPY3,1.127083
2019,UCAS3,0.0757
2019,UGPA3,0.25339900000000004
2019,UNIP3,0.195104
2019,UNIP6,0.214614
2019,USIM3,0.134622
2019,USIM5,0.148084
2019,VALE3,1.414364
2019,VBBR3,2.680037
2019,VIVA3,0.169349
2019,VIVT3,1.306956
2019,VLID3,0.689093
2019,VSTE3,0.476202
2019,WEGE3,0.17021
2019,WHRL3,0.52252
2019,WHRL4,0.57477
2019,WIZC3,1.111435
2019,WLMM4,0.12426
2019,YDUQ3,0.510182
2019,ZAMP3,0.087894
2020,AALR3,0.087297
2020,ABCB4,0.632518
2020,ABEV3,0.4137
2020,AGRO3,0.709664
2020,ALPA3,0.05019
2020,ALPA4,0.055166
2020,ALUP11,0.613407
2020,ALUP3,0.204469
2020,ALUP4,0.204469
2020,AZZA3,0.530726
2020,B3SA3,0.53844
2020,BALM4,0.26
2020,BAZA3,3.553427
2020,BBAS3,0.738455
2020,BBDC3,0.521613
2020,BBDC4,0.573779
2020,BBSE3,2.786096
2020,BEEF3,0.228287
2020,BEES3,0.160825
2020,BEES4,0.160825
2020,BMEB3,0.311913
2020,BMEB4,0.343104
2020,BMGB4,0.177892
2020,BMKS3,6.083939
2020,BNBR3,2.720542
2020,BPAC11,0.302467
2020,BPAC3,0.099221
2020,BPAC5,0.100823
2020,BPAN4,0.37124900000000005
2020,BRAP3,1.612458
2020,BRAP4,1.773703
2020,BRSR3,0.39847499999999997
2020,BRSR6,0.39847499999999997
2020,BSLI3,0.430971
2020,CAML3,0.583833
2020,CBEE3,0.398103
2020,CEAB3,0.253477
2020,CEBR3,0.333629
2020,CEBR5,0.785253
2020,CEBR6,0.366992
2020,CEEB3,0.499086
2020,CEEB5,0.499086
2020,CGAS3,8.390113
2020,CGAS5,9.229125
2020,CGRA3,1.720306
2020,CGRA4,1.7173749999999999
2020,CLSC4,1.924841
2020,CMIG3,0.17448999999999998
2020,CMIG4,0.17448999999999998
2020,COCE5,2.123713
2020,CPFE3,1.800973
2020,CPLE3,0.281832
2020,CPLE6,0.309929
2020,CRPG5,0.139292
2020,CSAN3,0.374438
2020,CSMG3,0.625009
2020,CSNA3,0.008871
2020,CSUD3,0.304091
2020,CTSA4,0.189152
2020,CYRE3,1.8173599999999999
2020,DASA3,0.563433
2020,DEXP3,0.020448
2020,DIRR3,0.268887
2020,DOHL4,0.4257
2020,DXCO3,0.25982
2020,EALT3,0.043947
2020,EALT4,0.180477
2020,EGIE3,1.045052
2020,ELET3,1.625384
2020,ELET6,1.787923
2020,EMAE4,1.444682
2020,ENGI11,0.6000000000000001
2020,ENGI3,0.11541399999999999
2020,ENGI4,0.12
2020,ENMT4,0.567615
2020,EQPA3,0.28
2020,EQTL3,0.317424
2020,EVEN3,0.144301
2020,EZTC3,0.294083
2020,FESA4,0.23208
2020,FIEI3,4.13
2020,FLRY3,0.694757
2020,FRAS3,0.169873
2020,GEPA4,0.561242
2020,GGBR3,0.253969
2020,GGBR4,0.253969
2020,GOAU3,0.18
2020,GOAU4,0.18
2020,GRND3,0.167684
2020,GUAR3,0.8829
2020,HAPV3,0.9757739999999999
2020,HYPE3,1.17318
2020,IGTI3,0.011378
2020,IRBR3,0.771892
2020,ISAE3,1.7395800000000001
2020,ISAE4,1.7395800000000001
2020,ITSA3,0.326131
2020,ITSA4,0.332955
2020,ITUB3,0.745777
2020,ITUB4,0.709141
2020,JHSF3,0.14590799999999998
2020,KEPL3,0.091141
2020,KLBN11,0.019836
2020,KLBN3,0.003967
2020,KLBN4,0.003967
2020,LEVE3,0.091529
2020,LJQQ3,0.065882
2020,LOGG3,0.211742
2020,LREN3,0.265361
2020,LUXM4,0.583872
2020,LWSA3,0.031777
2020,MDIA3,0.707964
2020,MGLU3,0.5498719999999999
2020,MOAR3,5.958588
2020,MOVI3,0.133723
2020,MRVE3,0.340143
2020,MTSA4,0.7575000000000001
2020,MULT3,0.605862
2020,MYPK3,0.664118
2020,NEOE3,0.408714
2020,ODPV3,0.46021999999999996
2020,OFSA3,0.438863
2020,PATI3,0.136966
2020,PCAR3,0.520997
2020,PEAB3,32.116752
2020,PETR3,0.239895
2020,PETR4,0.000461
2020,PETZ3,0.033051
2020,PNVL3,0.022962
2020,POMO3,0.037500000000000006
2020,POMO4,0.037500000000000006
2020,POSI3,0.0321
2020,PSSA3,1.0706660000000001
2020,PTBL3,0.039798
2020,QUAL3,0.173529
2020,RADL3,0.12426899999999999
2020,RANI3,0.068866
2020,RAPT3,0.149597
2020,RAPT4,0.24193
2020,RDNI3,0.009054
2020,REDE3,0.093
2020,RENT3,0.345117
2020,ROMI3,1.731602
2020,SANB11,2.805265
2020,SANB3,1.335839
2020,SANB4,1.4694239999999998
2020,SAPR11,1.0282179999999999
2020,SAPR3,0.19041
2020,SAPR4,0.209451
2020,SBSP3,1.3767
2020,SCAR3,0.063011
2020,SEER3,0.20537
2020,SHUL4,0.083495
2020,SLCE3,0.244521
2020,SMTO3,0.504165
2020,SYNE3,0.932624
2020,TAEE11,3.031782
2020,TAEE3,1.010576
2020,TAEE4,1.010573
2020,TEND3,0.48324100000000003
2020,TGMA3,0.340186
2020,TIMS3,0.549763
2020,TKNO4,0.360299
2020,TOTS3,0.212858
2020,TRIS3,0.214342
2020,UCAS3,0.657404
2020,UGPA3,0.110574
2020,UNIP3,0.917249
2020,UNIP6,1.008974
2020,USIM3,0.0395
2020,USIM5,0.04345
2020,VALE3,2.40751
2020,VBBR3,0.940299
2020,VIVA3,0.105843
2020,VIVT3,1.94483
2020,WEGE3,0.217194
2020,WHRL3,1.21275
2020,WHRL4,1.33404
2020,WIZC3,0.668806
2020,WLMM4,0.35172
2020,YDUQ3,0.509723
2020,ZAMP3,0.050435
2021,ABCB4,0.983183
2021,ABEV3,0.6803
2021,AGRO3,2.621181
2021,ALLD3,0.7609520000000001
2021,ALOS3,0.226403
2021,ALPA3,0.247202
2021,ALPA4,0.271712
2021,ALUP11,0.746757
2021,ALUP3,0.248919
2021,ALUP4,0.248919
2021,AMBP3,0.008481
2021,ARML3,0.067263
2021,ASAI3,0.110341
2021,AZZA3,0.901118
2021,B3SA3,0.719108
2021,BALM4,0.41
2021,BAZA3,2.575651
2021,BBAS3,1.1331339999999999
2021,BBDC3,0.840918
2021,BBDC4,0.925011
2021,BBSE3,0.996995
2021,BEEF3,0.99289
2021,BEES3,0.33257899999999996
2021,BEES4,0.33257899999999996
2021,BLAU3,0.24814399999999998
2021,BMEB3,0.590529
2021,BMEB4,0.649583
2021,BMKS3,7.927874
2021,BNBR3,4.7826070000000005
2021,BPAC11,0.393351
2021,BPAC3,0.130829
2021,BPAC5,0.131116
2021,BPAN4,0.22392800000000002
2021,BRAP3,7.5129660000000005
2021,BRAP4,8.264263
2021,BRKM3,7.539048
2021,BRKM5,7.539048
2021,BRKM6,0.606032
2021,BRSR3,1.032111
2021,BRSR6,1.032111
2021,BSLI3,0.4749
2021,CAML3,0.247244
2021,CASH3,0.060881
2021,CBEE3,0.070054
2021,CEBR3,18.963608
2021,CEBR5,18.963608
2021,CEBR6,20.85997
2021,CEEB3,3.512398
2021,CEEB5,3.512398
2021,CGAS3,12.187339999999999
2021,CGAS5,13.406073000000001
2021,CGRA3,1.3524319999999999
2021,CGRA4,1.350128
2021,CLSC4,6.813834
2021,CMIG3,0.810095
2021,CMIG4,0.810095
2021,CMIN3,0.46841499999999997
2021,COCE5,3.616476
2021,CPFE3,3.701428
2021,CPLE3,0.6567449999999999
2021,CPLE6,1.201984
2021,CRPG5,5.758849
2021,CSAN3,0.6322669999999999
2021,CSED3,0.18819
2021,CSMG3,0.944719
2021,CSNA3,1.920959
2021,CSUD3,0.486257
2021,CURY3,0.56531
2021,CXSE3,0.244612
2021,CYRE3,1.087273
2021,DASA3,0.586643
2021,DEXP3,0.280363
2021,DEXP4,0.297997
2021,DIRR3,0.687156
2021,DOHL4,0.2046
2021,DXCO3,1.523292
2021,EALT3,0.156079
2021,EALT4,0.171689
2021,EGIE3,1.788284
2021,ELET3,2.3982590000000004
2021,ELET6,2.6380920000000003
2021,EMAE4,8.081884
2021,ENGI11,1.75
2021,ENGI3,0.336625
2021,ENGI4,0.35
2021,ENMT3,5.485946
2021,ENMT4,4.918331
2021,EQPA3,0.41000000000000003
2021,EQTL3,0.714276
2021,ESPA3,0.138291
2021,ETER3,0.241525
2021,EUCA3,0.42843
2021,EUCA4,0.47127399999999997
2021,EVEN3,0.830794
2021,EZTC3,0.423955
2021,FESA4,0.209819
2021,FICT3,0.263379
2021,FIQE3,0.083323
2021,FLRY3,0.903135
2021,FRAS3,0.194823
2021,GEPA4,2.939902
2021,GGBR3,2.4365069999999998
2021,GGBR4,2.4365069999999998
2021,GGPS3,0.187268
2021,GOAU3,2.3200000000000003
2021,GOAU4,2.3200000000000003
2021,GRND3,0.8654630000000001
2021,GUAR3,0.47000000000000003
2021,HAPV3,0.937155
2021,HBOR3,0.047463
2021,HYPE3,1.23387
2021,IGTI3,0.011378
2021,INTB3,0.164564
2021,ISAE3,3.5888619999999998
2021,ISAE4,3.5888619999999998
2021,ITSA3,0.291198
2021,ITSA4,0.306884
2021,ITUB3,0.8242659999999999
2021,ITUB4,0.8242659999999999
2021,JALL3,0.29309
2021,JHSF3,0.39383999999999997
2021,JSLG3,0.293825
2021,KEPL3,1.706239
2021,KLBN11,0.332702
2021,KLBN3,0.066539
2021,KLBN4,0.066539
2021,LAVV3,0.679883
2021,LEVE3,0.9151849999999999
2021,LIGT3,0.325845
2021,LJQQ3,0.138604
2021,LOGG3,0.325427
2021,LREN3,0.396498
2021,LUXM4,0.200891
2021,MDIA3,0.2
2021,MELK3,0.283334
2021,MGLU3,0.144919
2021,MILS3,0.187363
2021,MOAR3,51.668310999999996
2021,MOVI3,0.520694
2021,MRFG3,2.838235
2021,MRVE3,0.270585
2021,MTRE3,0.5515289999999999
2021,MTSA4,2.25874
2021,MULT3,0.4989
2021,MYPK3,1.005553
2021,NEOE3,0.525667
2021,NGRD3,0.310525
2021,ODPV3,0.42892299999999994
2021,OFSA3,0.473472
2021,PATI3,1.811036
2021,PCAR3,1.948627
2021,PEAB3,11.297339000000001
2021,PETR3,5.653232
2021,PETR4,5.653232
2021,PETZ3,0.042185
2021,PFRM3,0.270569
2021,PLPL3,0.195832
2021,PNVL3,0.28756499999999996
2021,POMO3,0.089166
2021,POMO4,0.089166
2021,POSI3,0.342276
2021,PSSA3,1.444678
2021,PTBL3,1.1281349999999999
2021,PTNT3,0.20265
2021,PTNT4,0.20265
2021,QUAL3,2.191043
2021,RADL3,0.213552
2021,RAIZ4,0.016239
2021,RANI3,0.353992
2021,RAPT3,0.132502
2021,RAPT4,0.652771
2021,RDNI3,0.009985
2021,RDOR3,1.4594850000000001
2021,REDE3,0.977465
2021,RENT3,0.440462
2021,ROMI3,0.611492
2021,SANB11,2.835826
2021,SANB3,1.350391
2021,SANB4,1.485431
2021,SAPR11,0.9943519999999999
2021,SAPR3,0.184139
2021,SAPR4,0.202552
2021,SBSP3,0.3979
2021,SCAR3,0.366203
2021,SEER3,0.330599
2021,SHUL4,0.09323100000000001
2021,SIMH3,0.190716
2021,SLCE3,0.439138
2021,SMTO3,2.3314690000000002
2021,STBP3,0.259952
2021,SYNE3,8.267782
2021,TAEE11,4.5037009999999995
2021,TAEE3,1.5012320000000001
2021,TAEE4,1.5012320000000001
2021,TEND3,0.174028
2021,TFCO4,0.099963
2021,TGMA3,0.785836
2021,TIMS3,0.432829
2021,TKNO4,2.083687
2021,TOTS3,0.309558
2021,TPIS3,0.16486
2021,TRIS3,0.241134
2021,TUPY3,0.432103
2021,UCAS3,0.213727
2021,UGPA3,0.40271900000000005
2021,UNIP3,11.247655
2021,UNIP6,12.372421
2021,USIM3,1.291515
2021,USIM5,1.4206679999999998
2021,VALE3,14.648555
2021,VAMO3,0.193446
2021,VBBR3,2.035039
2021,VITT3,0.088677
2021,VIVA3,0.328036
2021,VIVT3,1.7313209999999999
2021,VULC3,0.345335
2021,VVEO3,0.247834
2021,WEGE3,0.42300000000000004
2021,WHRL3,0.58704
2021,WHRL4,0.64574
2021,WIZC3,0.608872
2021,WLMM4,0.62776
2021,YDUQ3,0.469672
2022,ABCB4,1.2547739999999998
2022,ABEV3,0.7623
2022,AERI3,0.41404
2022,AGRO3,5.254966
2022,AGXY3,2.517954
2022,ALLD3,0.924982
2022,ALOS3,0.383932
2022,ALPA3,0.148322
2022,ALPA4,0.163028
2022,ALUP11,1.093466
2022,ALUP3,0.364489
2022,ALUP4,0.364489
2022,AMER3,62.09631
2022,ARML3,0.406745
2022,ASAI3,0.16209800000000002
2022,AURE3,0.013951
2022,AZZA3,1.835629
2022,B3SA3,0.469106
2022,BALM4,0.251416
2022,BAZA3,6.809764
2022,BBAS3,1.449673
2022,BBDC3,0.37944
2022,BBDC4,0.41738400000000003
2022,BBSE3,1.966093
2022,BEEF3,0.497203
2022,BEES3,0.584989
2022,BEES4,0.584989
2022,BLAU3,0.849723
2022,BMEB3,0.521025
2022,BMEB4,0.573148
2022,BMGB4,0.124707
2022,BMKS3,17.87756
2022,BMOB3,0.202356
2022,BNBR3,4.9835270000000005
2022,BPAC11,0.6566190000000001
2022,BPAC3,0.21887299999999998
2022,BPAC5,0.21887299999999998
2022,BPAN4,0.27863
2022,BRAP3,2.974148
2022,BRAP4,3.2715620000000003
2022,BRBI11,0.8836470000000001
2022,BRSR3,0.8448180000000001
2022,BRSR6,0.8448180000000001
2022,BSLI3,1.016285
2022,CALI3,0.540226
2022,CAMB3,0.192523
2022,CAML3,0.364926
2022,CBAV3,0.287272
2022,CBEE3,0.082461
2022,CEBR3,3.541792
2022,CEBR5,3.541792
2022,CEBR6,3.895972
2022,CEEB3,6.445661
2022,CEEB5,6.445661
2022,CGAS3,13.239635000000002
2022,CGAS5,14.563600000000001
2022,CGRA3,3.37895
2022,CGRA4,3.373193
2022,CLSC4,2.798098
2022,CMIG3,1.966026
2022,CMIG4,1.506473
2022,CMIN3,0.92112
2022,COCE5,1.9434620000000002
2022,CPFE3,3.242281
2022,CPLE3,0.902585
2022,CPLE6,0.992572
2022,CRPG5,4.755181
2022,CSAN3,0.42811
2022,CSED3,0.051599
2022,CSMG3,0.384332
2022,CSNA3,2.580458
2022,CSUD3,0.775045
2022,CTSA4,0.95517
2022,CURY3,0.51535
2022,CXSE3,0.64857
2022,CYRE3,0.564779
2022,DESK3,0.013908
2022,DEXP3,0.384812
2022,DEXP4,0.405662
2022,DIRR3,0.388393
2022,DOHL4,0.132
2022,DXCO3,0.308198
2022,EALT3,0.201803
2022,EALT4,0.22198500000000002
2022,ECOR3,0.007587
2022,EGIE3,2.989438
2022,ELET3,0.773505
2022,ELET6,1.614105
2022,EMAE4,0.881294
2022,ENGI11,3.3600000000000003
2022,ENGI3,0.646319
2022,ENGI4,0.672
2022,ENMT3,3.539866
2022,ENMT4,3.539866
2022,EPAR3,2.018765
2022,EQPA3,0.88326
2022,EQTL3,0.634912
2022,ETER3,1.002821
2022,EVEN3,0.150012
2022,EZTC3,0.7781
2022,FESA4,0.723128
2022,FICT3,0.06898
2022,FIQE3,0.084258
2022,FLRY3,0.9498010000000001
2022,FRAS3,0.261255
2022,GEPA4,1.339268
2022,GGBR3,2.8809519999999997
2022,GGBR4,2.8809519999999997
2022,GOAU3,1.25
2022,GOAU4,1.25
2022,GRND3,0.305591
2022,GUAR3,0.1405
2022,HBOR3,0.180718
2022,HYPE3,1.23197
2022,IGTI11,0.34131
2022,IGTI3,0.048756
2022,INTB3,0.562239
2022,ISAE3,1.062404
2022,ISAE4,1.062404
2022,ITSA3,0.523074
2022,ITSA4,0.523279
2022,ITUB3,0.925576
2022,ITUB4,0.925576
2022,JALL3,0.177472
2022,JHSF3,0.208704
2022,JSLG3,0.45223800000000003
2022,KEPL3,0.901851
2022,KLBN11,1.371931
2022,KLBN3,0.274386
2022,KLBN4,0.274386
2022,LAND3,0.204923
2022,LAVV3,0.6035470000000001
2022,LEVE3,1.035012
2022,LIGT3,0.187404
2022,LOGG3,0.866635
2022,LPSB3,0.075575
2022,LREN3,0.606183
2022,LUXM4,0.087043
2022,LVTC3,0.174002
2022,MATD3,0.090022
2022,MDIA3,1.946626
2022,MELK3,0.209538
2022,MILS3,0.26227999999999996
2022,MLAS3,0.123055
2022,MOAR3,14.692412999999998
2022,MOVI3,0.8467
2022,MRFG3,2.23486
2022,MRVE3,0.395616
2022,MTRE3,0.32744399999999996
2022,MTSA4,1.98
2022,MULT3,0.7168570000000001
2022,MYPK3,0.832607
2022,NEOE3,0.798654
2022,NGRD3,0.3716
2022,ODPV3,0.303558
2022,OFSA3,0.6762889999999999
2022,PATI3,2.911122
2022,PCAR3,0.317293
2022,PEAB3,1.85951
2022,PETR3,16.766642
2022,PETR4,15.16645
2022,PETZ3,0.017354
2022,PFRM3,0.173318
2022,PLPL3,0.161174
2022,PNVL3,0.222131
2022,POMO3,0.118333
2022,POMO4,0.118333
2022,PORT3,0.60423
2022,POSI3,0.680482
2022,PSSA3,0.748245
2022,PTBL3,0.332874
2022,PTNT3,0.318749
2022,PTNT4,0.318749
2022,QUAL3,0.255432
2022,RADL3,0.244796
2022,RAIL3,0.019307
2022,RAIZ4,0.170412
2022,RANI3,0.6393449999999999
2022,RAPT3,0.212644
2022,RAPT4,0.859998
2022,RDNI3,0.05717
2022,RDOR3,0.503773
2022,RECV3,0.774734
2022,REDE3,0.52214
2022,RENT3,1.308586
2022,ROMI3,0.717827
2022,RSUL4,1.98453
2022,SANB11,2.241702
2022,SANB3,1.0674759999999999
2022,SANB4,1.1742240000000002
2022,SAPR11,1.1020940000000001
2022,SAPR3,0.204091
2022,SAPR4,0.224501
2022,SBFG3,0.117848
2022,SBSP3,0.9427
2022,SCAR3,0.143764
2022,SHUL4,0.216476
2022,SIMH3,0.6534369999999999
2022,SLCE3,1.2608650000000001
2022,SMTO3,1.132979
2022,SOJA3,0.108764
2022,STBP3,0.6589200000000001
2022,SUZB3,2.535949
2022,SYNE3,0.524093
2022,TAEE11,2.827187
2022,TAEE3,1.166114
2022,TAEE4,1.166114
2022,TASA3,1.476695
2022,TASA4,1.476695
2022,TECN3,0.080987
2022,TFCO4,0.18036
2022,TGMA3,1.121693
2022,TIMS3,0.578447
2022,TKNO4,9.593103
2022,TOTS3,0.1
2022,TPIS3,0.074752
2022,TRAD3,0.001421
2022,TRIS3,0.219644
2022,TTEN3,0.015304
2022,TUPY3,0.22487
2022,UCAS3,0.1816
2022,UGPA3,0.58287
2022,UNIP3,11.532239
2022,UNIP6,12.685463
2022,USIM3,0.571934
2022,USIM5,0.629128
2022,VALE3,7.5833260000000005
2022,VAMO3,0.258962
2022,VBBR3,0.8561780000000001
2022,VITT3,0.332075
2022,VIVA3,0.053853
2022,VIVT3,0.406686
2022,VLID3,0.290354
2022,VULC3,0.365069
2022,VVEO3,0.43296599999999996
2022,WEGE3,0.51568
2022,WHRL3,0.1871
2022,WHRL4,0.2058
2022,WIZC3,0.587949
2022,WLMM4,0.739371
2022,YDUQ3,0.126471
2023,ABCB4,1.192481
2023,ABEV3,0.7302
2023,AGRO3,3.212353
2023,AGXY3,0.59486
2023,ALLD3,0.965452
2023,ALOS3,0.519014
2023,ALUP11,1.664202
2023,ALUP3,0.554733
2023,ALUP4,0.554733
2023,ARML3,0.170819
2023,ASAI3,0.050019
2023,AURE3,3.0
2023,AZZA3,1.932467
2023,B3SA3,0.382003
2023,BALM4,0.992353
2023,BAZA3,5.55926
2023,BBAS3,1.231954
2023,BBDC3,1.0953629999999999
2023,BBDC4,1.2048999999999999
2023,BBSE3,3.486214
2023,BEEF3,0.487775
2023,BEES3,0.632523
2023,BEES4,0.632523
2023,BLAU3,0.36993699999999996
2023,BMEB3,1.479664
2023,BMEB4,1.627628
2023,BMGB4,0.03984
2023,BMKS3,57.78632
2023,BMOB3,0.7552409999999999
2023,BNBR3,6.201299000000001
2023,BPAC11,0.780036
2023,BPAC3,0.260012
2023,BPAC5,0.260012
2023,BPAN4,0.215123
2023,BRAP3,2.747205
2023,BRAP4,3.0219259999999997
2023,BRBI11,1.02
2023,BRSR3,0.917263
2023,BRSR6,0.917263
2023,BSLI3,0.13686600000000002
2023,CALI3,0.44679
2023,CAMB3,0.297725
2023,CAML3,0.28872200000000003
2023,CBAV3,0.345418
2023,CEBR3,2.651654
2023,CEBR5,2.651654
2023,CEBR6,2.916819
2023,CEEB3,4.5631639999999996
2023,CEEB5,4.5631639999999996
2023,CGAS3,3.1554130000000002
2023,CGAS5,3.470954
2023,CGRA3,2.702486
2023,CGRA4,2.702486
2023,CLSC4,6.890038
2023,CMIG3,0.992866
2023,CMIG4,0.992866
2023,CMIN3,0.6975549999999999
2023,COCE5,0.307952
2023,CPFE3,2.885587
2023,CPLE3,0.304025
2023,CPLE6,0.334427
2023,CRPG5,4.945289
2023,CSAN3,0.42858
2023,CSED3,0.23339699999999997
2023,CSMG3,2.893013
2023,CSNA3,1.328824
2023,CSUD3,1.163592
2023,CURY3,1.1326850000000002
2023,CXSE3,1.0103689999999999
2023,CYRE3,0.8446990000000001
2023,DESK3,0.019782
2023,DEXP3,0.390878
2023,DEXP4,0.493907
2023,DIRR3,0.47
2023,DXCO3,0.215309
2023,EALT3,0.15692
2023,EALT4,0.17263
2023,ECOR3,0.083886
2023,EGIE3,2.9014320000000002
2023,ELET3,0.220929
2023,ELET6,1.493652
2023,EMAE4,3.287331
2023,ENGI11,1.5
2023,ENGI3,0.288536
2023,ENGI4,0.30000000000000004
2023,ENMT3,3.549643
2023,ENMT4,3.549643
2023,EPAR3,3.866726
2023,EQPA3,0.022464
2023,EQTL3,0.347628
2023,ETER3,0.335971
2023,EUCA3,0.969684
2023,EUCA4,1.066708
2023,EVEN3,0.503485
2023,EZTC3,0.20489400000000002
2023,FESA4,0.685087
2023,FICT3,0.320385
2023,FIQE3,0.15481699999999998
2023,FLRY3,0.434801
2023,FRAS3,0.240767
2023,GEPA4,3.0368079999999997
2023,GGBR3,1.33373
2023,GGBR4,1.33373
2023,GGPS3,0.259048
2023,GOAU3,1.59
2023,GOAU4,1.59
2023,GRND3,0.273979
2023,HBOR3,0.091379
2023,HYPE3,1.23144
2023,IGTI11,0.36603300000000005
2023,IGTI3,0.052291000000000004
2023,INTB3,0.534296
2023,ISAE3,2.204083
2023,ISAE4,2.204083
2023,ITSA3,0.531406
2023,ITSA4,0.531577
2023,ITUB3,1.142395
2023,ITUB4,1.142395
2023,JALL3,0.441524
2023,JHSF3,0.451136
2023,JSLG3,0.316868
2023,KEPL3,0.859165
2023,KLBN11,1.231005
2023,KLBN3,0.246202
2023,KLBN4,0.246202
2023,LAND3,1.354462
2023,LAVV3,0.660253
2023,LEVE3,9.056066
2023,LOGG3,0.917768
2023,LPSB3,0.020692
2023,LREN3,0.648853
2023,LUXM4,0.297265
2023,LVTC3,0.013577
2023,LWSA3,0.052421
2023,MATD3,0.064345
2023,MDIA3,0.630364
2023,MELK3,0.560557
2023,MILS3,0.298081
2023,MOAR3,14.692414
2023,MOVI3,0.120779
2023,MTRE3,0.759142
2023,MTSA4,3.4650000000000003
2023,MULT3,0.996308
2023,MYPK3,0.30128
2023,NEOE3,1.157102
2023,NGRD3,0.369753
2023,ODPV3,0.192872
2023,OFSA3,0.47311200000000003
2023,PATI3,0.48309
2023,PEAB3,0.296455
2023,PETR3,7.344291
2023,PETR4,7.344291
2023,PETZ3,0.017035
2023,PFRM3,0.115732
2023,PGMN3,0.179566
2023,PINE3,0.161432
2023,PINE4,0.16209
2023,PLPL3,0.160141
2023,PNVL3,0.197897
2023,POMO3,0.276666
2023,POMO4,0.301666
2023,PORT3,0.633213
2023,POSI3,0.514055
2023,PRIO3,0.072644
2023,PSSA3,1.370212
2023,PTBL3,0.210052
2023,PTNT3,0.212294
2023,PTNT4,0.212294
2023,QUAL3,0.079075
2023,RADL3,0.3046
2023,RAIL3,0.066017
2023,RAIZ4,0.266519
2023,RANI3,0.8533350000000001
2023,RAPT3,0.578885
2023,RAPT4,0.58176
2023,RDNI3,0.144192
2023,RDOR3,0.36927699999999997
2023,RECV3,0.99011
2023,REDE3,0.711274
2023,RENT3,1.502569
2023,ROMI3,0.8972410000000001
2023,RSUL4,2.912009
2023,SANB11,1.667602
2023,SANB3,0.794096
2023,SANB4,0.873506
2023,SAPR11,1.833332
2023,SAPR3,0.339505
2023,SAPR4,0.373456
2023,SBFG3,0.13582
2023,SBSP3,1.276
2023,SHUL4,0.291852
2023,SIMH3,0.019527
2023,SLCE3,1.234607
2023,SMFT3,0.452634
2023,SMTO3,1.2414290000000001
2023,SOJA3,0.955918
2023,STBP3,0.44171000000000005
2023,SUZB3,1.163375
2023,TAEE11,2.9145079999999997
2023,TAEE3,0.9715020000000001
2023,TAEE4,0.9715020000000001
2023,TASA3,1.268746
2023,TASA4,1.268746
2023,TECN3,0.082006
2023,TFCO4,0.175689
2023,TGMA3,1.71
2023,TIMS3,0.908828
2023,TKNO4,4.3700969999999995
2023,TOTS3,0.65
2023,TPIS3,0.045897
2023,TRIS3,0.137278
2023,TTEN3,0.115164
2023,TUPY3,1.231166
2023,UCAS3,0.2009
2023,UGPA3,0.35
2023,UNIP3,2.193798
2023,UNIP6,2.1716740000000003
2023,USIM3,0.298879
2023,USIM5,0.328767
2023,VALE3,6.077780000000001
2023,VAMO3,0.33635099999999996
2023,VBBR3,0.832716
2023,VITT3,0.357272
2023,VIVA3,0.364192
2023,VIVT3,1.544711
2023,VLID3,1.220031
2023,VSTE3,0.11573
2023,VULC3,0.922039
2023,WEGE3,0.6148
2023,WHRL3,0.3404
2023,WHRL4,0.3745
2023,WIZC3,0.445192
2023,WLMM4,0.914212
2023,YDUQ3,0.27493
2024,ABCB4,2.386
2024,ABEV3,0.6676
2024,AGRO3,1.555983
2024,ALLD3,2.366822
2024,ALOS3,1.527421
2024,ALUP11,1.355769
2024,ALUP3,0.451923
2024,ALUP4,0.451923
2024,ARML3,0.31789
2024,AURE3,0.4
2024,AZZA3,1.1158890000000001
2024,B3SA3,0.40162
2024,BALM4,0.717647
2024,BAZA3,6.625162
2024,BBAS3,2.188257
2024,BBDC3,0.745712
2024,BBDC4,0.820283
2024,BBSE3,2.6521980000000003
2024,BEES3,0.685943
2024,BEES4,0.685943
2024,BLAU3,0.364324
2024,BMEB3,2.0015530000000004
2024,BMEB4,2.201707
2024,BMGB4,0.167328
2024,BMKS3,39.26519
2024,BMOB3,0.643845
2024,BNBR3,6.055717
2024,BPAC11,0.858204
2024,BPAC3,0.286068
2024,BPAC5,0.286068
2024,BPAN4,0.24149
2024,BRAP3,1.748656
2024,BRAP4,1.923521
2024,BRBI11,1.05
2024,BRFS3,0.7046279999999999
2024,BRSR3,0.9949300000000001
2024,BRSR6,0.9949300000000001
2024,BSLI3,0.077934
2024,BSLI4,0.026736375
2024,CALI3,0.617769
2024,CAMB3,0.666366
2024,CAML3,0.293204
2024,CEBR3,1.561471
2024,CEBR5,1.561471
2024,CEBR6,1.7176179999999999
2024,CEEB3,3.1712059999999997
2024,CEEB5,3.1712059999999997
2024,CGAS3,20.161785000000002
2024,CGAS5,22.177964
2024,CGRA3,2.686184
2024,CGRA4,2.686184
2024,CLSC4,6.498302000000001
2024,CMIG3,1.328833
2024,CMIG4,1.384902
2024,CMIN3,0.789039
2024,COCE5,0.988254
2024,CPLE3,0.385905
2024,CPLE6,0.424496
2024,CRPG5,0.289468
2024,CSAN3,0.451477
2024,CSED3,0.16459
2024,CSMG3,2.3169440000000003
2024,CSNA3,1.2668789999999999
2024,CSUD3,1.085893
2024,CURY3,1.668033
2024,CXSE3,1.0803390000000002
2024,CYRE3,0.596783
2024,DESK3,0.042149
2024,DEXP3,0.53125
2024,DEXP4,0.733873
2024,DIRR3,1.753333
2024,DXCO3,0.117626
2024,EALT3,0.01402
2024,EALT4,0.015422
2024,ECOR3,0.194461
2024,EGIE3,2.668449
2024,ELET3,1.2667739999999998
2024,ELET6,3.646128
2024,EMAE4,1.632526
2024,ENGI11,2.0
2024,ENGI3,0.392357
2024,ENGI4,0.4
2024,ENMT3,2.749886
2024,ENMT4,2.749886
2024,EPAR3,1.211258
2024,EQPA3,0.76
2024,EQTL3,0.447184
2024,ETER3,0.25199
2024,EVEN3,0.60116
2024,EZTC3,1.080474
2024,FESA4,0.526243
2024,FIQE3,0.212434
2024,FLRY3,0.6989110000000001
2024,FRAS3,0.40372699999999995
2024,GEPA4,5.993650000000001
2024,GGBR3,0.7833330000000001
2024,GGBR4,0.7833330000000001
2024,GGPS3,0.226117
2024,GMAT3,0.193613
2024,GOAU3,0.45
2024,GOAU4,0.45
2024,GRND3,0.409481
2024,GUAR3,0.1202
2024,HBOR3,0.091013
2024,HYPE3,1.0705500000000001
2024,IGTI11,0.6730700000000001
2024,IGTI3,0.096153
2024,INTB3,0.487812
2024,ITSA3,0.633833
2024,ITSA4,0.633996
2024,ITUB3,2.193872
2024,ITUB4,2.193872
2024,JALL3,0.067695
2024,JHSF3,0.37095
2024,JSLG3,0.420512
2024,KEPL3,0.578104
2024,KLBN11,1.328534
2024,KLBN3,0.26570699999999997
2024,KLBN4,0.26570699999999997
2024,LAND3,0.086931
2024,LAVV3,0.579528
2024,LEVE3,2.362324
2024,LJQQ3,0.289718
2024,LOGG3,2.415296
2024,LPSB3,0.040636
2024,LREN3,0.602411
2024,LUXM4,0.111215
2024,LWSA3,0.071647
2024,MATD3,0.074861
2024,MDIA3,0.24
2024,MDNE3,0.65
2024,MELK3,0.40012499999999995
2024,MILS3,0.394531
2024,MOAR3,35.384229
2024,MOVI3,0.15371
2024,MRFG3,2.833731
2024,MTRE3,0.299468
2024,MTSA4,1.65
2024,MULT3,0.623834
2024,MYPK3,0.604644
2024,NEOE3,1.090301
2024,NGRD3,0.135771
2024,ODPV3,1.0825040000000001
2024,OFSA3,0.913424
2024,PATI3,5.058923
2024,PDTC3,0.046221
2024,PEAB3,1.281442
2024,PETR3,7.931122
2024,PETR4,7.931122
2024,PETZ3,0.291073
2024,PFRM3,0.5595760000000001
2024,PGMN3,0.294282
2024,PINE3,0.603859
2024,PINE4,0.6053580000000001
2024,PLPL3,0.504398
2024,PNVL3,0.335384
2024,POMO3,0.551667
2024,POMO4,0.551667
2024,PORT3,1.068269
2024,POSI3,0.418228
2024,PSSA3,0.709179
2024,PTNT3,0.270746
2024,PTNT4,0.270746
2024,RADL3,0.33804599999999996
2024,RAIL3,0.092402
2024,RAIZ4,0.01623
2024,RANI3,0.526715
2024,RAPT3,0.153498
2024,RAPT4,0.36364
2024,RDOR3,0.647713
2024,RECV3,2.751188
2024,REDE3,0.583645
2024,RENT3,1.5849410000000002
2024,ROMI3,0.8042860000000001
2024,RSUL4,2.126921
2024,SANB11,1.610231
2024,SANB3,0.766777
2024,SANB4,0.843454
2024,SAPR11,1.3652549999999999
2024,SAPR3,0.25282499999999997
2024,SAPR4,0.278108
2024,SBFG3,0.173525
2024,SBSP3,1.4404
2024,SCAR3,1.742338
2024,SHUL4,0.37527599999999994
2024,SLCE3,0.829965
2024,SMFT3,0.526025
2024,SMTO3,1.347901
2024,SOJA3,0.147795
2024,STBP3,2.6027750000000003
2024,SUZB3,2.017363
2024,SYNE3,2.882516
2024,TAEE11,3.5324560000000003
2024,TAEE3,1.1774850000000001
2024,TAEE4,1.1774850000000001
2024,TASA3,0.275871
2024,TASA4,0.275871
2024,TECN3,0.1484
2024,TEND3,0.170623
2024,TFCO4,0.221221
2024,TGMA3,2.71
2024,TIMS3,1.140446
2024,TKNO4,6.3295189999999995
2024,TOTS3,0.45
2024,TPIS3,0.230539
2024,TRIS3,0.19768000000000002
2024,TTEN3,0.117656
2024,TUPY3,0.40889200000000003
2024,UCAS3,0.1816
2024,UGPA3,0.65
2024,UNIP3,2.862461
2024,UNIP6,1.559657
2024,USIM3,0.257325
2024,USIM5,0.283058
2024,VALE3,5.352877
2024,VAMO3,0.268262
2024,VBBR3,1.570186
2024,VITT3,0.148367
2024,VIVA3,0.37285
2024,VIVT3,1.401505
2024,VLID3,1.777419
2024,VSTE3,0.047456
2024,VULC3,3.15
2024,VVEO3,0.136522
2024,WEGE3,0.755849
2024,WHRL3,0.37949299999999997
2024,WHRL4,0.417442
2024,WIZC3,0.246244
2024,WLMM4,0.6940919999999999
2024,YDUQ3,0.273695
2025,ABCB4,1.086
2025,ABEV3,0.2556
2025,ALLD3,0.737651
2025,ALOS3,0.690808
2025,ALPA3,0.096733
2025,ALPA4,0.106407
2025,ALUP11,0.6599999999999999
2025,ALUP3,0.22000000000000003
2025,ALUP4,0.22000000000000003
2025,ARML3,0.150493
2025,ASAI3,0.10724700000000001
2025,AURE3,0.057033
2025,B3SA3,0.19968199999999997
2025,BALM4,0.64
2025,BAZA3,8.012259
2025,BBAS3,0.685781
2025,BBDC3,0.88251
2025,BBDC4,0.970761
2025,BBSE3,4.262256
2025,BEES3,0.30940100000000004
2025,BEES4,0.30940100000000004
2025,BLAU3,0.253263
2025,BMEB3,0.022326
2025,BMEB4,0.024559
2025,BMGB4,0.1
2025,BMKS3,33.12922
2025,BMOB3,0.694573
2025,BNBR3,6.0352619999999995
2025,BPAC11,0.752383
2025,BPAC3,0.250795
2025,BPAC5,0.250795
2025,BRAP3,0.836106
2025,BRAP4,0.919716
2025,BRBI11,0.6599999999999999
2025,BRSR3,0.527175
2025,BRSR6,0.527175
2025,BRST3,0.1894378
2025,BSLI3,0.117317
2025,BSLI4,0.69985855
2025,CAMB3,0.655167
2025,CAML3,0.146596
2025,CBEE3,0.418807
2025,CEAB3,0.382469
2025,CEBR3,1.149649
2025,CEBR5,1.149649
2025,CEBR6,1.264614
2025,CEEB3,1.1805219999999998
2025,CEEB5,1.1805219999999998
2025,CGAS3,0.696127
2025,CGAS5,0.76574
2025,CGRA3,1.792827
2025,CGRA4,1.792827
2025,CLSC4,5.276814
2025,CMIG3,1.056537
2025,CMIG4,1.056537
2025,CMIN3,0.278277
2025,COCE5,1.351562
2025,COGN3,0.06672
2025,CSED3,0.211224
2025,CSMG3,0.944918
2025,CSUD3,0.777079
2025,CURY3,1.1360999999999999
2025,CXSE3,0.941872
2025,CYRE3,1.069137
2025,DESK3,0.036798
2025,DEXP3,0.383482
2025,DEXP4,0.122775
2025,DIRR3,1.09
2025,DOHL4,0.011
2025,DXCO3,0.007475
2025,EALT3,0.42444
2025,ECOR3,0.308678
2025,EGIE3,1.7579129999999998
2025,ELET3,2.652877
2025,ELET6,2.044521
2025,EMBR3,0.070109
2025,ENGI11,2.9
2025,ENGI3,0.5800000000000001
2025,ENGI4,0.5800000000000001
2025,ENMT3,4.6423570000000005
2025,ENMT4,4.6423570000000005
2025,EPAR3,0.874798
2025,EQPA3,0.6587
2025,EQTL3,0.789294
2025,ESPA3,0.001658
2025,ETER3,0.03685
2025,EUCA3,0.668592
2025,EUCA4,0.735467
2025,EZTC3,0.545023
2025,FESA4,0.027298
2025,FIQE3,0.269057
2025,FLRY3,0.776239
2025,FRAS3,0.340245
2025,GEPA4,4.048288
2025,GGBR3,0.33999999999999997
2025,GGBR4,0.33999999999999997
2025,GGPS3,0.093081
2025,GMAT3,0.127174
2025,GOAU3,0.21000000000000002
2025,GOAU4,0.21000000000000002
2025,GRND3,0.433881
2025,GUAR3,0.1177
2025,HBOR3,0.10114
2025,HYPE3,0.585
2025,IGTI11,0.6751659999999999
2025,IGTI3,0.096452
2025,INTB3,0.48622
2025,ISAE3,2.006709
2025,ISAE4,2.006709
2025,ITSA3,0.917079
2025,ITSA4,0.917079
2025,ITUB3,2.274221
2025,ITUB4,2.274221
2025,JHSF3,0.186354
2025,KEPL3,0.25098
2025,KLBN11,0.323403
2025,KLBN3,0.10483200000000001
2025,KLBN4,0.10483200000000001
2025,LAND3,0.072401
2025,LAVV3,0.65925
2025,LEVE3,1.686722
2025,LOGG3,0.473016
2025,LPSB3,0.032163
2025,LREN3,0.187752
2025,LUXM4,0.11619
2025,LVTC3,0.190027
2025,LWSA3,0.051909
2025,MATD3,0.074861
2025,MDIA3,0.49025299999999994
2025,MDNE3,0.590891
2025,MELK3,0.978435
2025,MGLU3,0.305175
2025,MILS3,0.505123
2025,MOAR3,32.241685000000004
2025,MOTV3,0.179347
2025,MOVI3,0.023924
2025,MTRE3,0.349798
2025,MTSA4,1.1
2025,MULT3,0.88005
2025,MYPK3,0.194621
2025,NEOE3,0.567591
2025,ODPV3,0.520826
2025,OFSA3,0.092974
2025,PATI3,0.791435
2025,PEAB3,0.788596
2025,PETR3,2.32922
2025,PETR4,2.32922
2025,PFRM3,0.285457
2025,PGMN3,0.252934
2025,PINE3,0.176661
2025,PINE4,0.176661
2025,PLPL3,1.006013
2025,PNVL3,0.177724
2025,POMO3,0.48000000000000004
2025,POMO4,0.48000000000000004
2025,PORT3,0.768753
2025,POSI3,0.273743
2025,PSSA3,1.510064
2025,QUAL3,0.005527
2025,RADL3,0.206596
2025,RAIL3,0.810438
2025,RANI3,0.688783
2025,RAPT4,0.046745
2025,RDOR3,0.384992
2025,RECV3,0.90014
2025,REDE3,0.5349999999999999
2025,RENT3,0.9625790000000001
2025,ROMI3,0.36
2025,RSUL4,2.245184
2025,SANB11,1.340317
2025,SANB3,0.638246
2025,SANB4,0.702071
2025,SAPR11,2.2083649999999997
2025,SAPR3,0.408957
2025,SAPR4,0.449852
2025,SBFG3,0.548366
2025,SBSP3,3.730472
2025,SEER3,0.154113
2025,SHUL4,0.253475
2025,SIMH3,0.07029
2025,SLCE3,0.546327
2025,SMFT3,0.133948
2025,SMTO3,0.456513
2025,SOJA3,0.148676
2025,STBP3,0.273286
2025,SYNE3,0.458582
2025,TAEE11,2.290899
2025,TAEE3,0.763633
2025,TAEE4,0.763633
2025,TASA3,0.184258
2025,TASA4,0.184258
2025,TECN3,0.23879
2025,TEND3,0.407903
2025,TFCO4,0.146885
2025,TGMA3,1.94
2025,TIMS3,1.3886960000000002
2025,TKNO4,4.146551
2025,TOTS3,0.29000000000000004
2025,TRIS3,0.300639
2025,TTEN3,0.190632
2025,TUPY3,1.39228
2025,UGPA3,0.750164
2025,UNIP3,5.453582
2025,UNIP6,5.998939999999999
2025,VALE3,4.037234
2025,VBBR3,0.818392
2025,VITT3,0.156749
2025,VIVA3,0.660163
2025,VIVT3,1.2046670000000002
2025,VLID3,1.575509
2025,VSTE3,0.001387
2025,VTRU3,0.021604
2025,VULC3,1.0
2025,WEGE3,0.648868
2025,WHRL3,0.338667
2025,WHRL4,0.37253400000000003
2025,WIZC3,0.250319
2025,WLMM4,0.555523
2025,YDUQ3,0.570657
