ticker,empresa,subsetor_b3,tipo,market_cap,logo,preco_atual,p_l,p_vp,payout_ratio,crescimento_preco_5a,roe,divida_total,ebitda,divida_ebitda,perfil_acao,lpa,vpa,margem_seguranca_percent,sentimento_gauge,strong_buy,buy,hold,sell,strong_sell,rsi_14_1y,macd_diff_1y,volume_1y
CSAN3,Cosan S.A.,"Petróleo, Gás e Biocombustíveis",stock,11414483968,https://icons.brapi.dev/icons/CSAN3.svg,6.14,,1.5869733,,-61.80545107875428,-25.155002,66775937024.0,12846945280.0,5.197806604497345,Mid Cap,-6.41,3.869,,70.45454545454545,2,5,4,0,0,40.42455189639508,-0.04351243571678265,149368900.0
RAIZ4,Raízen S.A.,Comércio Varejista,stock,12308170752,https://icons.brapi.dev/icons/RAIZ4.svg,1.19,,0.75699747,215.01000000000002,-81.36105243416965,-35.359,72884953088.0,8812768256.0,8.27038122083577,Mid Cap,-0.69,1.572,,75.0,3,8,3,0,0,42.42256718586446,0.0056616089226179155,109008100.0
B3SA3,"B3 S.A. - Brasil, Bolsa, Balcão",Serviços Financeiros Diversos,stock,69775736832,https://icons.brapi.dev/icons/B3SA3.svg,13.5,15.0,3.5545022,32.75,-16.377093057298552,24.775,14993871872.0,6536744960.0,2.2937826033830757,Blue Chip,0.9,3.798,-35.04,67.85714285714286,3,4,7,0,0,57.5594318154175,0.07163095285405402,52141000.0
AZUL4,Azul S.A.,Transporte e Logística,stock,1164531200,https://icons.brapi.dev/icons/AZUL4.svg,1.26,,-0.044715736,,-95.20365447846467,,35082772480.0,2693093888.0,13.026939995045579,Micro Cap,-10.24,-28.178,,35.0,0,0,3,1,1,60.41784627769086,0.012433113843771243,40543200.0
BBDC4,Banco Bradesco S.A.,Bancos,stock,173948420096,https://icons.brapi.dev/icons/BBDC4.svg,17.74,9.537634,1.0780263,51.09,45.214999994925755,12.3459995,747837849600.0,,,Blue Chip,1.86,16.456,47.93,63.46153846153846,1,7,4,0,1,68.17349570030294,0.06168700749469075,30550000.0
COGN3,Cogna Educação S.A.,Educação,stock,5769063936,https://icons.brapi.dev/icons/COGN3.svg,3.18,5.482759,0.4590732,11.5,-42.39624412383159,9.246001,6472005120.0,1817430016.0,3.561075289294661,Small Cap,0.58,6.927,198.99,62.5,1,4,7,0,0,64.03424081633031,0.01611521100198314,29392500.0
BBAS3,Banco do Brasil S.A.,Bancos,stock,122787479552,https://icons.brapi.dev/icons/BBAS3.svg,21.51,7.73741,0.6941621,43.78,95.6218782063569,15.581,1068331958272.0,,,Blue Chip,2.78,30.987,104.67,53.84615384615385,1,2,9,0,1,54.070666252457336,0.00024912588865522167,28924200.0
PETR4,Petróleo Brasileiro S.A. - Petrobras,"Petróleo, Gás e Biocombustíveis",stock,424012808192,https://icons.brapi.dev/icons/PETR4.svg,31.37,5.5228877,5.5267797,65.419996,409.09906689709914,18.483,68064002048.0,33190748160.0,2.0506920097097323,Blue Chip,5.68,5.676,-14.14,76.92307692307692,4,6,3,0,0,54.83096011948386,0.021893420379441725,21339500.0
VALE3,Vale S.A.,Mineração e Siderurgia,stock,247589175296,https://icons.brapi.dev/icons/VALE3.svg,58.0,8.950617,1.1560233,67.95,64.95789190343916,12.837000000000002,110776999936.0,71611998208.0,1.5469055843720998,Blue Chip,6.48,50.172,47.46,72.91666666666666,3,5,4,0,0,77.90906507401908,0.07707621449823054,21317300.0
BRFS3,BRF S.A.,Alimentos e Bebidas,stock,28759025664,https://icons.brapi.dev/icons/BRFS3.svg,17.95,8.159091,1.7065984,32.0,-4.896708360597346,22.483998999999997,24862439424.0,9244005376.0,2.6895743146742195,Mid Cap,2.2,10.518,27.12,56.25,0,3,4,1,0,34.742397728832074,-0.14382445163710914,20737500.0
VAMO3,"Vamos Locação de Caminhões, Máquinas e Equipamentos S.A.",Serviços Financeiros Diversos,stock,3923197440,https://icons.brapi.dev/icons/VAMO3.svg,3.68,7.2156863,1.5063447,52.370000000000005,-48.489946637922124,14.401,16702650368.0,3456861952.0,4.831737743630903,Small Cap,0.51,2.443,43.88,75.0,5,4,3,1,0,37.55064387802797,-0.03838377762807736,18584100.0
ITSA4,Itaúsa S.A.,Serviços Financeiros Diversos,stock,124054609920,https://icons.brapi.dev/icons/ITSA4.svg,11.3,8.129497,1.3677076,63.080000000000005,125.65314508509813,17.228001000000003,12675999744.0,1847000064.0,6.863020738909947,Blue Chip,1.39,8.262,42.25,82.14285714285714,2,5,0,0,0,60.780344343473914,0.009718435859201513,17951400.0
RAIL3,Rumo S.A.,Transporte e Logística,stock,27669409792,https://icons.brapi.dev/icons/RAIL3.svg,14.91,42.6,2.0588236,232.6,-23.82513466310131,4.7020003,27253602304.0,7207649792.0,3.781205121015957,Mid Cap,0.35,7.242,-49.35,73.33333333333334,3,8,4,0,0,47.69437898677893,0.10514342510589797,18435200.0
MRFG3,Marfrig Global Foods S.A.,Alimentos e Bebidas,stock,17631934464,https://icons.brapi.dev/icons/MRFG3.svg,21.12,12.957056,6.2209134,173.52,111.8595439044641,12.0170005,66303942656.0,11297482752.0,5.868912934986528,Mid Cap,1.63,3.395,-47.17,69.23076923076923,3,4,6,0,0,37.246426135180045,-0.2871429584581322,18037300.0
ITUB4,Itaú Unibanco Holding S.A.,Bancos,stock,389550374912,https://icons.brapi.dev/icons/ITUB4.svg,38.44,9.61,1.9876931,66.040003,138.6919196315687,20.809,1012388986880.0,,,Blue Chip,4.0,19.339,8.53,78.84615384615384,3,9,1,0,0,57.455806054835335,-0.0027527241249611367,17123700.0
NATU3,Natura Cosméticos S.A.,Bens de Consumo,stock,12855800832,https://icons.brapi.dev/icons/BRAPI.svg,9.36,,0.8552631,,-74.60662099379175,2.1,6937277952.0,2364498944.0,2.9339315078163133,Mid Cap,-1.69,10.944,,58.92857142857143,1,3,10,0,0,49.47620931615574,0.25727008257048994,17370400.0
WEGE3,WEG S.A.,Máquinas e Equipamentos,stock,155702280192,https://icons.brapi.dev/icons/WEGE3.svg,37.11,24.254902,7.0084987,33.52,24.29316799009147,31.330000000000002,3352291072.0,8780464128.0,0.3817897349309688,Blue Chip,1.53,5.295,-63.62,67.3076923076923,3,5,3,2,0,49.04220752756252,-0.00323857165977548,17289100.0
ASAI3,Sendas Distribuidora S.A.,Comércio Varejista,stock,13180922880,https://icons.brapi.dev/icons/ASAI3.svg,9.8,14.411765,2.3580365,15.76,-28.67991727295296,17.687,26414999552.0,5128999936.0,5.150126707273954,Mid Cap,0.68,4.156,-18.63,73.33333333333334,3,8,4,0,0,44.09171958934503,-0.01839912174945398,16900300.0
LREN3,Lojas Renner S.A.,Comércio Varejista,stock,16132463616,https://icons.brapi.dev/icons/LREN3.svg,16.27,12.419848,1.5803789,54.52,-45.154790037911894,13.270001,3101498112.0,2111467008.0,1.468883056305846,Mid Cap,1.31,10.295,7.07,71.66666666666667,4,5,6,0,0,47.994290135296346,0.11766963487211257,15722500.0
MGLU3,Magazine Luiza S.A.,Comércio Varejista,stock,7995652096,https://icons.brapi.dev/icons/MGLU3.svg,10.84,20.846155,0.72117627,58.24,-94.65445910927147,3.496,9726083072.0,1756504064.0,5.537182219693401,Small Cap,0.52,15.031,22.34,45.0,1,1,9,2,2,72.38071428803717,0.19588793577104247,14703300.0
ABEV3,Ambev S.A.,Alimentos e Bebidas,stock,192720650240,https://icons.brapi.dev/icons/ABEV3.svg,12.36,13.148936,2.0839655,98.65,24.447208785932894,16.048999,3157764096.0,27305668608.0,0.1156450018248167,Blue Chip,0.94,5.931,-9.38,54.166666666666664,2,3,10,2,1,47.60391847164239,0.036086516239359795,13590900.0
CVCB3,CVC Brasil Operadora e Agência de Viagens S.A.,Serviços Diversos,stock,1065776704,https://icons.brapi.dev/icons/CVCB3.svg,2.04,,2.2818792,,-85.62391713722333,-19.5,600430016.0,195408992.0,3.0726836562362494,Micro Cap,-0.48,0.894,,65.0,1,1,3,0,0,44.21542711008091,0.005054269369027059,12748600.0
CPLE6,Companhia Paranaense de Energia - COPEL,Energia Elétrica,stock,37087690752,https://icons.brapi.dev/icons/CPLE6.svg,12.82,15.634146,1.487239,73.76,204.83086644205852,10.083999500000001,20213848064.0,5743093248.0,3.519679585742293,Mid Cap,0.82,8.62,-1.63,85.71428571428572,6,8,0,0,0,63.726477782905846,0.0694174999929737,12357100.0
VBBR3,Vibra Energia S.A.,"Petróleo, Gás e Biocombustíveis",stock,26403328000,https://icons.brapi.dev/icons/VBBR3.svg,23.72,4.7250996,1.2663498,26.200000000000003,52.26996356683451,29.847,25696000000.0,9489999872.0,2.7076923442133425,Mid Cap,5.02,18.731,93.91,78.33333333333333,5,7,3,0,0,53.27030505728066,-0.16346339586852454,11857900.0
SIMH3,SIMPAR S.A.,Transporte e Logística,stock,4583808000,https://icons.brapi.dev/icons/SIMH3.svg,5.37,,1.364676,,-16.169945865601033,-2.844,59422158848.0,10757032960.0,5.524028704658724,Small Cap,-0.44,3.935,,77.77777777777779,3,4,2,0,0,48.99027556366304,-0.03268889604959224,11390000.0
BBSE3,BB Seguridade Participações S.A.,Serviços Financeiros Diversos,stock,64525983744,https://icons.brapi.dev/icons/BBSE3.svg,33.24,7.2260876,6.1487236,80.67999999999999,98.21743081147707,86.761004,0.0,9886606336.0,,Blue Chip,4.6,5.406,-28.84,56.25,1,2,8,1,0,64.36610583645967,0.10682767727148353,11136700.0
USIM5,Usinas Siderúrgicas de Minas Gerais S.A.,Mineração e Siderurgia,stock,5465614336,https://icons.brapi.dev/icons/USIM5.svg,4.44,10.829268,0.22511789,,-48.929619680307546,1.9849999999999999,8470974976.0,1859559040.0,4.555367586500507,Small Cap,0.41,19.723,203.8,48.214285714285715,2,0,9,1,2,51.32952530193369,-0.004667882592411687,10143800.0
PCAR3,Companhia Brasileira De Distribuicao,Comércio Varejista,stock,2024659712,https://icons.brapi.dev/icons/PCAR3.svg,4.13,,0.79285854,,-55.715476302474265,-36.366,8780000256.0,657000000.0,13.363775123287672,Small Cap,-3.74,5.209,,37.5,0,0,8,2,2,63.37911177884929,-0.0053161506281528825,9568200.0
MRVE3,MRV Engenharia e Participações S.A.,Construção Civil e Imobiliário,stock,4395665920,https://icons.brapi.dev/icons/MRVE3.svg,7.81,,0.85224795,,-49.589663188458786,-21.170999,8045453824.0,-822000.0,-9787.656720194647,Small Cap,-2.55,9.164,,67.3076923076923,2,5,6,0,0,59.16169774288423,-0.05103279393468557,9296000.0
EMBR3,Embraer S.A.,Máquinas e Equipamentos,stock,58905362432,https://icons.brapi.dev/icons/EMBR3.svg,80.3,29.52206,3.2381644,2.41,1200.6897154709347,11.318,12683850752.0,4080784896.0,3.1081890065885993,Blue Chip,2.72,24.798,-51.49,70.83333333333334,2,2,1,1,0,58.71110809464719,-0.17404106996357738,9066200.0
RADL3,Raia Drogasil S.A.,Comércio Varejista,stock,30165997568,https://icons.brapi.dev/icons/RADL3.svg,17.61,23.797298,4.521181,46.910000000000004,-15.915873907944633,19.186,8420909056.0,3155373056.0,2.668752285878681,Mid Cap,0.74,3.895,-54.27,61.66666666666667,3,4,6,1,1,51.50277281065944,-0.04515209975414969,7837600.0
ECOR3,EcoRodovias Infraestrutura e Logística S.A.,Transporte e Logística,stock,5509320192,https://icons.brapi.dev/icons/ECOR3.svg,7.92,7.266055,1.4582949,,-31.16074169178492,19.634001,23167973376.0,4735272960.0,4.892637356221171,Small Cap,1.09,5.431,45.72,73.07692307692308,2,8,3,0,0,55.311996977176314,-0.05703490979368275,7495600.0
CSNA3,Companhia Siderúrgica Nacional,Mineração e Siderurgia,stock,10822226944,https://icons.brapi.dev/icons/CSNA3.svg,7.95,,0.75822604,9532.45,-29.95436796476014,-10.2010004,52640464896.0,8378865152.0,6.282529189938681,Mid Cap,-1.7,10.485,,39.285714285714285,0,0,10,2,2,57.34683796378194,0.03655735306889317,7136300.0
BRAV3,Brava Energia S.A.,"Petróleo, Gás e Biocombustíveis",stock,8712532992,https://icons.brapi.dev/icons/BRAV3.svg,18.77,4.9007835,0.71120036,,-10.61904543922061,18.078,20767619072.0,3530717952.0,5.881981895562073,Small Cap,3.83,26.392,154.08,75.0,3,5,1,1,0,47.42037960287262,0.0038866965504065765,7047600.0
POMO4,Marcopolo S.A.,Máquinas e Equipamentos,stock,9992347648,https://icons.brapi.dev/icons/POMO4.svg,9.39,8.942858,2.534413,54.67999999999999,344.8354461347182,30.563997999999998,3392624128.0,1523026944.0,2.2275535842391507,Small Cap,1.05,3.705,-0.36,84.375,3,5,0,0,0,54.56309319343806,-0.015365648990829178,6995000.0
SUZB3,Suzano S.A.,Papel e Celulose,stock,62228004864,https://icons.brapi.dev/icons/SUZB3.svg,50.35,7.9042387,1.442528,31.65,17.774894641083684,18.742001,98415149056.0,23519168512.0,4.184465492722943,Blue Chip,6.37,34.904,40.48,82.8125,5,11,0,0,0,38.46749080074414,-0.12977488446296387,6874200.0
BBDC3,Banco Bradesco S.A.,Bancos,stock,174113341440,https://icons.brapi.dev/icons/BBDC3.svg,15.17,8.155914,0.92185223,46.44,33.93515146253965,12.3459995,747837849600.0,,,Blue Chip,1.86,16.456,72.99,50.0,0,0,0,0,0,68.4292199603657,0.0545639109391764,6539300.0
ENEV3,Eneva S.A.,Energia Elétrica,stock,31380037632,https://icons.brapi.dev/icons/ENEV3.svg,16.38,819.0,1.6227461,,27.94375671631808,1.349,23191001088.0,4409864192.0,5.258892355476873,Mid Cap,0.02,10.094,-86.99,77.77777777777779,3,4,2,0,0,73.67638950794324,0.07480630162551877,6425400.0
CMIG4,Companhia Energética de Minas Gerais - CEMIG,Energia Elétrica,stock,35527614464,https://icons.brapi.dev/icons/CMIG4.svg,11.28,4.6040816,1.1333266,38.47,275.59991156143684,23.587,15690228736.0,8869455872.0,1.769018185831727,Mid Cap,2.45,9.953,107.65,35.714285714285715,0,0,9,2,3,60.40751036372376,0.013001306686624928,6392700.0
ELET3,Centrais Elétricas Brasileiras S.A. - Eletrobrás,Energia Elétrica,stock,112649191424,https://icons.brapi.dev/icons/ELET3.svg,49.74,17.211073,0.9424382,29.860002,86.49375729259843,5.6900002,74996277248.0,14432063488.0,5.19650411116595,Blue Chip,2.89,52.778,17.78,85.41666666666667,5,7,0,0,0,77.90753913293578,0.2847589944508899,6345900.0
RENT3,Localiza Rent a Car S.A.,Serviços Financeiros Diversos,stock,41261756416,https://icons.brapi.dev/icons/RENT3.svg,39.13,17.949541,1.6190832,81.23,-14.078286741461598,9.140999599999999,43251912704.0,8123856896.0,5.324061373520285,Mid Cap,2.18,24.168,-12.01,83.33333333333333,5,10,0,0,0,61.94649458546845,0.24981062688915912,6237100.0
GGBR4,Gerdau S.A.,Mineração e Siderurgia,stock,32232861696,https://icons.brapi.dev/icons/GGBR4.svg,16.74,10.528301,0.60890436,40.25,49.72612731354502,5.9770003,19519410176.0,8629995520.0,2.2618100010323063,Mid Cap,1.59,27.492,87.34,80.0,5,8,2,0,0,50.15601166028887,-0.037610382124401875,6116000.0
PETR3,Petróleo Brasileiro S.A. - Petrobras,"Petróleo, Gás e Biocombustíveis",stock,424310112256,https://icons.brapi.dev/icons/PETR3.svg,34.04,5.992958,5.997181,65.419996,425.3575194684302,18.483,68064002048.0,33190748160.0,2.0506920097097323,Blue Chip,5.68,5.676,-20.88,75.0,2,4,2,0,0,53.990613259118724,0.03998050216291135,5877700.0
BEEF3,Minerva S.A.,Alimentos e Bebidas,stock,6314429440,https://icons.brapi.dev/icons/BEEF3.svg,6.41,,4.3814077,,-37.77137760304651,-50.707,26758098944.0,3966532096.0,6.745968089098251,Small Cap,-1.64,1.463,,61.36363636363637,1,3,7,0,0,64.85986686939005,-0.010551149468203513,6129600.0
JHSF3,JHSF Participações S.A.,Construção Civil e Imobiliário,stock,4151784192,https://icons.brapi.dev/icons/JHSF3.svg,6.21,3.740964,0.6933125,22.37,19.501751282871705,19.003999,5747864064.0,696056000.0,8.257760961761697,Small Cap,1.66,8.957,194.53,71.42857142857143,1,4,2,0,0,69.10687713950878,0.07253330302387567,6167100.0
PETZ3,Pet Center Comércio e Participações S.A.,Comércio Varejista,stock,1727865856,https://icons.brapi.dev/icons/PETZ3.svg,3.83,,1.027085,23.830000000000002,-73.40034832162823,-0.9249999999999999,1428183040.0,300238016.0,4.756836122977845,Micro Cap,-0.04,3.729,,44.44444444444444,0,0,7,2,0,40.47590666947137,0.003702458695889775,6090300.0
MOTV3,Motiva Infraestrutura de Mobilidade S.A.,Transporte e Logística,stock,30237734912,https://icons.brapi.dev/icons/BRAPI.svg,15.04,14.601942,2.0566115,14.67,16.981651175392187,14.685,39187509248.0,7419463168.0,5.281717606876865,Mid Cap,1.03,7.313,-13.44,68.75,2,7,2,0,1,66.14376460506595,-0.008202152829921983,5989000.0
BHIA3,Grupo Casas Bahia S.A.,Comércio Varejista,stock,3020848128,https://icons.brapi.dev/icons/BHIA3.svg,4.62,,0.28539658,,-98.79853091651962,-74.628997,15982000128.0,1320999936.0,12.09841097827275,Small Cap,-18.77,16.188,,28.125,0,0,3,3,2,59.48313909693334,0.0018818653098155447,5859100.0
AZEV4,Azevedo & Travassos S.A.,Serviços Industriais,stock,235306144,https://icons.brapi.dev/icons/AZEV4.svg,0.4,,0.3041825,,-75.96470171765571,-23.566000000000003,786404992.0,54470000.0,14.437396585276298,Penny Stock,-0.77,1.315,,50.0,0,0,0,0,0,23.217288614347837,-0.007559713955531452,5783800.0
GOAU4,Metalurgica Gerdau S.A.,Mineração e Siderurgia,stock,9511866368,https://icons.brapi.dev/icons/GOAU4.svg,9.55,1.5528455,0.48981896,5.53,73.32829532774889,5.9580002,19519410176.0,8470715904.0,2.304340081430737,Small Cap,6.15,19.497,443.89,75.0,1,2,1,0,0,54.309024953859506,-0.014268321851113736,5414300.0
QUAL3,Qualicorp Consultoria e Corretora de Seguros S.A.,Serviços Financeiros Diversos,stock,659675328,https://icons.brapi.dev/icons/QUAL3.svg,2.33,77.666664,0.4973319,18.98,-91.7453112434541,1.253,1381500032.0,316137984.0,4.369927379558415,Micro Cap,0.03,4.685,-23.68,38.88888888888889,0,1,5,1,2,73.3377545989627,0.03590417706283677,5342400.0
EQTL3,Equatorial S.A.,Energia Elétrica,stock,45843550208,https://icons.brapi.dev/icons/EQTL3.svg,36.58,12.7456455,1.6363231,27.49,80.00748057935539,15.245000000000001,55537094656.0,12368347136.0,4.490260019817089,Mid Cap,2.87,22.355,3.87,85.71428571428572,6,8,0,0,0,54.72161907099151,0.014222507627033476,4863500.0
PRIO3,Prio S.A.,"Petróleo, Gás e Biocombustíveis",stock,30977275904,https://icons.brapi.dev/icons/PRIO3.svg,38.18,2.9968603,1.1832155,,423.85374617426885,47.937000000000005,23035330560.0,7388887040.0,3.117564314530379,Mid Cap,12.74,32.268,151.9,76.92307692307692,4,6,3,0,0,48.783899693539695,0.2114303645529556,4482900.0
BPAC11,Banco BTG Pactual S.A.,Bancos,fund,157579804672,https://icons.brapi.dev/icons/BPAC11.svg,47.15,76.791534,3.5215476,,190.35462354070555,20.341,341505867776.0,,,Blue Chip,0.614,13.389,-71.16,77.08333333333333,3,7,2,0,0,66.62538996320801,0.040053665770660274,4550700.0
GMAT3,Grupo Mateus S.A.,Comércio Varejista,stock,15803567104,https://icons.brapi.dev/icons/GMAT3.svg,7.04,11.174603,1.5482736,34.06,-17.827177122438698,14.762998999999999,4940840960.0,2565159936.0,1.9261336849446256,Mid Cap,0.63,4.547,14.04,72.91666666666666,2,7,3,0,0,46.05603190858875,0.014576198891826653,4716200.0
KLBN11,Klabin S.A.,Papel e Celulose,fund,127777226752,https://icons.brapi.dev/icons/KLBN11.svg,18.2,27.53404,10.846246,,3.60902456474248,18.424,37616013312.0,7167886848.0,5.247852555386767,Blue Chip,0.661,1.678,-72.55,70.0,4,4,7,0,0,44.75324616314816,-0.028204338930460413,4433600.0
ELET6,Centrais Elétricas Brasileiras S.A. - Eletrobrás,Energia Elétrica,stock,112026001408,https://icons.brapi.dev/icons/ELET6.svg,52.42,18.138407,0.9932168,63.080000000000005,107.89697852728368,5.6900002,74996277248.0,14432063488.0,5.19650411116595,Blue Chip,2.89,52.778,11.76,83.33333333333333,3,6,0,0,0,76.03336687743331,0.31892037695286546,4470200.0
TIMS3,TIM S.A.,Telecomunicações,stock,55547719680,https://icons.brapi.dev/icons/TIMS3.svg,23.03,15.456376,2.2350545,110.66,139.32798650256575,14.333001000000001,16223410176.0,10584400896.0,1.53276603327932,Blue Chip,1.49,10.304,-19.3,73.21428571428572,4,5,5,0,0,62.69156196968554,-0.021262958891888284,4364600.0
AURE3,Auren Energia S.A.,Energia Elétrica,stock,11045416960,https://icons.brapi.dev/icons/AURE3.svg,10.57,,0.8708189,,-17.22529306984214,-4.4099998000000005,24670765056.0,2846539008.0,8.6669337699798,Mid Cap,-0.67,12.138,,50.0,1,2,7,0,2,50.86139051186834,-0.03480760809949052,4178100.0
DIRR3,Direcional Engenharia S.A.,Construção Civil e Imobiliário,stock,8082769408,https://icons.brapi.dev/icons/DIRR3.svg,15.53,11.854962,3.6644645,94.67,452.8033722788427,32.626998,2184176128.0,835545984.0,2.6140705237355313,Small Cap,1.31,4.238,-28.03,83.33333333333333,4,8,0,0,0,61.04464836959775,-0.060382662002054444,4195000.0
MOVI3,Movida Participações S.A.,Serviços Financeiros Diversos,stock,2970863872,https://icons.brapi.dev/icons/MOVI3.svg,8.74,13.65625,1.1316845,27.57,-39.77078002640094,11.12,20092637184.0,4930704896.0,4.075002987970343,Small Cap,0.64,7.723,20.66,67.3076923076923,2,5,6,0,0,66.88020335362646,0.07983444221629754,4209700.0
CYRE3,Cyrela Brazil Realty S.A. Empreendimentos e Participações,Construção Civil e Imobiliário,stock,10992991232,https://icons.brapi.dev/icons/CYRE3.svg,30.01,6.467673,1.1233389,23.040001,64.3142320534398,19.903000000000002,7111849984.0,1459044992.0,4.874318491201127,Mid Cap,4.64,26.715,75.98,75.0,4,7,1,0,1,65.57543412072252,0.053505218338040006,3943400.0
LJQQ3,Lojas Quero-Quero S.A.,Comércio Varejista,stock,537984896,https://icons.brapi.dev/icons/LJQQ3.svg,2.6,,1.0984367,16272.53,-80.56965119701692,-14.116000000000001,2203508992.0,113739000.0,19.37338109179789,Micro Cap,-0.37,2.367,,81.25,2,1,1,0,0,51.45745763843348,0.017109375542203126,3906400.0
VIVT3,Telefônica Brasil S.A.,Telecomunicações,stock,107394596864,https://icons.brapi.dev/icons/VIVT3.svg,33.5,18.715084,1.5877529,61.18,93.83633568261412,8.485,20342908928.0,18164494336.0,1.1199270704542887,Blue Chip,1.79,21.099,-12.98,73.21428571428572,3,7,4,0,0,51.321185710166155,-0.08841432839557423,3801300.0
LWSA3,Locaweb Serviços de Internet S.A.,Software e Serviços de TI,stock,2435278080,https://icons.brapi.dev/icons/LWSA3.svg,4.42,73.66667,0.8801275,113.73,-69.23074369661593,1.0629998999999999,81473000.0,187536000.0,0.4344392543298353,Small Cap,0.06,5.022,-41.09,65.9090909090909,2,3,6,0,0,61.216728038791274,0.02927385433274643,3778600.0
UGPA3,Ultrapar Participações S.A.,Comércio Varejista,stock,22327259136,https://icons.brapi.dev/icons/UGPA3.svg,20.91,7.95057,1.391125,26.669999999999998,139.53696657124834,18.733,18941671424.0,5521930752.0,3.4302623981909726,Mid Cap,2.63,15.031,42.63,63.33333333333333,3,3,8,1,0,66.90489701848598,-0.0428375963051415,3526400.0
SBSP3,Companhia de Saneamento Básico do Estado de São Paulo - SABESP,Saneamento,stock,88555536384,https://icons.brapi.dev/icons/SBSP3.svg,129.56,7.9290085,2.189586,22.830000000000002,198.99983229150115,30.91,31283546112.0,19702732800.0,1.5877770068525723,Blue Chip,16.34,59.171,13.84,80.0,6,7,1,1,0,66.26098724070283,0.3529946073522834,3589500.0
CMIN3,CSN Mineração S.A.,Mineração e Siderurgia,stock,28518234112,https://icons.brapi.dev/icons/CMIN3.svg,5.25,12.804878,3.0864198,196.89000000000001,-0.08807819121915417,21.166,9394572288.0,5508356096.0,1.705512883384945,Mid Cap,0.41,1.701,-24.55,30.76923076923077,0,1,5,3,4,61.598837804792616,0.01057954147727528,3239500.0
HAPV3,Hapvida Participações e Investimentos S.A.,Saúde,stock,18595543040,https://icons.brapi.dev/icons/HAPV3.svg,37.56,,0.3827693,,-79.99420965322207,-0.985,16839942144.0,2792657920.0,6.030076946910849,Mid Cap,-0.94,98.127,,82.6923076923077,5,7,1,0,0,42.39708323895311,-0.4798164057001195,3516100.0
CASH3,Méliuz S.A.,Software e Serviços de TI,stock,462891168,https://icons.brapi.dev/icons/CASH3.svg,4.1,7.454545,0.8736416,,-73.67137612262957,8.9650005,144000.0,50645000.0,0.0028433211570737488,Micro Cap,0.55,4.693,85.87,66.66666666666666,1,0,2,0,0,26.30112398801245,-0.0024526796695805153,3493900.0
KLBN4,Klabin S.A.,Papel e Celulose,stock,22141102080,https://icons.brapi.dev/icons/KLBN4.svg,3.63,10.676471,2.1632898,68.19,5.841572753531743,18.424,37616013312.0,7167886848.0,5.247852555386767,Mid Cap,0.34,1.678,-1.3,91.66666666666667,2,1,0,0,0,43.85094092345548,-0.00865323611390353,3505800.0
CXSE3,Caixa Seguridade Participações S.A.,Serviços Financeiros Diversos,stock,43229999104,https://icons.brapi.dev/icons/CXSE3.svg,14.41,10.006944,3.2425745,79.31,101.2390937356558,33.316,10441000.0,4746225152.0,0.002199853497384188,Mid Cap,1.44,4.444,-16.73,71.42857142857143,3,6,5,0,0,62.50138854227078,0.023598417384025294,3416400.0
IFCM3,Infracommerce CXaaS S.A.,Comércio e Distribuição,stock,24648096,https://icons.brapi.dev/icons/IFCM3.svg,0.22,0.04954955,-0.08088235,,-99.9056990460241,,971265024.0,-61047000.0,-15.910118826477959,Penny Stock,4.44,-2.72,,100.0,1,0,0,0,0,28.99082538608222,0.01887813341122553,3477100.0
RAPT4,Randoncorp S.A.,Máquinas e Equipamentos,stock,2233286912,https://icons.brapi.dev/icons/RAPT4.svg,6.45,10.749999,0.692729,68.53,-30.792199519568996,10.257,9338616832.0,1719592960.0,5.4307135753800715,Small Cap,0.6,9.311,73.82,75.0,2,6,2,0,0,39.87679232490967,0.006433631323488967,3469600.0
BRKM5,Braskem S.A.,Química e Petroquímica,stock,6945950208,https://icons.brapi.dev/icons/BRKM5.svg,8.4,,-1.7595307,,-58.074893871583114,,65370001408.0,2438000128.0,26.812960613593535,Small Cap,-7.34,-4.774,,54.54545454545454,0,3,7,1,0,40.77775788727312,-0.08361773025673498,3426400.0
ARML3,"Armac Locação, Logística e Serviços S.A.",Máquinas e Equipamentos,stock,1268435968,https://icons.brapi.dev/icons/ARML3.svg,3.74,17.809525,1.0505618,68.22,-80.94981257663576,6.0650002,2529687040.0,643931008.0,3.92850632842952,Micro Cap,0.21,3.56,9.66,61.111111111111114,2,2,4,0,1,43.8760846779872,-0.022575867017765445,3421700.0
FLRY3,Fleury S.A.,Saúde,stock,8687546368,https://icons.brapi.dev/icons/FLRY3.svg,15.94,14.36036,1.6149949,91.440004,-25.947256823704034,10.706,5364212224.0,1736743936.0,3.0886604022666933,Small Cap,1.11,9.87,-1.5,59.09090909090909,3,1,5,1,1,69.92559527126939,-0.018432000236430157,3021100.0
AMER3,Americanas S.A.,Comércio Varejista,stock,1421734144,https://icons.brapi.dev/icons/AMER3.svg,7.1,0.031812888,0.32489818,,-99.92273225912982,,5983000064.0,-147000000.0,-40.700680707482995,Micro Cap,223.18,21.853,4565.69,50.0,0,0,0,0,0,57.981922595496435,0.06542110208199736,3012000.0
CPLE3,Companhia Paranaense de Energia - COPEL,Energia Elétrica,stock,37026459648,https://icons.brapi.dev/icons/CPLE3.svg,12.01,14.646342,1.3932716,67.050004,176.29809983868677,10.083999500000001,20213848064.0,5743093248.0,3.519679585742293,Mid Cap,0.82,8.62,5.0,83.33333333333333,1,2,0,0,0,65.0693365268373,0.07236143458984295,2994600.0
CBAV3,Companhia Brasileira de Alumínio,Mineração e Siderurgia,stock,2428501248,https://icons.brapi.dev/icons/CBAV3.svg,3.73,12.862069,0.5568827,,-65.7713609100826,6.6989996,3929242112.0,1080897024.0,3.6351678511051206,Small Cap,0.29,6.698,77.24,72.5,3,5,1,0,1,49.975051562523454,0.033671182649187836,2975000.0
AZEV3,Azevedo & Travassos S.A.,Serviços Industriais,stock,234637648,https://icons.brapi.dev/icons/AZEV3.svg,0.39,,0.29657793,,-88.10581484819264,-23.566000000000003,786404992.0,54470000.0,14.437396585276298,Penny Stock,-0.77,1.315,,50.0,0,0,0,0,0,27.92222243908803,-0.0028972528234611356,2711800.0
RDOR3,Rede D'Or São Luiz S.A.,Saúde,stock,92043264000,https://icons.brapi.dev/icons/RDOR3.svg,41.71,22.304811,3.6291654,39.839999999999996,-31.682025886164933,15.899,43471024128.0,9822938112.0,4.4254604510736435,Blue Chip,1.87,11.493,-47.28,82.6923076923077,5,7,1,0,0,74.93031941318475,0.1522698189329481,2617800.0
BRAP4,Bradespar S.A.,Serviços Financeiros Diversos,stock,6513676800,https://icons.brapi.dev/icons/BRAP4.svg,17.09,6.598456,0.79190034,78.419995,76.59038038619134,13.831,4784000.0,,,Small Cap,2.59,21.581,107.51,55.00000000000001,1,1,2,0,1,70.64487186987822,0.040655888183560585,2701800.0
SANB11,Banco Santander (Brasil) S.A.,Bancos,fund,136650719232,https://icons.brapi.dev/icons/SANB11.svg,28.82,14.086021,2.3287005,,50.623588462716285,13.873,335174205440.0,,,Blue Chip,2.046,12.376,-17.18,65.38461538461539,2,4,7,0,0,56.90893465901846,0.005119221003606789,2644900.0
SMFT3,Smartfit Escola de Ginástica e Dança S.A.,Educação,stock,15600100352,https://icons.brapi.dev/icons/SMFT3.svg,26.12,30.02299,2.7663631,66.14,-10.81660966039868,9.690999999999999,11449954304.0,1989737984.0,5.754503555780739,Mid Cap,0.87,9.442,-47.95,85.41666666666667,5,7,0,0,0,66.66461316104815,0.10422835512414064,2532400.0
CEAB3,C&A Modas S.A.,Comércio Varejista,stock,5237389312,https://icons.brapi.dev/icons/CEAB3.svg,17.29,11.012739,1.5156032,24.350001,44.11195052881407,15.221000000000002,3019290112.0,1098659968.0,2.7481570275981877,Small Cap,1.57,11.408,16.1,72.5,2,5,3,0,0,50.68663569592534,0.025429809177794582,2473100.0
MULT3,Multiplan Empreendimentos Imobiliários S.A.,Construção Civil e Imobiliário,stock,14052206592,https://icons.brapi.dev/icons/MULT3.svg,28.76,11.738775,2.379416,45.560002,61.40572682509098,19.749,5157329920.0,1922375040.0,2.682790721211195,Mid Cap,2.45,12.087,-10.25,80.76923076923077,4,8,1,0,0,63.86436020728884,0.043504768528551896,2440300.0
SRNA3,Serena Energia S.A.,Energia Elétrica,stock,7640386048,https://icons.brapi.dev/icons/SRNA3.svg,12.27,87.64286,1.4193175,,3.9830530460316815,1.377,11584035840.0,1706679040.0,6.787471790829517,Small Cap,0.14,8.645,-57.47,82.14285714285714,3,3,1,0,0,80.46352511157068,0.0031449785594723084,2426700.0
TOTS3,TOTVS S.A.,Software e Serviços de TI,stock,26866239488,https://icons.brapi.dev/icons/TOTS3.svg,45.72,31.97203,5.4859614,51.64,71.92287298192535,17.288,1692700032.0,1072534016.0,1.5782250322585574,Mid Cap,1.43,8.334,-64.18,65.9090909090909,2,3,6,0,0,66.66233376331002,0.3730647825114123,2280900.0
STBP3,Santos Brasil Participações S.A.,Transporte e Logística,stock,12418126848,https://icons.brapi.dev/icons/STBP3.svg,14.37,15.287234,15.484914,50.61,336.45076146248886,52.542995999999995,4272283904.0,1563696000.0,2.7321703860596944,Mid Cap,0.94,0.928,-69.17,67.85714285714286,1,3,3,0,0,77.65079897926677,-0.005115457725644923,2323900.0
VIVA3,Vivara Participações S.A.,Comércio Varejista,stock,6784172544,https://icons.brapi.dev/icons/VIVA3.svg,28.86,10.09091,2.4563794,23.07,31.154769793654435,27.297002,1069810240.0,722055552.0,1.4816176359793436,Small Cap,2.86,11.749,-4.73,78.84615384615384,4,7,2,0,0,54.45442479965643,-0.02190841601769561,2229500.0
SMTO3,São Martinho S.A.,Alimentos e Bebidas,stock,5713967616,https://icons.brapi.dev/icons/SMTO3.svg,17.39,11.292208,0.82401437,58.39,-5.2668350051152,7.6530000000000005,8627791872.0,3396147968.0,2.5404640649626726,Small Cap,1.54,21.104,55.5,72.72727272727273,3,4,4,0,0,47.28815917163933,-0.06079200372940462,2203100.0
ALOS3,Allos S.A.,Serviços Financeiros Diversos,stock,12524822528,https://icons.brapi.dev/icons/ALOS3.svg,25.09,17.669014,0.9322286,77.489996,11.667673038430326,5.8029998,6253199872.0,1977884032.0,3.1615604205454244,Mid Cap,1.42,26.914,16.88,75.0,3,8,1,1,0,70.54239755509857,0.0386869707417391,2112100.0
YDUQ3,Yduqs Participações S.A.,Educação,stock,3558589184,https://icons.brapi.dev/icons/YDUQ3.svg,13.53,13.009616,1.1695046,54.800000000000004,-48.4084071350943,9.575,5284350976.0,1322478976.0,3.995792048039333,Small Cap,1.04,11.569,21.61,73.07692307692308,2,8,3,0,0,49.483138235244844,0.019073861415248305,2055400.0
HYPE3,Hypera S.A.,Saúde,stock,14722207744,https://icons.brapi.dev/icons/HYPE3.svg,23.26,19.880342,1.2276999,99.92999999999999,-9.378936824950513,6.136,9066365952.0,1142670976.0,7.934362683943764,Mid Cap,1.17,18.946,-3.99,65.38461538461539,3,2,8,0,0,44.3930967479242,0.08901647118843964,2060600.0
INTB3,Intelbras S.A. - Indústria de Telecomunicação Eletrônica Brasileira,Software e Serviços de TI,stock,4115111424,https://icons.brapi.dev/icons/INTB3.svg,12.57,9.108695,1.3283314,33.37,-27.491026460279656,15.418999999999999,985347968.0,497121984.0,1.9821049957830874,Small Cap,1.38,9.463,36.37,80.0,4,4,2,0,0,44.62013790948139,0.0702445899797851,2053200.0
AZZA3,Azzas 2154 S.A.,Alimentos e Bebidas,stock,6383160832,https://icons.brapi.dev/icons/AZZA3.svg,31.5,8.035714,0.77898955,28.48,-36.82668208983998,13.906999,3841778944.0,1180931968.0,3.253175498759976,Small Cap,3.92,40.437,89.59,78.84615384615384,4,7,2,0,0,39.41538329515347,-0.0008393424358592583,2028500.0
HBSA3,Hidrovias do Brasil S.A.,Transporte e Logística,stock,4570885120,https://icons.brapi.dev/icons/HBSA3.svg,3.36,,2.075355,,-54.71698301148753,-19.191,3740431104.0,277696992.0,13.469469283988499,Small Cap,-0.44,1.619,,66.66666666666666,2,2,1,0,1,43.534743915691024,-0.008576207607445083,1977100.0
GRND3,Grendene S.A.,Bens de Consumo,stock,4727318016,https://icons.brapi.dev/icons/GRND3.svg,5.24,5.822222,1.1762065,53.76,7.243559965804103,21.16,86407000.0,461169984.0,0.18736475268954192,Small Cap,0.9,4.455,81.26,50.0,0,0,0,0,0,50.67392234363609,-0.019254460857617534,1945400.0
DXCO3,Dexco S.A.,Máquinas e Equipamentos,stock,4846221312,https://icons.brapi.dev/icons/DXCO3.svg,5.98,24.916668,0.7119895,22.629999,-48.008778126570185,3.0869998,7855739904.0,1508333056.0,5.208226308341279,Small Cap,0.24,8.399,12.62,72.22222222222221,2,4,3,0,0,58.3642367258944,0.02823141981744874,1793400.0
RECV3,Petroreconcavo S.A.,"Petróleo, Gás e Biocombustíveis",stock,3796938752,https://icons.brapi.dev/icons/RECV3.svg,12.96,5.785714,0.85544556,97.81,12.951545987737823,14.887,1848477952.0,1647694976.0,1.121856884268366,Small Cap,2.24,15.15,113.21,67.3076923076923,2,5,6,0,0,47.08712647733834,0.025382353640722728,1722700.0
SLCE3,SLC Agrícola S.A.,Alimentos e Bebidas,stock,7266680832,https://icons.brapi.dev/icons/SLCE3.svg,16.47,12.383458,1.8156762,40.97,91.30545073969768,11.164,9622631424.0,2078349056.0,4.629939997913421,Small Cap,1.33,9.071,0.03,68.18181818181819,3,2,6,0,0,32.304706119926095,-0.03151196228503944,1728900.0
ENGI11,Energisa S.A.,Energia Elétrica,fund,22787952640,https://icons.brapi.dev/icons/ENGI11.svg,49.85,36.123188,6.2515674,,51.2420761513509,20.562,39199219712.0,8658715648.0,4.527140202491149,Mid Cap,1.38,7.974,-68.44,84.61538461538461,6,6,1,0,0,59.897391830769905,0.019086866880083986,1674700.0
SYNE3,Syn Prop & Tech S.A.,Serviços Financeiros Diversos,stock,769328000,https://icons.brapi.dev/icons/SYNE3.svg,5.04,6.5454545,0.74106747,432.95000000000005,79.60760117348696,5.2550003,863718976.0,-160492000.0,-5.381694888218727,Micro Cap,0.77,6.801,115.37,100.0,1,0,0,0,0,67.21928187307859,0.0471530397311036,1694500.0
MILS3,"Mills Locação, Serviços e Logística S.A.",Serviços Industriais,stock,2686106624,https://icons.brapi.dev/icons/MILS3.svg,11.85,9.186048,1.7550356,39.069998,124.92124985111599,20.115,1761186048.0,787179008.0,2.237338686755224,Small Cap,1.29,6.752,18.14,71.42857142857143,2,2,3,0,0,45.490288411553024,-0.09617433429467001,1697200.0
HBOR3,Helbor Empreendimentos S.A.,Construção Civil e Imobiliário,stock,475043136,https://icons.brapi.dev/icons/HBOR3.svg,3.58,9.421053,0.32507038,26.709998000000002,-59.36308140239783,5.844,1773309056.0,171560992.0,10.336318502984641,Micro Cap,0.38,11.013,171.05,50.0,0,0,3,0,0,57.722083978989886,-0.01486432143973998,1630800.0
ISAE4,ISA Energía Brasil S.A.,Energia Elétrica,stock,17163388928,https://icons.brapi.dev/icons/ISAE4.svg,23.53,4.77282,0.7525266,47.9,63.179849793549955,16.416,14112054272.0,4201111040.0,3.359124321550901,Mid Cap,4.93,31.268,150.29,44.642857142857146,1,2,6,3,2,60.291159639770335,0.03965964602547278,1604100.0
TAEE11,Transmissora Aliança de Energia Elétrica S.A.,Energia Elétrica,fund,12298611712,https://icons.brapi.dev/icons/TAEE11.svg,35.7,39.23077,1.6156039,,105.19538808475275,24.912001,10425576448.0,2416171008.0,4.314916623649844,Mid Cap,0.91,22.097,-40.42,25.0,0,0,4,5,4,72.57441292799463,0.04898362239495435,1573700.0
OIBR3,Oi S.A.,Telecomunicações,stock,188445472,https://icons.brapi.dev/icons/OIBR3.svg,0.55,,-0.011487771,,-99.69273742350786,,12601308160.0,-1952152064.0,-6.455085334991608,Penny Stock,-81.95,-47.877,,50.0,0,0,0,0,0,50.89594628589285,0.0016763917680426036,1545200.0
BRSR6,Banco do Estado do Rio Grande do Sul S.A.,Bancos,stock,5027271168,https://icons.brapi.dev/icons/BRSR6.svg,11.7,3.5135136,0.4416761,30.290001999999998,43.394603962832036,8.876000000000001,34516426752.0,,,Small Cap,3.33,26.49,280.78,44.44444444444444,0,0,8,0,1,59.75046257335806,0.028288516961604143,1488100.0
PSSA3,Porto Seguro S.A.,Serviços Financeiros Diversos,stock,32967131136,https://icons.brapi.dev/icons/PSSA3.svg,51.22,10.737946,2.2763433,40.240002000000004,159.76099579250368,23.038,689097984.0,5231404032.0,0.13172333465066993,Mid Cap,4.77,22.501,-4.06,75.0,3,5,3,0,0,49.487056587386455,0.1387170342634539,1466000.0
BPAN4,Banco Pan S.A.,Bancos,stock,10042074112,https://icons.brapi.dev/icons/BPAN4.svg,8.03,13.163934,1.3078176,39.589999999999996,12.127695147125506,9.649000000000001,17627000832.0,,,Mid Cap,0.61,6.14,14.32,67.85714285714286,1,3,3,0,0,55.876723689710396,0.01080818755144762,1446800.0
SBFG3,Grupo SBF S.A.,Comércio Varejista,stock,2991586816,https://icons.brapi.dev/icons/SBFG3.svg,13.0,9.701492,1.0373445,40.919998,-46.15075636694834,13.22,2605676032.0,692384000.0,3.763339464805657,Small Cap,1.34,12.532,49.52,75.0,3,3,3,0,0,68.83696492613831,0.16977864352852118,1428100.0
MLAS3,Grupo Multi S.A.,Hardware e Equipamentos,stock,847786496,https://icons.brapi.dev/icons/MLAS3.svg,1.05,,0.28532606,,-91.69613921162686,-3.8120000000000003,681811008.0,41365000.0,16.48279966154962,Micro Cap,-0.15,3.68,,50.0,0,0,3,0,0,53.06549436307103,0.006120995789787602,1379000.0
PGMN3,Empreendimentos Pague Menos S.A.,Comércio Varejista,stock,2213409536,https://icons.brapi.dev/icons/PGMN3.svg,3.57,13.222221,0.7965194,92.88,-52.884075745120995,6.0040000000000004,3700451072.0,686200000.0,5.39267133780239,Small Cap,0.27,4.482,46.16,56.25,1,2,4,0,1,43.823814741371315,-0.02623237342605197,1383900.0
GGPS3,GPS Participações e Empreendimentos S.A.,Serviços Diversos,stock,12326509568,https://icons.brapi.dev/icons/GGPS3.svg,18.2,18.762886,3.2982965,23.78,46.91741159204377,18.738002,5190910976.0,1753089024.0,2.9610082003456775,Mid Cap,0.97,5.518,-39.7,85.0,4,6,0,0,0,70.01166831004372,-0.016043570259783535,1371600.0
ENJU3,Enjoei S.A.,Comércio Varejista,stock,190666720,https://icons.brapi.dev/icons/ENJU3.svg,0.93,,0.62290686,,-90.47131162558279,-6.5729999999999995,10277000.0,-48406000.0,-0.2123083915217122,Penny Stock,-0.1,1.493,,50.0,0,0,3,0,0,35.21710084236179,0.0005778557730410534,1326500.0
ALPA4,Alpargatas S.A.,Bens de Consumo,stock,6485068288,https://icons.brapi.dev/icons/ALPA4.svg,9.83,27.305553,1.6120039,29.470000000000002,-72.09356763018,6.441,862225984.0,317961984.0,2.711726644654475,Small Cap,0.36,6.098,-28.5,56.25,0,2,6,0,0,51.87470314383229,-0.0632175746726561,1352700.0
TEND3,Construtora Tenda S.A.,Construção Civil e Imobiliário,stock,3267933440,https://icons.brapi.dev/icons/TEND3.svg,26.66,8.6,2.770158,5.5,1.3034150603757455,36.42,1120647936.0,448296992.0,2.4997891040946354,Small Cap,3.1,9.624,-2.82,70.45454545454545,2,7,1,0,1,68.50297647833871,0.1562116760832275,1332100.0
RCSL4,Recrusul S/A,Máquinas e Equipamentos,stock,41089704,https://icons.brapi.dev/icons/RCSL4.svg,1.06,,-1.4266487,,-94.74750574093315,,8478000.0,-16365000.0,-0.5180568285976168,Micro Cap,-0.71,-0.743,,50.0,0,0,0,0,0,43.956644273542835,-0.008626043279502574,1206000.0
CURY3,Cury Construtora e Incorporadora S.A.,Construção Civil e Imobiliário,stock,9655228416,https://icons.brapi.dev/icons/CURY3.svg,33.08,12.251852,8.194203,54.800000000000004,380.94713884677856,66.143996,1303111936.0,1085440000.0,1.2005379716981133,Small Cap,2.7,4.037,-52.66,81.81818181818181,3,8,0,0,0,50.160696968026706,-0.19305521518720692,1275800.0
ONCO3,Oncoclínicas do Brasil Serviços Médicos S.A.,Saúde,stock,1834644096,https://icons.brapi.dev/icons/ONCO3.svg,2.88,,0.63971573,,-80.49655368390121,-28.408,5367053824.0,-204096000.0,-26.296712449043586,Micro Cap,-1.51,4.502,,41.66666666666667,1,0,4,3,1,35.61074340644991,0.07403830544509188,1268600.0
NEOE3,Neoenergia S.A.,Energia Elétrica,stock,34957361152,https://icons.brapi.dev/icons/NEOE3.svg,28.8,8.089888,0.9925216,23.26,99.0232507807311,12.958,51788001280.0,13445000192.0,3.851840873220272,Mid Cap,3.56,29.017,67.4,81.81818181818181,4,6,1,0,0,64.57559230217495,-0.042551213278505196,1269600.0
VULC3,Vulcabras S.A.,Bens de Consumo,stock,5316523008,https://icons.brapi.dev/icons/VULC3.svg,19.57,6.656462,2.2564278,55.189997000000005,360.19383161909684,36.035000000000004,396548000.0,812033984.0,0.48833916783463094,Small Cap,2.94,8.673,22.39,87.5,2,2,0,0,0,45.498428249676934,-0.17914145969456996,1250000.0
CSMG3,Companhia de Saneamento de Minas Gerais,Saneamento,stock,12744288256,https://icons.brapi.dev/icons/CSMG3.svg,33.61,9.388268,1.5133505,45.59,204.90619083638654,16.919999999999998,6881680896.0,2821974016.0,2.4386053368961993,Mid Cap,3.58,22.209,25.84,55.769230769230774,1,3,8,0,1,82.4474969609452,0.09247329079486111,1247900.0
CPFE3,CPFL Energia S.A.,Energia Elétrica,stock,44788129792,https://icons.brapi.dev/icons/CPFE3.svg,38.87,8.287847,2.0849648,37.38,83.40749164549015,26.802,31831203840.0,13253650432.0,2.4016933299482393,Mid Cap,4.69,18.643,14.11,56.81818181818181,2,1,7,0,1,53.28190690261261,0.07718044419723002,1213900.0
MYPK3,Iochpe-Maxion S.A.,Máquinas e Equipamentos,stock,1876615296,https://icons.brapi.dev/icons/MYPK3.svg,12.53,6.8097825,0.43463176,31.75,14.927362681002855,8.009,5606113792.0,1499593984.0,3.7384211005210326,Micro Cap,1.84,28.829,175.72,58.333333333333336,2,3,2,0,2,28.784934545594936,-0.14723788606292182,1158900.0
MELK3,Melnick Desenvolvimento Imobiliário S.A.,Construção Civil e Imobiliário,stock,772731840,https://icons.brapi.dev/icons/MELK3.svg,3.76,6.482759,0.7222436,75.86,-12.688514141889373,15.153,460936000.0,140530000.0,3.2799829217960577,Micro Cap,0.58,5.206,119.21,87.5,1,1,0,0,0,55.61482949698936,-0.01643757776086399,1153700.0
TUPY3,Tupy S.A.,Máquinas e Equipamentos,stock,1813663360,https://icons.brapi.dev/icons/TUPY3.svg,13.85,39.57143,0.5733565,395.73998,1.2674205741475708,-1.0369998999999999,4044183040.0,1010851968.0,4.000766846209474,Micro Cap,0.35,24.156,-0.42,50.0,0,2,6,0,1,35.98481253608958,0.027173546786060543,1063600.0
PDGR3,PDG Realty S.A. Empreendimentos e Participações,Construção Civil e Imobiliário,stock,4156732,https://icons.brapi.dev/icons/PDGR3.svg,0.14,,-0.0012119533,,-99.99970365720289,,426572000.0,-109084000.0,-3.910490997763192,Penny Stock,-104.27,-115.516,,50.0,0,0,0,0,0,36.96875784242658,0.002354864108657751,923000.0
ODPV3,Odontoprev S.A.,Saúde,stock,7118917120,https://icons.brapi.dev/icons/ODPV3.svg,13.06,12.205607,5.510549,85.65,44.58174883867658,45.883,23861000.0,872995008.0,0.02733234415012829,Small Cap,1.07,2.37,-42.16,40.90909090909091,0,0,8,2,1,52.38529854767786,-0.07293600572330267,1066900.0
GUAR3,Guararapes Confecções S.A.,Comércio Varejista,stock,4917094912,https://icons.brapi.dev/icons/GUAR3.svg,9.85,16.98276,0.8895512,,-28.88758867902158,-4.4889998,3155478016.0,944681024.0,3.3402576487023836,Small Cap,0.58,11.073,22.04,65.0,1,1,3,0,0,60.48242235969067,0.00587960094884199,1005400.0
SEQL3,Sequoia Logística e Transportes S.A.,Transporte e Logística,stock,73102152,https://icons.brapi.dev/icons/SEQL3.svg,1.37,,-0.041199293,,-99.42916720906841,,1007113024.0,-548161024.0,-1.8372576303418464,Micro Cap,-50.49,-33.253,,100.0,1,0,0,0,0,64.31988610954183,0.022438454045176165,970600.0
LIGT3,Light S.A.,Energia Elétrica,stock,2925073664,https://icons.brapi.dev/icons/LIGT3.svg,5.8,0.89093703,0.38661513,,-57.89209309719406,58.487,9988430848.0,2541502976.0,3.9301275435531893,Small Cap,6.51,15.002,708.22,37.5,0,0,1,1,0,49.21589829723515,0.0645563512717601,938900.0
EZTC3,EZTEC Empreendimentos e Participações S.A.,Construção Civil e Imobiliário,stock,3686324224,https://icons.brapi.dev/icons/EZTC3.svg,16.9,7.511111,0.73491037,51.949999999999996,-46.03196578680059,10.493,1554435968.0,349104992.0,4.452631740081219,Small Cap,2.25,22.996,101.89,50.0,2,1,6,1,2,69.00102110966083,0.09919147247847926,910000.0
RANI3,Irani Papel e Embalagem S.A.,Papel e Celulose,stock,1887804800,https://icons.brapi.dev/icons/RANI3.svg,8.19,4.933735,1.3306254,39.82,144.69506599419836,29.266,1834034048.0,473191008.0,3.875885249281829,Micro Cap,1.66,6.155,85.13,87.5,2,2,0,0,0,55.4075984847825,-0.019137509158299898,893200.0
JALL3,Jalles Machado S/A,Alimentos e Bebidas,stock,835286976,https://icons.brapi.dev/icons/JALL3.svg,2.77,,0.4198878,17.639999,-65.50542698703114,-3.3259999999999996,4944247808.0,1032734976.0,4.787528187677068,Micro Cap,-0.22,6.597,,79.16666666666667,1,5,0,0,0,35.84004379657317,0.007036511543813559,879300.0
VVEO3,CM Hospitalar S/A,Comércio e Distribuição,stock,347389152,https://icons.brapi.dev/icons/VVEO3.svg,1.1,,0.19438064,,-94.57821324571485,-57.905996,4139994112.0,-620798016.0,-6.66882626119733,Micro Cap,-4.61,5.659,,35.0,0,0,6,2,2,59.010374059231744,0.02823153657587974,833700.0
ALUP11,Alupar Investimento S.A.,Energia Elétrica,fund,14432556032,https://icons.brapi.dev/icons/ALUP11.svg,31.1,7.4526725,1.8661865,,80.27803671178735,15.720998999999999,12775074816.0,2923646976.0,4.36956818688085,Mid Cap,4.173,16.665,27.19,75.0,3,7,3,0,0,66.61744309033239,0.06727385566003391,871100.0
KEPL3,Kepler Weber S.A.,Máquinas e Equipamentos,stock,1348521856,https://icons.brapi.dev/icons/KEPL3.svg,7.78,9.152941,1.8501785,41.81,91.75845582890318,20.444000000000003,343720000.0,247164992.0,1.3906500156785957,Micro Cap,0.85,4.205,15.27,62.5,0,1,1,0,0,55.29273809691137,-0.019359467751629167,867600.0
KLBN3,Klabin S.A.,Papel e Celulose,stock,22324086784,https://icons.brapi.dev/icons/KLBN3.svg,3.7,10.882353,2.2050061,68.19,1.2966014594248287,18.424,37616013312.0,7167886848.0,5.247852555386767,Mid Cap,0.34,1.678,-3.17,50.0,0,0,0,0,0,45.99979495091259,-0.004908350251037598,792400.0
DASA3,Diagnósticos da América S.A.,Saúde,stock,1687195776,https://icons.brapi.dev/icons/DASA3.svg,1.35,,0.22163849,,-97.72227417912721,-16.229999,9627233280.0,1923305984.0,5.005565084333456,Micro Cap,-0.82,6.091,,41.66666666666667,0,0,7,1,1,52.93003298308995,0.00690694098348127,792300.0
SAPR4,Companhia de Saneamento do Paraná - SANEPAR,Saneamento,stock,11141229568,https://icons.brapi.dev/icons/SAPR4.svg,7.12,5.0857143,0.91305465,32.05,82.17331615107173,20.599002,6698072064.0,2177644032.0,3.075834234417244,Mid Cap,1.4,7.798,120.12,50.0,0,0,0,0,0,60.042178048844654,0.018884435382270415,768700.0
SEER3,Ser Educacional S.A.,Educação,stock,1425455488,https://icons.brapi.dev/icons/SEER3.svg,11.17,15.30137,1.0760043,21.040001999999998,-27.162351312889243,7.234999999999999,1597910016.0,512635008.0,3.1170520761625395,Micro Cap,0.73,10.381,16.9,64.28571428571428,1,2,4,0,0,74.90225148992104,0.08787451810637203,765800.0
SAPR11,Companhia de Saneamento do Paraná - SANEPAR,Saneamento,fund,11028777984,https://icons.brapi.dev/icons/SAPR11.svg,36.49,45.10507,4.679405,,84.43324764617388,20.599002,6698072064.0,2177644032.0,3.075834234417244,Mid Cap,0.809,7.798,-67.35,44.44444444444444,0,1,6,1,1,58.328561854587164,0.10883778559208535,727100.0
SOJA3,Boa Safra Sementes S.A.,Alimentos e Bebidas,stock,1443403264,https://icons.brapi.dev/icons/SOJA3.svg,10.73,13.756411,1.0667064,38.009998,-26.76476000354876,9.372,919796992.0,185820000.0,4.949935378323109,Micro Cap,0.78,10.059,23.83,82.14285714285714,2,5,0,0,0,51.68843825976359,0.024814926844760207,713300.0
IRBR3,IRB-Brasil Resseguros S.A.,Serviços Financeiros Diversos,stock,3885082112,https://icons.brapi.dev/icons/IRBR3.svg,47.47,6.262533,0.78868234,,-66.83371023502376,12.564998999999998,525329984.0,-484800000.0,-1.0836014521452144,Small Cap,7.58,60.189,113.43,57.14285714285714,1,2,3,0,1,53.663203297598635,0.14744005288873935,694900.0
BMGB4,Banco BMG S.A.,Bancos,stock,2358114560,https://icons.brapi.dev/icons/BMGB4.svg,3.94,7.5769234,0.615625,73.9,13.246377214817052,8.7340005,5985918976.0,,,Small Cap,0.52,6.4,119.63,62.5,0,1,1,0,0,72.74664275841249,0.008563433712866997,703300.0
EGIE3,Engie Brasil Energia S.A.,Energia Elétrica,stock,33689657344,https://icons.brapi.dev/icons/EGIE3.svg,41.29,11.189702,2.7369747,63.080000000000005,31.760763229195476,24.659,28118198272.0,6630765056.0,4.240566214385262,Mid Cap,3.69,15.086,-14.29,34.61538461538461,0,0,7,4,2,62.69622955606611,0.20134101272444646,664500.0
ROMI3,Romi S.A.,Máquinas e Equipamentos,stock,760273280,https://icons.brapi.dev/icons/ROMI3.svg,8.16,8.32653,0.6225206,83.669996,60.55482400690904,7.635,774712000.0,122517000.0,6.323302072365467,Micro Cap,0.98,13.108,108.34,50.0,0,0,0,0,0,51.73550300728703,0.035860041126521816,691000.0
LOGG3,LOG Commercial Properties e Participações S.A.,Serviços Industriais,stock,2038393472,https://icons.brapi.dev/icons/LOGG3.svg,23.43,5.6868935,0.5449978,47.370000000000005,-3.7863586510458513,9.822000000000001,2558415872.0,220116992.0,11.62298216395761,Small Cap,4.12,42.991,169.44,52.5,1,3,4,0,2,77.1671561322753,0.13397185122265215,691400.0
PLPL3,Plano & Plano Desenvolvimento Imobiliário S.A.,Construção Civil e Imobiliário,stock,3492077056,https://icons.brapi.dev/icons/PLPL3.svg,17.21,9.778409,3.832962,57.28,159.32972734655894,48.239,821758976.0,516614016.0,1.590663339648919,Small Cap,1.76,4.49,-22.52,83.33333333333333,3,6,0,0,0,65.18514135605218,0.1756475468123857,684200.0
WIZC3,Wiz Co Participações e Corretagem de Seguros S.A.,Serviços Financeiros Diversos,stock,1330428544,https://icons.brapi.dev/icons/WIZC3.svg,8.32,7.172414,2.0706818,21.66,21.126072425714916,26.828999999999997,416044000.0,692873024.0,0.6004621129541912,Micro Cap,1.16,4.018,23.08,66.66666666666666,1,0,2,0,0,55.73759454309387,0.0034345947243093755,639300.0
JSLG3,JSL S.A.,Transporte e Logística,stock,1769163392,https://icons.brapi.dev/icons/JSLG3.svg,6.22,14.809524,0.9724828,99.82,-12.009639334420486,6.587999999999999,7941791744.0,1668521984.0,4.759776508884165,Micro Cap,0.42,6.396,24.99,84.375,3,5,0,0,0,56.0831330705091,0.0007926256707529167,623900.0
MTRE3,Mitre Realty Empreendimentos e Participações S.A.,Construção Civil e Imobiliário,stock,407233024,https://icons.brapi.dev/icons/MTRE3.svg,3.85,7.129629,0.4102728,86.83999999999999,-57.497370312531416,7.7810004,673718976.0,92653000.0,7.27142106569674,Micro Cap,0.54,9.384,177.35,50.0,0,0,3,0,0,58.348676336209394,0.009772186086038456,613500.0
POSI3,Positivo Tecnologia S.A.,Hardware e Equipamentos,stock,623664128,https://icons.brapi.dev/icons/POSI3.svg,4.48,,0.39031193,1954.34,35.7393668740871,0.333,1329000960.0,225784000.0,5.886160932572724,Micro Cap,-0.01,11.478,,75.0,1,2,1,0,0,55.85314068897106,0.03277973425813803,605400.0
MDNE3,Moura Dubeux Engenharia S.A.,Construção Civil e Imobiliário,stock,2338719744,https://icons.brapi.dev/icons/MDNE3.svg,27.65,7.1632123,1.3837453,16.860001,235.47551680396074,20.556,516438016.0,369232000.0,1.3986816310612298,Small Cap,3.86,19.982,50.66,80.0,1,4,0,0,0,65.49869145125692,0.0778847957904687,575700.0
DESK3,Desktop S.A.,Telecomunicações,stock,1154289920,https://icons.brapi.dev/icons/DESK3.svg,9.96,15.323077,0.83214974,5.6500003,-58.82958793230084,6.4750000000000005,1875933056.0,466620992.0,4.020250027671279,Micro Cap,0.65,11.969,32.84,53.57142857142857,1,1,4,0,1,78.26171635226726,0.1968441757113889,540200.0
PRNR3,Priner Serviços Industriais S.A.,Serviços Industriais,stock,815546496,https://icons.brapi.dev/icons/PRNR3.svg,17.37,59.896557,2.3846788,17.790001999999998,93.90726889057832,9.488000000000001,730136000.0,170090000.0,4.292645070256923,Micro Cap,0.29,7.284,-60.31,87.5,1,1,0,0,0,79.32017858920901,0.16411819820588536,530100.0
CAML3,Camil Alimentos S.A.,Alimentos e Bebidas,stock,1759927552,https://icons.brapi.dev/icons/CAML3.svg,5.16,8.896552,0.5044481,38.12,-52.60934688571881,6.0890004,5506717184.0,772403968.0,7.1293227535568535,Micro Cap,0.58,10.229,123.91,57.14285714285714,2,2,1,0,2,61.556287381699626,0.01580402420593524,525500.0
ITUB3,Itaú Unibanco Holding S.A.,Bancos,stock,390420955136,https://icons.brapi.dev/icons/ITUB3.svg,34.13,8.5325,1.7648275,66.040003,131.70236974409727,20.809,1012388986880.0,,,Blue Chip,4.0,19.339,22.24,50.0,0,0,0,0,0,55.79623496855894,-0.03257772800936504,521600.0
USIM3,Usinas Siderúrgicas de Minas Gerais S.A.,Mineração e Siderurgia,stock,5539473920,https://icons.brapi.dev/icons/USIM3.svg,4.5,10.97561,0.22816002,,-49.72305331799003,1.9849999999999999,8470974976.0,1859559040.0,4.555367586500507,Small Cap,0.41,19.723,199.75,50.0,0,0,0,0,0,51.13984884484289,-0.005634471860494844,514300.0
LAVV3,Lavvi Empreendimentos Imobiliários S.A.,Construção Civil e Imobiliário,stock,2949104384,https://icons.brapi.dev/icons/LAVV3.svg,15.09,7.151659,1.8864858,33.240002000000004,199.4952988472667,27.96,401574016.0,410472000.0,0.9783225554970862,Small Cap,2.11,7.999,29.14,83.33333333333333,2,4,0,0,0,71.91265238105349,0.04266185482722018,470600.0
TFCO4,Track & Field Co S.A.,Comércio Varejista,stock,2591957760,https://icons.brapi.dev/icons/TFCO4.svg,17.11,21.9359,5.072636,30.490000000000002,98.70022398321542,27.888,146322000.0,210566000.0,0.6948985116305576,Small Cap,0.78,3.373,-55.03,81.25,2,1,1,0,0,69.60196000084501,0.11074049719097245,452500.0
PMAM3,Paranapanema S.A.,Mineração e Siderurgia,stock,120518792,https://icons.brapi.dev/icons/PMAM3.svg,1.48,,-0.017855635,,-86.18113899344529,,5308745216.0,-220220992.0,-24.106444929645946,Micro Cap,-22.26,-82.887,,50.0,0,0,0,0,0,46.134489390381574,-0.004642221277082045,371200.0
FRAS3,Fras-le S.A.,Máquinas e Equipamentos,stock,6176252928,https://icons.brapi.dev/icons/FRAS3.svg,22.27,17.816,2.7231596,68.32000000000001,341.74255323536033,16.068001000000002,2945113088.0,905944000.0,3.250877634820695,Small Cap,1.25,8.178,-31.9,80.0,2,2,1,0,0,43.965643385314735,0.04248363134530983,436400.0
PINE4,Banco Pine S.A.,Bancos,stock,1979781504,https://icons.brapi.dev/icons/PINE4.svg,8.92,7.3719006,1.720679,40.67,331.33714636196254,25.217,6564994048.0,,,Micro Cap,1.21,5.184,33.18,50.0,0,0,0,0,0,84.88981169251723,0.1621321584447029,415800.0
PNVL3,Dimed S.A. Distribuidora de Medicamentos,Comércio Varejista,stock,1455247232,https://icons.brapi.dev/icons/PNVL3.svg,9.75,12.5,1.1792454,46.580002,-53.30139218602091,9.759,1221611008.0,328444000.0,3.7193890221772965,Micro Cap,0.78,8.268,23.55,80.0,2,2,1,0,0,49.594063479797285,-0.0043890258832243205,399300.0
SHUL4,Schulz S.A.,Máquinas e Equipamentos,stock,988689088,https://icons.brapi.dev/icons/SHUL4.svg,4.84,6.3684216,1.1433972,50.91,101.00016743056655,18.757999,811886016.0,334876992.0,2.424430568224884,Micro Cap,0.76,4.233,75.78,50.0,0,0,0,0,0,51.22419516842815,0.015696153441944492,358200.0
MDIA3,M. Dias Branco S.A. Indústria e Comércio de Alimentos,Alimentos e Bebidas,stock,9400793088,https://icons.brapi.dev/icons/MDIA3.svg,28.03,16.202312,1.1548762,31.780002000000003,-10.414372282781969,7.3870000000000005,2228758016.0,1060902976.0,2.1008122952046464,Small Cap,1.73,24.271,9.66,47.5,0,1,8,0,1,44.208501627462695,-0.24001786935261238,379100.0
PORT3,Wilson Sons S.A.,Transporte e Logística,stock,8061361152,https://icons.brapi.dev/icons/PORT3.svg,18.2,11.592357,3.085792,86.69,93.26061754009602,27.236998,2673576960.0,1272204032.0,2.101531588291649,Small Cap,1.57,5.898,-20.69,50.0,0,0,0,0,0,65.04019446479117,0.0013074934289537543,371800.0
POMO3,Marcopolo S.A.,Máquinas e Equipamentos,stock,10056261632,https://icons.brapi.dev/icons/POMO3.svg,8.0,7.619048,2.1592443,54.67999999999999,318.3446127042644,30.563997999999998,3392624128.0,1523026944.0,2.2275535842391507,Mid Cap,1.05,3.705,16.95,50.0,0,0,0,0,0,64.8296500937896,0.022299683416950267,364400.0
EVEN3,Even Construtora e Incorporadora S.A.,Construção Civil e Imobiliário,stock,1528584576,https://icons.brapi.dev/icons/EVEN3.svg,7.79,194.75,0.8069194,1121.6998999999998,-13.680750297553034,4.418000200000001,1125729024.0,90492000.0,12.44009441718605,Micro Cap,0.04,9.654,-62.16,46.42857142857143,0,1,5,0,1,54.46878484730747,0.0008462646358783077,361600.0
ORVR3,Orizon Valorização de Resíduos S.A.,Energia Elétrica,stock,5433091072,https://icons.brapi.dev/icons/ORVR3.svg,56.52,245.73912,3.8728244,,157.66183948561468,4.8699997,1990567936.0,373255008.0,5.3329972628257405,Small Cap,0.23,14.594,-84.62,81.25,2,6,0,0,0,60.836655727388,-0.040713170561810674,352800.0
FESA4,Cia de Ferro Ligas da Bahia S.A. - FERBASA,Mineração e Siderurgia,stock,2847808768,https://icons.brapi.dev/icons/FESA4.svg,6.66,9.0,0.6717773,67.48000400000001,95.77302519652073,8.212,344372992.0,221974000.0,1.5514113905232145,Small Cap,0.74,9.914,92.91,50.0,0,0,0,0,0,64.88008362519899,0.03457754048060954,345400.0
CSED3,Cruzeiro do Sul Educacional S.A.,Educação,stock,1804485632,https://icons.brapi.dev/icons/CSED3.svg,4.95,8.999999,1.2267658,31.239998000000003,-53.36734855228531,12.882,2550810880.0,627180032.0,4.067111116190638,Micro Cap,0.55,4.035,42.75,75.0,2,1,2,0,0,55.526903274139606,0.059484988493653385,331600.0
ABCB4,Banco ABC Brasil S.A.,Bancos,stock,5528775680,https://icons.brapi.dev/icons/ABCB4.svg,22.96,4.466926,0.838844,37.849998,165.85155345895282,15.342,17629650944.0,,,Small Cap,5.14,27.371,145.05,55.55555555555556,1,2,5,0,1,59.160582940312985,0.023959020939068543,329600.0
BMOB3,Bemobi Mobile Tech S.A.,Software e Serviços de TI,stock,1935767936,https://icons.brapi.dev/icons/BMOB3.svg,22.94,15.293334,1.7138588,42.990002,20.92486986957447,11.2670004,25627000.0,101918000.0,0.2514472419003513,Micro Cap,1.5,13.385,-7.35,75.0,1,1,1,0,0,74.54080912457337,0.24334403186560144,326800.0
TOKY3,Grupo Toky SA,Software e Serviços de TI,stock,125218664,https://icons.brapi.dev/icons/BRAPI.svg,1.02,,0.46363634,,1.9999980926513672,-105.88900000000001,1069030976.0,-34612000.0,-30.886137062290533,Micro Cap,-1.91,2.2,,50.0,0,0,1,0,0,47.84593701946155,-6.839026520449876e-05,315500.0
BRST3,Brisanet Serviços de Telecomunicações S.A,Telecomunicações,stock,1252701568,https://icons.brapi.dev/icons/BRST3.svg,2.86,26.0,0.8143507,37.230000000000004,-5.1841034874695495,,2002146944.0,603998016.0,3.3148237096196023,Micro Cap,0.11,3.512,3.09,57.14285714285714,2,0,4,0,1,54.421692710920226,0.012750490025571964,279100.0
TASA4,Taurus Armas S.A.,Máquinas e Equipamentos,stock,708122304,https://icons.brapi.dev/icons/TASA4.svg,4.85,5.5747123,0.52970725,21.180001,-24.091030875746966,9.645,804390016.0,163211008.0,4.928527958114198,Micro Cap,0.87,9.156,176.03,50.0,0,0,0,0,0,46.51345257549385,0.023255899349999637,300200.0
AMBP3,Ambipar Participações e Empreendimentos S.A.,Serviços Diversos,stock,23536982016,https://icons.brapi.dev/icons/AMBP3.svg,14.1,,14.446721,,428.757184282507,-1.345,12364896256.0,1816190976.0,6.808147611895193,Mid Cap,-0.06,0.976,,50.0,0,1,1,1,0,57.304499582387244,0.2382457052725148,293800.0
OPCT3,OceanPact Serviços Marítimos S.A.,Serviços Diversos,stock,1588167424,https://icons.brapi.dev/icons/OPCT3.svg,7.97,,1.7247349,,-28.5201788083809,-0.95,1557833984.0,507027008.0,3.0724871839568753,Micro Cap,-0.04,4.621,,91.66666666666667,2,1,0,0,0,75.56712107202034,0.10450816214168895,288800.0
TRIS3,Trisul S.A.,Construção Civil e Imobiliário,stock,1275284480,https://icons.brapi.dev/icons/TRIS3.svg,7.1,6.3392854,0.8307981,26.900000000000002,-22.11730364743314,13.741,965427008.0,224466000.0,4.30099439558775,Micro Cap,1.12,8.546,106.69,62.5,1,0,3,0,0,58.85117424186995,0.05277790796803733,274800.0
LEVE3,MAHLE Metal Leve S.A.,Máquinas e Equipamentos,stock,3724611840,https://icons.brapi.dev/icons/LEVE3.svg,27.48,6.921914,5.0394278,23.94,149.9966857827019,61.931000000000004,1402411008.0,806044032.0,1.7398689802593812,Small Cap,3.97,5.453,-19.69,56.25,1,0,2,1,0,40.74544101753784,-0.03604877683983798,270000.0
FIQE3,Unifique Telecomunicações S.A.,Telecomunicações,stock,1588970624,https://icons.brapi.dev/icons/FIQE3.svg,4.5,9.0,1.2555803,19.650000000000002,-38.76061082974478,14.929,701712000.0,471081984.0,1.4895751139572342,Micro Cap,0.5,3.584,41.11,50.0,0,2,3,0,1,60.12271164690361,-0.018681440479005107,258800.0
ESPA3,MPM Corpóreos S.A.,Serviços Diversos,stock,476966496,https://icons.brapi.dev/icons/ESPA3.svg,1.32,44.000004,0.5463577,6.21,-93.67184736817464,1.039,812361024.0,211806000.0,3.835401376731537,Micro Cap,0.03,2.416,-3.26,50.0,0,0,1,0,0,73.6017177823797,0.020122422417454766,259200.0
HBRE3,HBR Realty Empreendimentos Imobiliários S.A.,Construção Civil e Imobiliário,stock,498242688,https://icons.brapi.dev/icons/HBRE3.svg,4.84,23.04762,0.248307,,-74.39153306732042,3.766,1645380992.0,79503000.0,20.695835276656226,Micro Cap,0.21,19.492,98.28,62.5,1,1,1,1,0,63.105368245181296,0.0035463436714667784,256600.0
CMIG3,Companhia Energética de Minas Gerais - CEMIG,Energia Elétrica,stock,35293020160,https://icons.brapi.dev/icons/CMIG3.svg,14.59,5.955102,1.4658897,36.180001,317.2402505423041,23.587,15690228736.0,8869455872.0,1.769018185831727,Mid Cap,2.45,9.953,60.54,50.0,0,0,0,0,0,41.02706917154095,-0.04509359014972645,228300.0
ZAMP3,Zamp S.A.,Educação,stock,1400224128,https://icons.brapi.dev/icons/ZAMP3.svg,3.51,,0.9509618,,-69.07489099124821,-13.885,1995031040.0,323540992.0,6.166238867191209,Micro Cap,-0.55,3.691,,81.25,2,1,1,0,0,54.50757551284231,-0.0006417921027819518,212400.0
GFSA3,Gafisa S.A.,Construção Civil e Imobiliário,stock,129462640,https://icons.brapi.dev/icons/GFSA3.svg,11.6,,0.038976792,,-98.19275994626997,-1.8980000000000001,1627052032.0,-121342000.0,-13.408811722239621,Micro Cap,-8.86,297.613,,50.0,0,0,1,0,0,31.461141978284317,0.1005662110238873,191600.0
ALPK3,"Allpark Empreendimentos, Participações e Serviços S.A.",Educação,stock,723377472,https://icons.brapi.dev/icons/ALPK3.svg,3.32,,2.0405655,,-63.91304345572604,0.992,1562996992.0,439281984.0,3.5580721471154164,Micro Cap,-0.02,1.627,,50.0,0,0,0,0,0,69.82709450373515,0.03593139937118767,187000.0
BLAU3,Blau Farmacêutica S.A.,Saúde,stock,2460878336,https://icons.brapi.dev/icons/BLAU3.svg,13.85,8.765822,1.086019,21.370001,-62.559958347413634,13.069999,503859008.0,474527008.0,1.0618131307712626,Small Cap,1.58,12.753,53.74,71.875,2,3,3,0,0,58.652813523544275,0.005058915019545862,182700.0
LPSB3,LPS Brasil - Consultoria de Imóveis S.A.,Construção Civil e Imobiliário,stock,188084224,https://icons.brapi.dev/icons/LPSB3.svg,1.37,6.52381,0.7753254,15.409999999999998,-71.77960903375231,16.775998,12792000.0,47213000.0,0.2709423252070404,Micro Cap,0.21,1.767,110.91,50.0,0,0,0,0,0,39.92815027849888,-0.011818543216798583,172400.0
VLID3,Valid Soluções S.A.,Software e Serviços de TI,stock,1670351360,https://icons.brapi.dev/icons/VLID3.svg,21.25,6.002825,0.9603651,76.339996,225.73385994194246,16.431,573385024.0,281140992.0,2.0394927823261004,Micro Cap,3.54,22.127,97.56,50.0,0,0,0,0,0,50.84857327194259,0.1043950130436915,173500.0
ALLD3,Allied Tecnologia S.A.,Hardware e Equipamentos,stock,786300608,https://icons.brapi.dev/icons/ALLD3.svg,8.3,7.2173915,0.5232302,112.38999000000001,-9.841268821784666,7.197000000000001,529774016.0,166172000.0,3.188106395782683,Micro Cap,1.15,15.863,144.09,75.0,1,0,1,0,0,58.23395117643373,-0.015469854555517026,167200.0
VITT3,Vittia S.A.,Química e Petroquímica,stock,746218048,https://icons.brapi.dev/icons/VITT3.svg,5.07,11.021739,1.2469258,35.650003000000005,-36.60482365807953,11.770999999999999,211112000.0,97113000.0,2.173879913090935,Micro Cap,0.46,4.066,27.95,83.33333333333333,1,2,0,0,0,52.92860416981145,0.006275320955765523,166500.0
UNIP6,Unipar Carbocloro S.A.,Química e Petroquímica,stock,7801513984,https://icons.brapi.dev/icons/UNIP6.svg,73.6,10.807635,2.9552298,31.8,415.42385433767413,28.716,2805159936.0,1421228032.0,1.9737578156634614,Small Cap,6.81,24.905,-16.07,75.0,0,2,0,0,0,81.15725570962071,0.1665901054260761,161200.0
AMAR3,Marisa Lojas S.A.,Comércio Varejista,stock,636668800,https://icons.brapi.dev/icons/AMAR3.svg,1.24,0.4787645,2.1985815,,-96.53772352024731,-200.01000000000002,672865024.0,234863008.0,2.86492551436623,Micro Cap,2.59,0.564,362.34,50.0,0,0,0,0,0,45.46422367786643,-0.003409519761598031,156700.0
TGMA3,Tegma Gestão Logística S.A.,Transporte e Logística,stock,2436400640,https://icons.brapi.dev/icons/TGMA3.svg,36.95,8.694118,2.4527051,60.709999999999994,125.20132750898397,,197063008.0,378580992.0,0.5205306451307519,Small Cap,4.25,15.065,2.72,75.0,1,0,1,0,0,52.25803161185832,-0.0677917583064323,152400.0
SAPR3,Companhia de Saneamento do Paraná - SANEPAR,Saneamento,stock,11017844736,https://icons.brapi.dev/icons/SAPR3.svg,7.79,5.5642858,0.9989741,29.14,90.59739903980378,20.599002,6698072064.0,2177644032.0,3.075834234417244,Mid Cap,1.4,7.798,101.19,50.0,0,0,0,0,0,52.056620425691364,0.026273824315699378,146000.0
AGRO3,BrasilAgro - Companhia Brasileira de Propriedades Agrícolas,Alimentos e Bebidas,stock,2027174528,https://icons.brapi.dev/icons/AGRO3.svg,20.35,14.640288,0.9308815,112.3,47.26158671478742,6.335,1311303040.0,105066000.0,12.480755334741971,Small Cap,1.39,21.861,28.49,83.33333333333333,2,0,1,0,0,42.70834513291082,-0.05320033620465619,146800.0
MEAL3,International Meal Company Alimentação S.A.,Alimentos e Bebidas,stock,392746880,https://icons.brapi.dev/icons/MEAL3.svg,1.37,,0.4190884,,-58.48484774047458,-14.463999999999999,1084578944.0,105193000.0,10.310371830825245,Micro Cap,-0.5,3.269,,50.0,0,0,0,0,0,53.57754018449642,-0.0003264782568598787,145000.0
SHOW3,T4F Entretenimento S.A.,Serviços Diversos,stock,39166732,https://icons.brapi.dev/icons/SHOW3.svg,5.81,,0.30450734,,-79.61403528849283,-34.616002,68706000.0,1671000.0,41.11669658886894,Micro Cap,-11.65,19.08,,50.0,0,0,0,0,0,37.89615209231039,-0.024413249948251475,134800.0
TAEE4,Transmissora Aliança de Energia Elétrica S.A.,Energia Elétrica,stock,12219166720,https://icons.brapi.dev/icons/TAEE4.svg,11.88,6.867052,0.53762954,52.669996,102.94708748350874,24.912001,10425576448.0,2416171008.0,4.314916623649844,Mid Cap,1.73,22.097,146.87,50.0,0,0,0,0,0,69.22766008050294,0.01622471409207099,127800.0
VTRU3,"Vitru Brasil Empreendimentos, Participações e Comércio S.A.",Serviços Diversos,stock,1579772800,https://icons.brapi.dev/icons/VTRU3.svg,11.82,4.2214284,0.5773458,0.77,-18.195785443799338,15.574999,2693208064.0,637139968.0,4.227027339775991,Micro Cap,2.8,20.473,203.84,75.0,2,3,2,0,0,75.58024377076634,0.010063434649054792,128500.0
PTBL3,PBG S.A.,Máquinas e Equipamentos,stock,573816640,https://icons.brapi.dev/icons/PTBL3.svg,4.07,,2.3072562,,-13.508415932131424,-46.008998,1965841024.0,184948000.0,10.629155351774553,Micro Cap,-1.04,1.764,,50.0,0,0,0,0,0,53.62294627747422,0.009588230499666686,125400.0
SANB4,Banco Santander (Brasil) S.A.,Bancos,stock,105352896512,https://icons.brapi.dev/icons/SANB4.svg,14.68,9.852349,1.1861668,56.65,46.206990878860665,13.873,335174205440.0,,,Blue Chip,1.49,12.376,38.75,50.0,0,0,0,0,0,48.02278731063879,-0.02526293940802185,124800.0
MATD3,Hospital Mater Dei S.A.,Saúde,stock,1500969728,https://icons.brapi.dev/icons/MATD3.svg,4.5,13.235294,1.0419079,22.02,-70.11228529292778,8.881,2184306944.0,372516992.0,5.863643782455969,Micro Cap,0.34,4.319,27.73,62.5,1,2,5,0,0,44.927903490702846,-0.006051918842396536,123300.0
RNEW4,Renova Energia S.A.,Energia Elétrica,stock,408668960,https://icons.brapi.dev/icons/RNEW4.svg,1.09,,0.104596496,,-81.9536417175043,-11.6409995,759244032.0,-14768000.0,-51.41143228602384,Micro Cap,-1.23,10.421,,50.0,0,0,0,0,0,52.14645674696185,0.006676711142140232,108400.0
PFRM3,Profarma Distribuidora de Produtos Farmacêuticos S.A.,Comércio e Distribuição,stock,904866048,https://icons.brapi.dev/icons/PFRM3.svg,7.38,7.6875005,0.67712635,59.77,92.49736990227922,7.7800006,1581858944.0,350467008.0,4.513574481738378,Micro Cap,0.96,10.899,107.9,50.0,0,0,0,0,0,45.680446293054075,-0.05523913161143004,93400.0
RCSL3,Recrusul S/A,Máquinas e Equipamentos,stock,40854908,https://icons.brapi.dev/icons/RCSL3.svg,1.74,,-2.3418574,,-86.94011480390262,,8478000.0,-16365000.0,-0.5180568285976168,Micro Cap,-0.71,-0.743,,50.0,0,0,0,0,0,46.36672631442233,0.012320160836116367,89900.0
ITSA3,Itaúsa S.A.,Serviços Financeiros Diversos,stock,124931317760,https://icons.brapi.dev/icons/ITSA3.svg,11.34,8.158274,1.372549,63.080000000000005,96.24525069772235,17.228001000000003,12675999744.0,1847000064.0,6.863020738909947,Blue Chip,1.39,8.262,41.75,75.0,0,1,0,0,0,62.20803582433033,0.004649276983480721,82800.0
LOGN3,Log-In Logística Intermodal S.A.,Transporte e Logística,stock,2758280448,https://icons.brapi.dev/icons/LOGN3.svg,26.0,14.857142,2.6377194,,59.021403017623776,9.028,2041447040.0,525462016.0,3.8850515885814283,Small Cap,1.75,9.857,-24.23,50.0,0,0,1,0,0,66.57895893029217,0.17649875203437612,79000.0
AERI3,Aeris Indústria e Comércio de Equipamentos para Geração de Energia S.A.,Máquinas e Equipamentos,stock,250460688,https://icons.brapi.dev/icons/AERI3.svg,4.08,,-3.942029,,-96.64410056570514,-224.72500000000002,1718002048.0,-787166976.0,-2.1825128598890817,Micro Cap,-18.89,-1.035,,50.0,0,0,0,0,0,42.3569087635893,-0.0015436293940251575,69200.0
RNEW3,Renova Energia S.A.,Energia Elétrica,stock,405084128,https://icons.brapi.dev/icons/RNEW3.svg,1.09,,0.104596496,,-82.18954160521155,-11.6409995,759244032.0,-14768000.0,-51.41143228602384,Micro Cap,-1.23,10.421,,50.0,0,0,0,0,0,46.8556145051304,-0.002303690704027715,59400.0
DMVF3,d1000 Varejo Farma Participações S.A.,Comércio e Distribuição,stock,240363488,https://icons.brapi.dev/icons/DMVF3.svg,4.75,12.5,0.26639,,-63.74045907113872,2.177,441959008.0,102844000.0,4.297372797635253,Micro Cap,0.38,17.831,159.94,50.0,0,0,0,0,0,54.97862808666755,0.030087353232091458,67300.0
SANB3,Banco Santander (Brasil) S.A.,Bancos,stock,107110473728,https://icons.brapi.dev/icons/SANB3.svg,13.77,9.241611,1.1126374,51.5,54.717836338615044,13.873,335174205440.0,,,Blue Chip,1.49,12.376,47.92,50.0,0,0,0,0,0,58.10438175791678,0.01155751143392339,61400.0
DEXP3,Dexxos Participações S.A.,Química e Petroquímica,stock,894766720,https://icons.brapi.dev/icons/DEXP3.svg,8.32,5.5099335,0.9327354,34.96,46.33763079410769,17.130000000000003,241404000.0,266799008.0,0.9048159579363954,Micro Cap,1.51,8.92,109.24,100.0,1,0,0,0,0,45.6973878854552,0.005451222323697352,58000.0
TAEE3,Transmissora Aliança de Energia Elétrica S.A.,Energia Elétrica,stock,12260133888,https://icons.brapi.dev/icons/TAEE3.svg,11.82,6.83237,0.5349142,52.669996,100.58192893631035,24.912001,10425576448.0,2416171008.0,4.314916623649844,Mid Cap,1.73,22.097,148.12,50.0,0,0,0,0,0,69.58592020294124,0.012543664819165551,49500.0
AMOB3,Automob Participações S.A.,Comércio Varejista,stock,475091136,https://icons.brapi.dev/icons/AMOB3.svg,12.54,,,,-46.63829803466797,,,,,Micro Cap,-3.62,,,87.5,1,1,0,0,0,52.885363605417446,-0.030198460252752968,49400.0
PTNT4,Pettenati S.A. Industria Têxtil,Têxtil,stock,270378240,https://icons.brapi.dev/icons/PTNT4.svg,4.5,6.521739,0.49158835,39.119998,12.873303950805571,9.648,386759712.0,88470272.0,4.371634711375139,Micro Cap,0.69,9.154,164.92,50.0,0,0,0,0,0,37.957321007896965,-0.013410767210530035,45000.0
TECN3,Technos S.A.,Bens de Consumo,stock,407029152,https://icons.brapi.dev/icons/TECN3.svg,6.65,7.307692,0.97023636,26.38,648.161778413433,15.243,98724000.0,76809000.0,1.2853181267820177,Micro Cap,0.91,6.854,78.14,50.0,0,0,0,0,0,47.768972834259614,-0.0333037866938299,45000.0
ETER3,Eternit S.A.,Mineração e Siderurgia,stock,295854304,https://icons.brapi.dev/icons/ETER3.svg,4.79,6.3026314,0.35714287,16.600001,-0.7541330305643634,5.8229998,171098000.0,90357000.0,1.8935776973560432,Micro Cap,0.76,13.412,216.16,50.0,0,0,0,0,0,59.735903426333145,-0.014480510070413039,43900.0
RAPT3,Randoncorp S.A.,Máquinas e Equipamentos,stock,2242167296,https://icons.brapi.dev/icons/RAPT3.svg,6.35,10.583333,0.6819891,68.19,-24.59109789878664,10.257,9338616832.0,1719592960.0,5.4307135753800715,Small Cap,0.6,9.311,76.56,50.0,0,0,0,0,0,41.26844169311132,0.0296537955258062,42200.0
LVTC3,Livetech da Bahia Indústria e Comércio S.A.,Comércio e Distribuição,stock,233538192,https://icons.brapi.dev/icons/LVTC3.svg,3.68,33.454548,0.36224037,173.22,-83.2559485655282,1.086,644425024.0,212224992.0,3.0365180741766737,Micro Cap,0.11,10.159,36.26,50.0,0,0,0,0,0,52.013398352017205,-0.009333777933059034,32100.0
VIVR3,Viver Incorporadora e Construtora S.A.,Construção Civil e Imobiliário,stock,35680456,https://icons.brapi.dev/icons/VIVR3.svg,0.93,,0.2509444,,-90.76841261017807,-28.872999999999998,20423000.0,17747000.0,1.1507860483461994,Penny Stock,-1.47,3.706,,50.0,0,0,0,0,0,65.52673669513652,0.025492250015378005,37800.0
GOAU3,Metalurgica Gerdau S.A.,Mineração e Siderurgia,stock,9491884032,https://icons.brapi.dev/icons/GOAU3.svg,9.59,1.5593495,0.49187055,5.53,102.59240097477954,5.9580002,19519410176.0,8470715904.0,2.304340081430737,Small Cap,6.15,19.497,441.62,50.0,0,0,1,0,0,55.57677896739431,-0.007772393514617601,37100.0
TELB3,Telecomunicações Brasileiras S.A. - Telebras,Telecomunicações,stock,999921984,https://icons.brapi.dev/icons/TELB3.svg,11.25,48.913044,0.67762923,,-89.42226618133738,1.349,8310000.0,357940000.0,0.0232161814829301,Micro Cap,0.23,16.602,-17.61,50.0,0,0,0,0,0,39.03342039835411,-0.1413767952883555,36500.0
LUPA3,Lupatech S.A.,Máquinas e Equipamentos,stock,48962144,https://icons.brapi.dev/icons/LUPA3.svg,1.12,,0.4592046,,-40.425531510154066,-21.059998999999998,178632992.0,-34080000.0,-5.241578403755868,Micro Cap,-0.56,2.439,,50.0,0,0,0,0,0,40.09073728239391,-0.0016247495266426704,35300.0
PDTC3,Padtec Holding S.A.,Hardware e Equipamentos,stock,85032504,https://icons.brapi.dev/icons/PDTC3.svg,1.07,,0.72102433,,-78.54727223396432,-14.149999999999999,370468000.0,11928000.0,31.058685446009388,Micro Cap,-0.22,1.484,,50.0,0,0,0,0,0,53.79693211553204,0.0011090578828756885,35100.0
UCAS3,Unicasa Indústria de Móveis S.A.,Bens de Consumo,stock,85912272,https://icons.brapi.dev/icons/UCAS3.svg,1.3,,0.46661878,284.10997,-58.747424927106586,-0.63099996,112762000.0,4962000.0,22.725110842402255,Micro Cap,-0.02,2.786,,50.0,0,0,0,0,0,47.010786042974274,0.0010265112014949014,33300.0
AALR3,Alliança Saúde e Participações S.A.,Saúde,stock,929163392,https://icons.brapi.dev/icons/AALR3.svg,6.1,,0.8773191,,-46.1130735946783,-6.9,652692992.0,158608992.0,4.1151071182647705,Micro Cap,-0.66,6.953,,50.0,0,0,0,0,0,51.915247235435935,-0.03710572190987643,32700.0
CAMB3,Cambuci S.A.,Bens de Consumo,stock,421742880,https://icons.brapi.dev/icons/CAMB3.svg,10.08,6.0359282,1.371242,50.480000000000004,196.68099129014237,23.985,2606000.0,90782000.0,0.028706131171377585,Micro Cap,1.67,7.351,64.88,50.0,0,0,0,0,0,60.591222352892245,0.00750519130647781,31800.0
GGBR3,Gerdau S.A.,Mineração e Siderurgia,stock,31804258304,https://icons.brapi.dev/icons/GGBR3.svg,15.04,9.459119,0.54706824,40.25,72.88000981334581,5.9770003,19519410176.0,8629995520.0,2.2618100010323063,Mid Cap,1.59,27.492,108.52,50.0,0,0,0,0,0,48.59948751186358,-0.01665300310038892,31400.0
IGTI3,Iguatemi S.A.,Serviços Financeiros Diversos,stock,6724188672,https://icons.brapi.dev/icons/IGTI3.svg,2.9,6.4444447,0.7747796,21.43,48.671297584495775,12.889000000000001,4097315072.0,992096000.0,4.129958262103667,Small Cap,0.45,3.743,112.28,50.0,0,0,0,0,0,60.61183107308177,0.002590160925292767,31000.0
AGXY3,AgroGalaxy Participações S.A.,Comércio e Distribuição,stock,95603632,https://icons.brapi.dev/icons/AGXY3.svg,5.71,,-0.047571838,,-96.2364894085109,,2126569984.0,-1953304064.0,-1.0887040185874512,Micro Cap,-201.05,-120.029,,50.0,0,0,0,0,0,43.42006404014291,0.009352064062820832,29500.0
WEST3,Westwing Comércio Varejista S.A.,Comércio Varejista,stock,49547692,https://icons.brapi.dev/icons/WEST3.svg,4.46,,0.22640744,,-96.15185506520368,-6.21,7761000.0,-27607000.0,-0.2811243525192886,Micro Cap,-3.12,19.699,,50.0,0,0,0,0,0,38.008615537119965,-0.1521664644454791,27100.0
BRKM3,Braskem S.A.,Química e Petroquímica,stock,6896757248,https://icons.brapi.dev/icons/BRKM3.svg,8.89,,-1.8621701,,-53.562196931127204,,65370001408.0,2438000128.0,26.812960613593535,Small Cap,-7.34,-4.774,,50.0,0,0,0,0,0,37.67113101273126,-0.0687597241180817,26700.0
TCSA3,Tecnisa S.A.,Construção Civil e Imobiliário,stock,122207920,https://icons.brapi.dev/icons/TCSA3.svg,1.66,,0.38275304,,-82.76220200525125,-40.839999999999996,572617984.0,-149320000.0,-3.834837824805786,Micro Cap,-1.37,4.337,,37.5,0,0,1,1,0,57.4069212049538,0.01984368585326205,23900.0
BMEB4,Banco Mercantil do Brasil S.A.,Bancos,stock,4768181248,https://icons.brapi.dev/icons/BMEB4.svg,50.8,9.67619,2.5646203,42.430001,696.1660982754557,41.327998,5676536832.0,,,Small Cap,5.25,19.808,-4.78,50.0,0,0,0,0,0,70.04271228636065,-0.028459437795682163,24300.0
EUCA4,Eucatex S.A. Indústria e Comércio,Papel e Celulose,stock,1726286080,https://icons.brapi.dev/icons/EUCA4.svg,17.69,6.386282,0.5974938,26.569998000000002,240.42989360940686,9.8179996,1322210048.0,622577984.0,2.123766149751932,Micro Cap,2.77,29.607,142.83,50.0,0,0,0,0,0,51.95591751589207,0.009227504391044888,22900.0
RSID3,Rossi Residencial S.A.,Construção Civil e Imobiliário,stock,38324544,https://icons.brapi.dev/icons/RSID3.svg,1.94,0.13333334,-0.039426085,,-61.431412001981286,,379601984.0,-219470000.0,-1.7296304005103202,Micro Cap,14.55,-49.206,,50.0,0,0,0,0,0,47.17980005088531,-0.0009470242229599156,22000.0
JFEN3,João Fortes Engenharia S.A.,Construção Civil e Imobiliário,stock,22148750,https://icons.brapi.dev/icons/JFEN3.svg,1.73,0.3197782,-0.22331224,,-99.60046188935947,,278904992.0,-146844000.0,-1.8993284846503773,Micro Cap,5.41,-7.747,,50.0,0,0,0,0,0,55.42882369912833,0.022425161573183125,21700.0
INEP3,Inepar S.A. Indústria e Construções,Serviços Industriais,stock,71300584,https://icons.brapi.dev/icons/INEP3.svg,1.64,,-0.042286567,,19.272726232355296,,1027859968.0,-89081000.0,-11.538487084788002,Micro Cap,-4.86,-38.783,,50.0,0,0,0,0,0,47.99381875697161,0.018119285474198332,21300.0
LUXM4,Trevisa Investimentos S.A.,Transporte e Logística,stock,84621600,https://icons.brapi.dev/icons/BRAPI.svg,3.65,5.0,0.9458409,15.989999999999998,-30.072024507023443,25.901999999999997,20526000.0,35363000.0,0.580437180103498,Micro Cap,0.73,3.859,118.12,50.0,0,0,0,0,0,40.95762188846339,-0.09920457083251255,20700.0
EALT4,Electro Aço Altona S.A.,Máquinas e Equipamentos,stock,273741024,https://icons.brapi.dev/icons/EALT4.svg,11.77,2.5421166,0.78935015,,143.29838498473146,27.461000000000002,97561000.0,127942000.0,0.7625408388175893,Micro Cap,4.63,14.911,234.86,50.0,0,0,0,0,0,45.62113798918352,0.054942896201759434,20400.0
BRSR3,Banco do Estado do Rio Grande do Sul S.A.,Bancos,stock,5103842304,https://icons.brapi.dev/icons/BRSR3.svg,13.05,3.918919,0.49263874,30.290001999999998,34.87078484352273,8.876000000000001,34516426752.0,,,Small Cap,3.33,26.49,241.38,50.0,0,0,0,0,0,68.38588184922959,0.05685317963288944,17800.0
CSUD3,CSU Digital S.A.,Software e Serviços de TI,stock,777355072,https://icons.brapi.dev/icons/CSUD3.svg,18.8,8.355556,1.5763878,50.17,77.7500902130109,19.718,57980000.0,133073000.0,0.43570070562773816,Micro Cap,2.25,11.926,30.7,50.0,0,0,0,0,0,62.42757042342047,0.01991784397804569,17800.0
LAND3,Terra Santa Propriedades Agrícolas S.A.,Construção Civil e Imobiliário,stock,871636096,https://icons.brapi.dev/icons/LAND3.svg,9.06,82.36364,1.1906953,78.81,-33.2693123446201,2.247,43563000.0,30348000.0,1.4354487939897194,Micro Cap,0.11,7.609,-52.1,50.0,0,0,0,0,0,31.222043817842618,-0.027101088997598388,16100.0
TRAD3,TC S.A.,Software e Serviços de TI,stock,210054720,https://icons.brapi.dev/icons/TRAD3.svg,5.3,,1.1183795,,-93.9906974452825,-26.416,27000.0,-63347000.0,-0.0004262238148610037,Micro Cap,-1.53,4.739,,50.0,0,0,0,0,0,34.04837940262105,-0.02725270358681653,15800.0
EQPA3,Equatorial Pará Distribuidora de Energia S.A.,Energia Elétrica,stock,12463537152,https://icons.brapi.dev/icons/EQPA3.svg,5.64,4.7394953,2.6654065,55.15,183.67302887805855,40.476,6824751104.0,3001093120.0,2.274088417489691,Mid Cap,1.19,2.116,33.46,50.0,0,0,0,0,0,51.430742642600244,0.008655336577009391,15700.0
BIOM3,Biomm S.A.,Saúde,stock,1145537792,https://icons.brapi.dev/icons/BIOM3.svg,8.75,,4.669157,,-45.29794514340879,-24.820999999999998,107596000.0,-61993000.0,-1.7356153114061266,Micro Cap,-0.51,1.874,,50.0,0,0,0,0,0,74.30079645685716,0.16453215171566327,14500.0
BRAP3,Bradespar S.A.,Serviços Financeiros Diversos,stock,6514037760,https://icons.brapi.dev/icons/BRAP3.svg,15.61,6.027027,0.72332144,71.28999999999999,93.59842994840535,13.831,4784000.0,,,Small Cap,2.59,21.581,127.18,50.0,0,0,1,0,0,68.5851321551881,0.025644323352492254,14300.0
WHRL4,Whirlpool S.A.,Bens de Consumo,stock,7037121024,https://icons.brapi.dev/icons/WHRL4.svg,4.91,9.092592,3.3130903,101.91001,2.7143601574638465,34.443,2055693952.0,1453640960.0,1.4141689788378005,Small Cap,0.54,1.482,-13.58,50.0,0,0,0,0,0,62.34353945126511,0.001940724849200548,13500.0
CEBR3,Companhia Energética de Brasília - CEB,Energia Elétrica,stock,1684229120,https://icons.brapi.dev/icons/CEBR3.svg,22.75,9.136546,1.5239817,79.38,441.99700772606496,19.174999,3329000.0,156566000.0,0.021262598520751633,Micro Cap,2.49,14.928,27.12,50.0,0,0,0,0,0,57.31562994247381,-0.2565501591080147,13200.0
CEBR6,Companhia Energética de Brasília - CEB,Energia Elétrica,stock,1673262208,https://icons.brapi.dev/icons/CEBR6.svg,24.1,9.678715,1.6144159,87.32,459.78623698454595,19.174999,3329000.0,156566000.0,0.021262598520751633,Micro Cap,2.49,14.928,20.0,50.0,0,0,0,0,0,51.67569400394392,-0.31462516618815606,12700.0
TASA3,Taurus Armas S.A.,Máquinas e Equipamentos,stock,713790848,https://icons.brapi.dev/icons/TASA3.svg,5.54,6.367816,0.60506773,21.180001,-9.192366020460796,9.645,804390016.0,163211008.0,4.928527958114198,Micro Cap,0.87,9.156,141.65,50.0,0,0,0,0,0,50.06864516254601,0.0468451480064533,11600.0
DOTZ3,Dotz S.A.,Software e Serviços de TI,stock,99883624,https://icons.brapi.dev/icons/DOTZ3.svg,7.65,109.28571,-0.41286632,,-94.2045453822974,,106228000.0,16219000.0,6.549602318268697,Micro Cap,0.07,-18.529,,50.0,0,0,0,0,0,40.57208930903797,-0.19462417384520703,11200.0
BEES3,Banestes S.A - Banco do Estado do Espírito Santo,Bancos,stock,2830111232,https://icons.brapi.dev/icons/BEES3.svg,8.16,7.5555553,1.2053176,40.83,162.96727845487462,19.840999,9534074880.0,,,Small Cap,1.08,6.77,57.18,50.0,0,0,0,0,0,52.77918235990043,-0.029969786265746104,11100.0
FICT3,Fictor Alimentos S.A.,Serviços Diversos,stock,77365920,https://icons.brapi.dev/icons/FICT3.svg,3.25,,-7.8883495,,52.4942448935666,-157.578,14329000.0,,,Micro Cap,-0.96,-0.412,,50.0,0,0,0,0,0,49.78113021294985,0.014132570809338975,10000.0
BAZA3,Banco da Amazônia S.A.,Bancos,stock,4373669376,https://icons.brapi.dev/icons/BAZA3.svg,78.02,3.2795289,0.65363634,27.85,220.56830119744032,19.253,426644992.0,,,Small Cap,23.79,119.363,223.98,50.0,0,0,0,0,0,59.72797995220217,-0.07057581741994357,9400.0
UNIP3,Unipar Carbocloro S.A.,Química e Petroquímica,stock,7828545024,https://icons.brapi.dev/icons/UNIP3.svg,63.3,9.295155,2.5416582,28.910000000000004,242.09154827224722,28.716,2805159936.0,1421228032.0,1.9737578156634614,Small Cap,6.81,24.905,-2.41,50.0,0,0,0,0,0,70.9418636340541,0.08202535099869435,8900.0
NGRD3,Neogrid Participações S.A.,Software e Serviços de TI,stock,229664464,https://icons.brapi.dev/icons/NGRD3.svg,25.71,,0.52047694,,-78.6650223494692,-6.909999999999999,18507000.0,-43103000.0,-0.4293668654154003,Micro Cap,-3.39,49.397,,50.0,0,0,1,0,0,44.65641870042563,-0.07126246447381127,8800.0
ALUP4,Alupar Investimento S.A.,Energia Elétrica,stock,16700964864,https://icons.brapi.dev/icons/ALUP4.svg,9.96,9.576923,0.5976597,27.36,98.84373881139281,15.720998999999999,12775074816.0,2923646976.0,4.36956818688085,Mid Cap,1.04,16.665,98.27,50.0,0,0,0,0,0,60.539432352228744,0.006970303432817557,8500.0
CRPG5,Tronox Pigmentos do Brasil S.A.,Química e Petroquímica,stock,410004128,https://icons.brapi.dev/icons/CRPG5.svg,13.05,,0.645241,,-8.660814844723442,-1.155,8003000.0,-11873000.0,-0.6740503663774952,Micro Cap,-0.23,20.225,,50.0,0,0,0,0,0,30.577507469089227,-0.11429910368811796,8400.0
REAG3,REAG Investimentos S.A.,Serviços Diversos,stock,389137376,https://icons.brapi.dev/icons/REAG3.svg,2.76,10.615385,0.47792208,,-84.95912843004423,4.5969999999999995,1122000.0,-16336000.0,-0.06868266405484819,Micro Cap,0.26,5.775,110.59,50.0,0,0,0,0,0,32.10678360257734,0.025394608341029468,7900.0
ENGI4,Energisa S.A.,Energia Elétrica,stock,24506669056,https://icons.brapi.dev/icons/ENGI4.svg,8.93,5.993289,1.1198897,38.93,61.07257128343861,20.562,39199219712.0,8658715648.0,4.527140202491149,Mid Cap,1.49,7.974,83.09,50.0,0,0,0,0,0,53.858102165034964,0.018470721322465133,8000.0
ALPA3,Alpargatas S.A.,Bens de Consumo,stock,6306486272,https://icons.brapi.dev/icons/ALPA3.svg,9.05,25.13889,1.4840932,26.790002,-70.90836078757988,6.441,862225984.0,317961984.0,2.711726644654475,Small Cap,0.36,6.098,-22.34,75.0,0,1,0,0,0,44.202361302301185,-0.1406530611287965,5800.0
RDNI3,RNI Negócios Imobiliários S.A.,Construção Civil e Imobiliário,stock,96644984,https://icons.brapi.dev/icons/RDNI3.svg,2.29,,0.49663845,,-77.29149382037363,-47.404,549856000.0,-78640000.0,-6.99206510681587,Micro Cap,-356266.38,4.611,,50.0,0,0,0,0,0,59.24221260714607,0.03819208116924176,7100.0
RPMG3,Refinaria de Petróleos de Manguinhos S.A.,"Petróleo, Gás e Biocombustíveis",stock,198991856,https://icons.brapi.dev/icons/RPMG3.svg,2.94,,-0.026770106,,11.787069554764651,,0.0,-1766972032.0,,Micro Cap,-24.5,-109.824,,50.0,0,0,0,0,0,52.112072471176575,0.007101389486067106,5800.0
CGRA4,Grazziotin S.A.,Comércio Varejista,stock,555512576,https://icons.brapi.dev/icons/CGRA4.svg,27.0,4.7535214,0.58242375,56.08,64.77218337073629,12.675999,176022000.0,96999000.0,1.8146785018402252,Micro Cap,5.68,46.358,185.08,50.0,0,0,0,0,0,48.11852193162724,-0.04303697173029329,5700.0
TELB4,Telecomunicações Brasileiras S.A. - Telebras,Telecomunicações,stock,1111271552,https://icons.brapi.dev/icons/TELB4.svg,9.3,40.434784,0.5601735,,-69.95153485788927,1.349,8310000.0,357940000.0,0.0232161814829301,Micro Cap,0.23,16.602,-0.33,50.0,0,0,0,0,0,56.99982168842435,-0.06637980481595679,5600.0
CLSC4,Centrais Elétricas de Santa Catarina S.A.,Energia Elétrica,stock,3875557376,https://icons.brapi.dev/icons/CLSC4.svg,101.94,6.9346943,1.0143284,62.4,191.70750610613067,16.8,4186721024.0,1461289984.0,2.8650856913010907,Small Cap,14.7,100.5,78.85,50.0,0,0,0,0,0,48.79317089172335,0.08281469166761771,4800.0
SCAR3,São Carlos Empreendimentos e Participações S.A.,Construção Civil e Imobiliário,stock,1186288384,https://icons.brapi.dev/icons/SCAR3.svg,20.74,,0.7761976,,-40.41683703500676,17.181998,1066131968.0,164460000.0,6.482621719567068,Micro Cap,-0.86,26.72,,50.0,0,0,1,0,0,52.220221210630896,-0.16994963463439644,5400.0
CEBR5,Companhia Energética de Brasília - CEB,Energia Elétrica,stock,1689436288,https://icons.brapi.dev/icons/CEBR5.svg,22.78,9.185484,1.5259914,79.38,311.30835459263284,19.174999,3329000.0,156566000.0,0.021262598520751633,Micro Cap,2.48,14.928,26.7,50.0,0,0,0,0,0,58.08232125007689,-0.20724222945461013,5100.0
BIED3,Bahema Educação S.A.,Educação,stock,83894568,https://icons.brapi.dev/icons/BRAPI.svg,3.15,,1.2872906,,-32.97871865531105,-76.955,166643008.0,21409000.0,7.783782895044141,Micro Cap,-2.72,2.447,,50.0,0,0,0,0,0,44.08977906373133,0.0185793814681135,5000.0
ALUP3,Alupar Investimento S.A.,Energia Elétrica,stock,16486260736,https://icons.brapi.dev/icons/ALUP3.svg,10.92,10.5,0.6552655,27.36,56.43906224137763,15.720998999999999,12775074816.0,2923646976.0,4.36956818688085,Mid Cap,1.04,16.665,80.84,50.0,0,0,0,0,0,59.15181781319497,0.033125989288579835,3900.0
BPAC3,Banco BTG Pactual S.A.,Bancos,stock,248282546176,https://icons.brapi.dev/icons/BPAC3.svg,25.27,14.276836,1.8873702,8.51,170.89093031439174,20.341,341505867776.0,,,Blue Chip,1.77,13.389,-8.62,50.0,0,0,0,0,0,61.631746598551544,0.03809949410868152,3500.0
CTKA4,Karsten S.A.,Têxtil,stock,225603328,https://icons.brapi.dev/icons/BRAPI.svg,36.5,1.9089957,6.3800035,,194.59240507342406,,433873984.0,103065000.0,4.209712162227721,Micro Cap,19.12,5.721,35.92,50.0,0,0,0,0,0,54.70782887253123,0.1182497054315007,3800.0
INEP4,Inepar S.A. Indústria e Construções,Serviços Industriais,stock,72984552,https://icons.brapi.dev/icons/INEP4.svg,1.49,,-0.038418893,,8.16696534614223,,1027859968.0,-89081000.0,-11.538487084788002,Micro Cap,-5.35,-38.783,,50.0,0,0,0,0,0,52.947767925232135,0.007004221373860985,2200.0
BOBR4,Bombril S.A.,Bens de Consumo,stock,170823152,https://icons.brapi.dev/icons/BOBR4.svg,1.39,4.964286,347.49997,,-30.150754822435065,,388892000.0,219134000.0,1.7746766818476367,Micro Cap,0.28,0.004,-88.58,50.0,0,0,0,0,0,54.5650904582198,0.01549001355914311,3600.0
OFSA3,Ouro Fino Saúde Animal Participações S.A.,Saúde,stock,1189339520,https://icons.brapi.dev/icons/OFSA3.svg,22.12,9.1028805,1.8086673,27.51,-10.183695421434734,19.431,421062016.0,210244992.0,2.002720787756029,Micro Cap,2.43,12.23,16.9,50.0,0,0,1,0,0,47.57324379482725,0.1318342476102837,3200.0
EMAE4,Empresa Metropolitana de Águas e Energia S.A.,Energia Elétrica,stock,2813702912,https://icons.brapi.dev/icons/EMAE4.svg,28.0,15.135135,0.8190967,45.369998,7.173786282238592,5.5489999999999995,0.0,4805000.0,,Small Cap,1.85,34.184,34.72,50.0,0,0,0,0,0,44.86492671535738,0.04537121683983125,1300.0
REDE3,Rede Energia Participações S.A.,Energia Elétrica,stock,13231727616,https://icons.brapi.dev/icons/REDE3.svg,6.27,9.5,3.0304494,64.08,-3.8214696027874973,29.517,17811650560.0,4614459904.0,3.8599643144715903,Mid Cap,0.66,2.069,-11.6,50.0,0,0,0,0,0,45.56032235221075,-0.007231152968996565,3100.0
ISAE3,ISA Energía Brasil S.A.,Energia Elétrica,stock,17727498240,https://icons.brapi.dev/icons/ISAE3.svg,30.95,6.2778907,0.9898299,47.9,62.842642181734476,16.416,14112054272.0,4201111040.0,3.359124321550901,Mid Cap,4.93,31.268,90.28,50.0,0,0,0,0,0,52.90428055433474,-0.005097283904773611,3100.0
TPIS3,Triunfo Participações e Investimentos S.A.,Transporte e Logística,stock,176976720,https://icons.brapi.dev/icons/TPIS3.svg,4.08,,0.20205021,,-5.899765485707653,-9.354,1352312064.0,520496000.0,2.5981219144815713,Micro Cap,-1.38,20.193,,50.0,0,0,0,0,0,57.74268871687221,0.01439749020972065,3000.0
FHER3,Fertilizantes Heringer S.A.,Química e Petroquímica,stock,215967728,https://icons.brapi.dev/icons/FHER3.svg,4.01,,-0.19343013,,45.289863867310046,,521449984.0,-162051008.0,-3.2178138873409536,Micro Cap,-11.83,-20.731,,50.0,0,0,0,0,0,49.53861970142835,0.009895791563223854,3000.0
EPAR3,Embpar Participacoes S.A.,Máquinas e Equipamentos,stock,66575344,https://icons.brapi.dev/icons/EPAR3.svg,4.48,,1.6279069,291.01,-19.18849438823862,-14.686,0.0,-6531000.0,,Micro Cap,-0.55,2.752,,50.0,0,0,0,0,0,52.48371281857831,0.023338388119847935,2600.0
ENGI3,Energisa S.A.,Energia Elétrica,stock,24596545536,https://icons.brapi.dev/icons/ENGI3.svg,13.6,9.127517,1.705543,38.93,30.602949425661063,20.562,39199219712.0,8658715648.0,4.527140202491149,Mid Cap,1.49,7.974,20.22,62.5,0,1,1,0,0,52.338419373102234,-0.07495196281678668,2600.0
DEXP4,Dexxos Participações S.A.,Química e Petroquímica,stock,905521088,https://icons.brapi.dev/icons/DEXP4.svg,8.15,5.397351,0.9136771,35.699999999999996,23.369302778673216,17.130000000000003,241404000.0,266799008.0,0.9048159579363954,Micro Cap,1.51,8.92,113.6,50.0,0,0,0,0,0,42.13231375944087,-0.0023556387355093827,2500.0
BGIP4,Banco do Estado de Sergipe S.A.,Bancos,stock,651696256,https://icons.brapi.dev/icons/BRAPI.svg,27.93,2.8883145,0.67314184,34.31,63.982323093474314,19.235,435103008.0,,,Micro Cap,9.67,41.492,240.19,50.0,0,0,0,0,0,47.6171020258597,-0.0240283621304455,2400.0
BEES4,Banestes S.A - Banco do Estado do Espírito Santo,Bancos,stock,2882211328,https://icons.brapi.dev/icons/BEES4.svg,8.25,7.6388884,1.2186115,40.83,149.7945906846989,19.840999,9534074880.0,,,Small Cap,1.08,6.77,55.47,50.0,0,0,0,0,0,58.06125733352897,-0.030705818598062054,2200.0
PINE3,Banco Pine S.A.,Bancos,stock,1899974656,https://icons.brapi.dev/icons/PINE3.svg,8.5,7.024793,1.6396605,40.64,11.672380760026302,25.217,6564994048.0,,,Micro Cap,1.21,5.184,39.76,50.0,0,0,0,0,0,85.85440623070701,0.1577733419021165,1700.0
NUTR3,Nutriplant Indústria e Comércio S/A,Alimentos e Bebidas,stock,37715188,https://icons.brapi.dev/icons/NUTR3.svg,2.85,6.4772725,0.87182623,,35.714287336180895,14.066999999999998,15702000.0,15483000.0,1.0141445456306917,Micro Cap,0.44,3.269,99.61,50.0,0,0,0,0,0,44.516463253439866,0.006185488791930288,1700.0
WHRL3,Whirlpool S.A.,Bens de Consumo,stock,6917265920,https://icons.brapi.dev/icons/WHRL3.svg,4.5,8.333333,3.0364373,92.65,-4.365798098317986,34.443,2055693952.0,1453640960.0,1.4141689788378005,Small Cap,0.54,1.482,-5.7,50.0,0,0,0,0,0,56.70566235343113,-0.006743313910775928,1600.0
COCE5,Companhia Energética do Ceará - COELCE,Energia Elétrica,stock,3139301376,https://icons.brapi.dev/icons/COCE5.svg,29.43,24.731092,0.43680242,113.61000000000001,-38.16677079204885,7.591,5795211776.0,1856035968.0,3.1223596287547806,Small Cap,1.19,67.376,44.32,50.0,0,0,0,0,0,50.68517688289944,0.07595549953586067,1200.0
BSLI3,BRB - Banco de Brasília S.A.,Bancos,stock,4526120960,https://icons.brapi.dev/icons/BSLI3.svg,9.2,4.5544553,1.1592742,6.0399998,-50.72415864463712,18.492001,18979092480.0,,,Small Cap,2.02,7.936,106.43,50.0,0,0,0,0,0,52.54380457160799,-0.07518287568396642,1400.0
OIBR4,Oi S.A.,Telecomunicações,stock,187664624,https://icons.brapi.dev/icons/OIBR4.svg,7.21,,-0.15059423,,-97.22692306225117,,12601308160.0,-1952152064.0,-6.455085334991608,Micro Cap,-81.95,-47.877,,50.0,0,0,0,0,0,45.862104902004305,0.02222320798083441,1300.0
WLMM4,WLM Participações e Comércio de Máquinas e Veículos S.A.,Comércio e Distribuição,stock,770756480,https://icons.brapi.dev/icons/WLMM4.svg,20.01,6.760135,0.90514314,33.290002,11.069100396655585,14.716999999999999,449152992.0,201410000.0,2.230043155751949,Micro Cap,2.96,22.107,91.76,50.0,0,0,0,0,0,28.953118182044534,-0.02827882052150943,1400.0
ATED3,Atom Educacao e Editora S.A.,Software e Serviços de TI,stock,48740700,https://icons.brapi.dev/icons/ATED3.svg,2.12,,,,35.0318353332526,,,,,Micro Cap,-0.02,,,50.0,0,0,0,0,0,52.7433583421567,-0.002984494601368834,1300.0
TKNO4,Tekno S.A. Indústria e Comércio,Mineração e Siderurgia,stock,529333664,https://icons.brapi.dev/icons/BRAPI.svg,175.01,12.161918,1.5704414,48.980000000000004,574.5487840084937,13.444999999999999,2508000.0,45188000.0,0.055501460564751706,Micro Cap,14.39,111.44,8.54,50.0,0,0,0,0,0,54.87425912240946,-0.8560758017080818,1100.0
CTAX3,Contax Participações S.A.,Serviços Diversos,stock,32049842,https://icons.brapi.dev/icons/BRAPI.svg,1.2,,0.30737707,,-6.976737738815952,-116.41699999999999,237014000.0,-1929000.0,-122.86884396060135,Micro Cap,-10.88,3.904,,50.0,0,0,0,0,0,65.50861562341737,0.011127839416877356,1000.0
OSXB3,OSX Brasil S.A.,Serviços Industriais,stock,7334928,https://icons.brapi.dev/icons/OSXB3.svg,2.33,,-0.00082409347,,-49.567099969222326,,7336968192.0,-1041000.0,-7048.00018443804,Micro Cap,-512.34,-2827.349,,50.0,0,0,0,0,0,41.93941194692527,-0.005151814780829475,900.0
BPAC5,Banco BTG Pactual S.A.,Bancos,stock,247083941888,https://icons.brapi.dev/icons/BPAC5.svg,10.84,6.124294,0.80961984,8.51,214.0204803520745,20.341,341505867776.0,,,Blue Chip,1.77,13.389,113.02,50.0,0,0,0,0,0,65.12532675713328,0.01266778123674106,900.0
HAGA3,HAGA S/A Indústria e Comércio,Bens de Consumo,stock,16501334,https://icons.brapi.dev/icons/HAGA3.svg,1.84,26.285715,-0.42790696,,-41.58730229612979,,20754086.0,-616128.0,-33.684698634050065,Micro Cap,0.07,-4.3,,50.0,0,0,0,0,0,44.290725762742866,-0.00608427301975599,800.0
DOHL4,Döhler S.A.,Têxtil,stock,79379720,https://icons.brapi.dev/icons/BRAPI.svg,3.8,,0.41489244,,-14.35057980539346,-0.031,149319008.0,5312000.0,28.10975301204819,Micro Cap,-0.01,9.159,,50.0,0,0,0,0,0,47.229516803273235,0.016440615428986588,800.0
GEPA4,Rio Paranapanema Energia S.A.,Energia Elétrica,stock,3244536320,https://icons.brapi.dev/icons/BRAPI.svg,35.0,140.0,1.8817204,1174.38,41.54948259068518,24.489,656371968.0,871700992.0,0.7529783423717843,Small Cap,0.25,18.6,-70.78,50.0,0,0,0,0,0,40.17264589121787,-0.03097466099270721,600.0
AVLL3,Alphaville S.A.,Construção Civil e Imobiliário,stock,326200704,https://icons.brapi.dev/icons/AVLL3.svg,1.67,,-2.4273255,,-91.67232882738287,,704921024.0,157688000.0,4.470353000862462,Micro Cap,-0.42,-0.688,,50.0,0,0,0,0,0,43.155474476076364,-0.008147126218270215,300.0
EALT3,Electro Aço Altona S.A.,Máquinas e Equipamentos,stock,278176704,https://icons.brapi.dev/icons/EALT3.svg,12.89,2.7840173,0.8644625,9.16,17.338861986722854,27.461000000000002,97561000.0,127942000.0,0.7625408388175893,Micro Cap,4.63,14.911,205.76,50.0,0,0,0,0,0,39.76941408965778,-0.045446839463119115,600.0
MTSA4,METISA Metalúrgica Timboense S.A.,Máquinas e Equipamentos,stock,505480096,https://icons.brapi.dev/icons/MTSA4.svg,41.79,8.910448,0.7743765,58.660000000000004,107.14447180844533,9.312,28131908.0,57042192.0,0.49317719066616517,Micro Cap,4.69,53.966,80.58,50.0,0,0,0,0,0,52.24616655168853,0.051549614922008546,600.0
VSTE3,Veste S.A. Estilo,Bens de Consumo,stock,610542720,https://icons.brapi.dev/icons/VSTE3.svg,5.34,Infinity,0.58373415,,-86.87425151721891,,,,,Micro Cap,,9.148,,100.0,1,0,0,0,0,25.29913092184438,-0.009386925554560374,500.0
BALM4,Baumer S.A.,Saúde,stock,187036176,https://icons.brapi.dev/icons/BALM4.svg,17.15,5.6976743,0.9243289,45.150003,51.83678397526445,17.384,22289000.0,53303000.0,0.4181565765529145,Micro Cap,3.01,18.554,106.69,50.0,0,0,0,0,0,61.77878667587871,-0.024731403340627955,500.0
FESA3,Cia de Ferro Ligas da Bahia S.A. - FERBASA,Mineração e Siderurgia,stock,2839256832,https://icons.brapi.dev/icons/BRAPI.svg,11.65,15.743242,1.1751059,61.35,134.17269155562184,8.212,344372992.0,221974000.0,1.5514113905232145,Small Cap,0.74,9.914,10.28,50.0,0,0,0,0,0,49.86573492983867,-0.0033424506722004657,500.0
MGEL4,Mangels Industrial S.A.,Máquinas e Equipamentos,stock,22295814,https://icons.brapi.dev/icons/MGEL4.svg,6.0,,1.6685206,,3.448272460139301,33.783,569385984.0,80465000.0,7.076194419934133,Micro Cap,-4.5,3.596,,50.0,0,0,0,0,0,58.55650448150651,-0.009956344892407487,400.0
RSUL4,Metalúrgica Riosulense S.A.,Máquinas e Equipamentos,stock,162913248,https://icons.brapi.dev/icons/BRAPI.svg,65.29,6.588295,1.5626721,22.659999,283.140450356269,26.191,14019000.0,93547000.0,0.14986049793152106,Micro Cap,9.91,41.781,47.83,50.0,0,0,0,0,0,41.077247770738765,-0.39395818137058314,400.0
HOOT4,Hotéis Othon S.A.,Serviços Diversos,stock,31577976,https://icons.brapi.dev/icons/HOOT4.svg,4.0,0.98039216,-2.1310601,,45.45454545454546,,5000.0,77622000.0,6.441472778336039e-05,Micro Cap,4.08,-1.877,,50.0,0,0,0,0,0,54.36466254605792,-0.001103117831800192,300.0
BSLI4,BRB - Banco de Brasília S.A.,Bancos,stock,4530543104,https://icons.brapi.dev/icons/BSLI4.svg,9.53,4.7178216,1.2008568,6.4,23.30883653590403,18.492001,18979092480.0,,,Small Cap,2.02,7.936,99.29,50.0,0,0,0,0,0,45.75697200275305,-0.1406696519737835,200.0
CGRA3,Grazziotin S.A.,Comércio Varejista,stock,566345344,https://icons.brapi.dev/icons/CGRA3.svg,27.85,4.903169,0.60075927,56.08,61.62525385701609,12.675999,176022000.0,96999000.0,1.8146785018402252,Micro Cap,5.68,46.358,176.38,50.0,0,0,0,0,0,51.62287468906362,-0.04158798380607631,200.0
HAGA4,HAGA S/A Indústria e Comércio,Bens de Consumo,stock,16643585,https://icons.brapi.dev/icons/HAGA4.svg,1.17,16.714285,-0.272093,,-36.41304696411846,,20754086.0,-616128.0,-33.684698634050065,Micro Cap,0.07,-4.3,,50.0,0,0,0,0,0,49.3431294894042,-0.0010544830162327705,200.0
CPLE5,Companhia Paranaense de Energia - COPEL,Energia Elétrica,stock,35512934400,https://icons.brapi.dev/icons/BRAPI.svg,12.2,14.878049,1.4153132,73.76,182.86038941368602,10.083999500000001,20213848064.0,5743093248.0,3.519679585742293,Mid Cap,0.82,8.62,3.37,50.0,0,0,0,0,0,44.627026913618664,-0.008600588363780956,100.0
EUCA3,Eucatex S.A. Indústria e Comércio,Papel e Celulose,stock,1769900288,https://icons.brapi.dev/icons/BRAPI.svg,21.3,7.6895304,0.7194244,24.149999,11.673351167335122,9.8179996,1322210048.0,622577984.0,2.123766149751932,Micro Cap,2.77,29.607,101.67,50.0,0,0,0,0,0,65.96206701669811,0.18748879123619172,100.0
CGAS5,Companhia de Gás de São Paulo - COMGÁS,"Petróleo, Gás e Biocombustíveis",stock,17047602176,https://icons.brapi.dev/icons/CGAS5.svg,127.86,10.798986,9.877172,92.28,9.061644563052319,102.68299999999999,8873118720.0,3586414080.0,2.4740920936826125,Mid Cap,11.84,12.945,-54.07,50.0,0,0,0,0,0,51.74084952019987,0.07465772388947026,100.0
EQMA3B,Equatorial Maranhão Distribuidora de Energia S.A.,Energia Elétrica,stock,5400008704,https://icons.brapi.dev/icons/BRAPI.svg,32.89,6.3250003,1.2775792,52.690000000000005,28.6145466378835,21.214001,4246245120.0,1622887040.0,2.6164760795674358,Small Cap,5.2,25.744,66.87,50.0,0,0,0,0,0,71.27803118906368,0.25439010217794,100.0
BMKS3,Bicicletas Monark S.A.,Bens de Consumo,stock,200090000,https://icons.brapi.dev/icons/BMKS3.svg,440.0,14.102564,0.77267945,,198.3675265561092,33.479,3622000.0,-5921000.0,-0.611720993075494,Micro Cap,31.2,569.447,43.7,50.0,0,0,0,0,0,55.749383238640256,-1.8986118285435012,14.0
