ticker,ano,fechamento
MGLU3,2025,10.62
MGLU3,2024,6.31
MGLU3,2023,19.61
MGLU3,2022,24.88
MGLU3,2021,65.56
MGLU3,2020,226.38
MGLU3,2019,107.89
MGLU3,2018,50.81
PETR4,2025,31.81
PETR4,2024,33.52
PETR4,2023,28.15
PETR4,2022,14.3
PETR4,2021,10.37
PETR4,2020,8.4
PETR4,2019,8.94
PETR4,2018,6.5
COGN3,2025,3.28
COGN3,2024,1.06
COGN3,2023,3.4
COGN3,2022,2.06
COGN3,2021,2.4
COGN3,2020,4.51
COGN3,2019,11.13
COGN3,2018,8.53
AZUL4,2025,1.23
AZUL4,2024,3.54
AZUL4,2023,16.01
AZUL4,2022,11.01
AZUL4,2021,24.36
AZUL4,2020,39.3
AZUL4,2019,58.28
AZUL4,2018,36.0
B3SA3,2025,13.4
B3SA3,2024,10.14
B3SA3,2023,13.83
B3SA3,2022,12.18
B3SA3,2021,9.9
B3SA3,2020,17.58
B3SA3,2019,11.79
B3SA3,2018,7.21
CSAN3,2025,6.28
CSAN3,2024,8.16
CSAN3,2023,18.7
CSAN3,2022,16.1
CSAN3,2021,19.94
CSAN3,2020,16.92
CSAN3,2019,15.22
CSAN3,2018,7.16
RAIZ4,2025,1.03
RAIZ4,2024,2.16
RAIZ4,2023,4.01
RAIZ4,2022,3.44
RAIZ4,2021,5.7
RAIZ4,2020,
RAIZ4,2019,
RAIZ4,2018,
ABEV3,2025,12.41
ABEV3,2024,11.41
ABEV3,2023,12.65
ABEV3,2022,12.71
ABEV3,2021,12.82
ABEV3,2020,12.46
ABEV3,2019,14.49
ABEV3,2018,11.63
VAMO3,2025,3.57
VAMO3,2024,4.75
VAMO3,2023,9.6
VAMO3,2022,11.54
VAMO3,2021,10.67
VAMO3,2020,
VAMO3,2019,
VAMO3,2018,
RAIL3,2025,15.65
RAIL3,2024,17.1
RAIL3,2023,21.89
RAIL3,2022,17.69
RAIL3,2021,16.87
RAIL3,2020,18.27
RAIL3,2019,24.79
RAIL3,2018,16.14
ITSA4,2025,11.46
ITSA4,2024,8.03
ITSA4,2023,8.42
ITSA4,2022,6.15
ITSA4,2021,5.49
ITSA4,2020,6.61
ITSA4,2019,7.67
ITSA4,2018,6.14
ITUB4,2025,38.89
ITUB4,2024,26.05
ITUB4,2023,26.83
ITUB4,2022,18.86
ITUB4,2021,15.18
ITUB4,2020,22.14
ITUB4,2019,25.28
ITUB4,2018,23.2
BBAS3,2025,22.12
BBAS3,2024,23.52
BBAS3,2023,24.87
BBAS3,2022,14.58
BBAS3,2021,11.06
BBAS3,2020,13.8
BBAS3,2019,18.06
BBAS3,2018,15.1
BBDC4,2025,17.84
BBDC4,2024,10.73
BBDC4,2023,14.93
BBDC4,2022,12.02
BBDC4,2021,13.55
BBDC4,2020,16.66
BBDC4,2019,19.65
BBDC4,2018,16.53
JHSF3,2025,6.45
JHSF3,2024,3.49
JHSF3,2023,4.87
JHSF3,2022,3.99
JHSF3,2021,4.26
JHSF3,2020,5.61
JHSF3,2019,5.03
JHSF3,2018,1.28
RADL3,2025,18.1
RADL3,2024,21.75
RADL3,2023,28.68
RADL3,2022,22.0
RADL3,2021,22.28
RADL3,2020,22.75
RADL3,2019,20.17
RADL3,2018,10.24
VALE3,2025,57.28
VALE3,2024,50.72
VALE3,2023,65.7
VALE3,2022,69.7
VALE3,2021,55.78
VALE3,2020,53.19
VALE3,2019,31.12
VALE3,2018,29.01
BRKM5,2025,6.66
BRKM5,2024,11.58
BRKM5,2023,21.86
BRKM5,2022,23.76
BRKM5,2021,57.63
BRKM5,2020,20.86
BRKM5,2019,26.42
BRKM5,2018,40.78
CPLE6,2025,12.89
CPLE6,2024,9.15
CPLE6,2023,9.92
CPLE6,2022,7.29
CPLE6,2021,5.2
CPLE6,2020,5.08
CPLE6,2019,4.49
CPLE6,2018,1.9
MRVE3,2025,7.22
MRVE3,2024,5.31
MRVE3,2023,11.23
MRVE3,2022,7.6
MRVE3,2021,11.53
MRVE3,2020,17.92
MRVE3,2019,19.99
MRVE3,2018,11.22
ASAI3,2025,9.44
ASAI3,2024,5.53
ASAI3,2023,13.29
ASAI3,2022,19.04
ASAI3,2021,12.55
ASAI3,2020,
ASAI3,2019,
ASAI3,2018,
PETR3,2025,34.32
PETR3,2024,36.69
PETR3,2023,29.99
PETR3,2022,17.07
PETR3,2021,11.46
PETR3,2020,8.79
PETR3,2019,9.65
PETR3,2018,7.53
PCAR3,2025,4.36
PCAR3,2024,2.55
PCAR3,2023,4.06
PCAR3,2022,16.52
PCAR3,2021,21.41
PCAR3,2020,9.31
PCAR3,2019,10.37
PCAR3,2018,9.34
CMIG4,2025,11.28
CMIG4,2024,10.06
CMIG4,2023,7.03
CMIG4,2022,6.11
CMIG4,2021,4.63
CMIG4,2020,4.14
CMIG4,2019,3.66
CMIG4,2018,3.49
VBBR3,2025,24.65
VBBR3,2024,17.05
VBBR3,2023,20.23
VBBR3,2022,13.28
VBBR3,2021,17.39
VBBR3,2020,16.46
VBBR3,2019,21.44
VBBR3,2018,16.34
ELET3,2025,52.68
ELET3,2024,32.11
ELET3,2023,38.51
ELET3,2022,37.98
ELET3,2021,29.55
ELET3,2020,30.14
ELET3,2019,29.8
ELET3,2018,18.6
ISAE4,2025,24.95
ISAE4,2024,21.12
ISAE4,2023,24.32
ISAE4,2022,19.34
ISAE4,2021,19.52
ISAE4,2020,19.35
ISAE4,2019,14.66
ISAE4,2018,10.53
CSNA3,2025,8.04
CSNA3,2024,8.86
CSNA3,2023,17.75
CSNA3,2022,11.98
CSNA3,2021,17.55
CSNA3,2020,21.47
CSNA3,2019,9.5
CSNA3,2018,5.56
MBRF3,2025,19.41
MBRF3,2024,17.03
MBRF3,2023,8.31
MBRF3,2022,7.41
MBRF3,2021,15.37
MBRF3,2020,8.88
MBRF3,2019,6.1
MBRF3,2018,3.34
LREN3,2025,15.76
LREN3,2024,11.65
LREN3,2023,14.55
LREN3,2022,16.39
LREN3,2021,19.02
LREN3,2020,30.14
LREN3,2019,38.6
LREN3,2018,26.14
CVCB3,2025,1.97
CVCB3,2024,1.38
CVCB3,2023,3.5
CVCB3,2022,4.14
CVCB3,2021,12.23
CVCB3,2020,18.03
CVCB3,2019,36.1
CVCB3,2018,49.92
PRIO3,2025,38.91
PRIO3,2024,40.15
PRIO3,2023,46.05
PRIO3,2022,37.15
PRIO3,2021,20.64
PRIO3,2020,14.02
PRIO3,2019,6.6
PRIO3,2018,1.98
ENEV3,2025,16.76
ENEV3,2024,10.53
ENEV3,2023,13.61
ENEV3,2022,11.93
ENEV3,2021,14.15
ENEV3,2020,15.52
ENEV3,2019,10.92
ENEV3,2018,4.02
GGBR4,2025,16.76
GGBR4,2024,17.75
GGBR4,2023,18.61
GGBR4,2022,20.53
GGBR4,2021,16.74
GGBR4,2020,13.36
GGBR4,2019,10.77
GGBR4,2018,7.83
POMO4,2025,9.04
POMO4,2024,6.95
POMO4,2023,6.17
POMO4,2022,2.33
POMO4,2021,2.4
POMO4,2020,2.2
POMO4,2019,3.4
POMO4,2018,3.04
USIM5,2025,4.39
USIM5,2024,5.32
USIM5,2023,8.98
USIM5,2022,6.6
USIM5,2021,13.26
USIM5,2020,11.8
USIM5,2019,7.61
USIM5,2018,7.27
KLBN11,2025,17.91
KLBN11,2024,22.82
KLBN11,2023,18.66
KLBN11,2022,15.71
KLBN11,2021,18.87
KLBN11,2020,19.17
KLBN11,2019,13.34
KLBN11,2018,10.88
BPAC11,2025,48.85
BPAC11,2024,26.65
BPAC11,2023,35.85
BPAC11,2022,22.23
BPAC11,2021,18.91
BPAC11,2020,20.83
BPAC11,2019,16.52
BPAC11,2018,4.96
CMIN3,2025,5.52
CMIN3,2024,4.9
CMIN3,2023,7.09
CMIN3,2022,3.24
CMIN3,2021,4.32
CMIN3,2020,
CMIN3,2019,
CMIN3,2018,
BHIA3,2025,4.17
BHIA3,2024,2.89
BHIA3,2023,11.38
BHIA3,2022,52.5
BHIA3,2021,114.83
BHIA3,2020,353.47
BHIA3,2019,244.32
BHIA3,2018,96.02
AZTE3,2025,0.41
AZTE3,2024,
AZTE3,2023,
AZTE3,2022,
AZTE3,2021,
AZTE3,2020,
AZTE3,2019,
AZTE3,2018,
NATU3,2025,9.4
NATU3,2024,
NATU3,2023,
NATU3,2022,
NATU3,2021,
NATU3,2020,
NATU3,2019,36.86
NATU3,2018,44.64
KLBN4,2025,3.58
KLBN4,2024,4.47
KLBN4,2023,3.66
KLBN4,2022,3.13
KLBN4,2021,3.63
KLBN4,2020,3.71
KLBN4,2019,2.53
KLBN4,2018,1.91
SIMH3,2025,5.32
SIMH3,2024,3.46
SIMH3,2023,9.5
SIMH3,2022,6.65
SIMH3,2021,10.73
SIMH3,2020,8.0
SIMH3,2019,
SIMH3,2018,
TIMS3,2025,23.11
TIMS3,2024,13.3
TIMS3,2023,15.41
TIMS3,2022,9.57
TIMS3,2021,9.69
TIMS3,2020,10.43
TIMS3,2019,10.73
TIMS3,2018,7.8
UGPA3,2025,21.75
UGPA3,2024,15.17
UGPA3,2023,24.72
UGPA3,2022,11.51
UGPA3,2021,12.72
UGPA3,2020,9.23
UGPA3,2019,9.78
UGPA3,2018,9.96
MOTV3,2025,15.01
MOTV3,2024,
MOTV3,2023,
MOTV3,2022,
MOTV3,2021,
MOTV3,2020,
MOTV3,2019,
MOTV3,2018,
MOVI3,2025,9.18
MOVI3,2024,3.53
MOVI3,2023,11.35
MOVI3,2022,7.19
MOVI3,2021,13.91
MOVI3,2020,17.69
MOVI3,2019,16.27
MOVI3,2018,7.13
SUZB3,2025,49.17
SUZB3,2024,61.78
SUZB3,2023,53.87
SUZB3,2022,45.65
SUZB3,2021,54.25
SUZB3,2020,52.83
SUZB3,2019,35.81
SUZB3,2018,33.99
WEGE3,2025,36.37
WEGE3,2024,51.83
WEGE3,2023,35.61
WEGE3,2022,36.56
WEGE3,2021,30.76
WEGE3,2020,34.92
WEGE3,2019,15.85
WEGE3,2018,7.9
ECOR3,2025,7.86
ECOR3,2024,4.05
ECOR3,2023,8.76
ECOR3,2022,4.1
ECOR3,2021,6.72
ECOR3,2020,12.13
ECOR3,2019,14.79
ECOR3,2018,8.51
CBAV3,2025,3.65
CBAV3,2024,4.69
CBAV3,2023,5.1
CBAV3,2022,10.78
CBAV3,2021,12.52
CBAV3,2020,
CBAV3,2019,
CBAV3,2018,
BBDC3,2025,15.28
BBDC3,2024,9.87
BBDC3,2023,13.31
BBDC3,2022,10.64
BBDC3,2021,11.35
BBDC3,2020,14.71
BBDC3,2019,18.33
BBDC3,2018,14.36
AURE3,2025,10.32
AURE3,2024,8.71
AURE3,2023,12.81
AURE3,2022,11.54
AURE3,2021,
AURE3,2020,
AURE3,2019,
AURE3,2018,
CPLE3,2025,12.04
CPLE3,2024,8.24
CPLE3,2023,9.08
CPLE3,2022,6.34
CPLE3,2021,4.94
CPLE3,2020,5.1
CPLE3,2019,4.84
CPLE3,2018,2.0
GOAU4,2025,9.62
GOAU4,2024,10.01
GOAU4,2023,10.17
GOAU4,2022,10.6
GOAU4,2021,8.36
GOAU4,2020,6.76
GOAU4,2019,5.47
GOAU4,2018,4.0
GMAT3,2025,6.99
GMAT3,2024,6.22
GMAT3,2023,6.81
GMAT3,2022,5.99
GMAT3,2021,5.72
GMAT3,2020,7.93
GMAT3,2019,
GMAT3,2018,
RENT3,2025,40.06
RENT3,2024,30.98
RENT3,2023,58.83
RENT3,2022,47.82
RENT3,2021,46.47
RENT3,2020,59.99
RENT3,2019,40.94
RENT3,2018,24.22
AMBP3,2025,10.75
AMBP3,2024,13.0
AMBP3,2023,1.62
AMBP3,2022,1.88
AMBP3,2021,3.79
AMBP3,2020,2.37
AMBP3,2019,
AMBP3,2018,
CYRE3,2025,30.64
CYRE3,2024,16.24
CYRE3,2023,22.42
CYRE3,2022,11.58
CYRE3,2021,13.46
CYRE3,2020,24.07
CYRE3,2019,22.82
CYRE3,2018,11.5
BEEF3,2025,6.54
BEEF3,2024,5.09
BEEF3,2023,7.47
BEEF3,2022,12.31
BEEF3,2021,9.71
BEEF3,2020,8.47
BEEF3,2019,10.27
BEEF3,2018,3.99
EQTL3,2025,37.01
EQTL3,2024,26.79
EQTL3,2023,34.4
EQTL3,2022,25.66
EQTL3,2021,20.94
EQTL3,2020,20.83
EQTL3,2019,20.24
EQTL3,2018,13.09
EMBR3,2025,79.03
EMBR3,2024,56.13
EMBR3,2023,22.37
EMBR3,2022,14.3
EMBR3,2021,24.79
EMBR3,2020,8.84
EMBR3,2019,19.71
EMBR3,2018,21.66
BBSE3,2025,32.66
BBSE3,2024,32.2
BBSE3,2023,27.78
BBSE3,2022,25.09
BBSE3,2021,14.35
BBSE3,2020,19.66
BBSE3,2019,23.02
BBSE3,2018,16.03
RDOR3,2025,42.3
RDOR3,2024,24.98
RDOR3,2023,27.6
RDOR3,2022,27.98
RDOR3,2021,41.81
RDOR3,2020,62.28
RDOR3,2019,
RDOR3,2018,
ANIM3,2025,3.44
ANIM3,2024,1.55
ANIM3,2023,3.85
ANIM3,2022,3.33
ANIM3,2021,7.25
ANIM3,2020,10.36
ANIM3,2019,8.57
ANIM3,2018,4.89
SMFT3,2025,26.73
SMFT3,2024,16.81
SMFT3,2023,25.09
SMFT3,2022,12.84
SMFT3,2021,15.12
SMFT3,2020,
SMFT3,2019,
SMFT3,2018,
RCSL4,2025,1.09
RCSL4,2024,1.06
RCSL4,2023,3.52
RCSL4,2022,4.8
RCSL4,2021,18.85
RCSL4,2020,23.5
RCSL4,2019,23.37
RCSL4,2018,17.66
FLRY3,2025,16.14
FLRY3,2024,11.34
FLRY3,2023,16.15
FLRY3,2022,12.84
FLRY3,2021,13.91
FLRY3,2020,20.09
FLRY3,2019,22.17
FLRY3,2018,13.66
INTB3,2025,11.89
INTB3,2024,12.32
INTB3,2023,20.72
INTB3,2022,28.05
INTB3,2021,25.28
INTB3,2020,
INTB3,2019,
INTB3,2018,
DXCO3,2025,5.83
DXCO3,2024,5.95
DXCO3,2023,7.93
DXCO3,2022,6.49
DXCO3,2021,12.42
DXCO3,2020,13.09
DXCO3,2019,11.25
DXCO3,2018,7.76
AZEV4,2025,0.41
AZEV4,2024,0.94
AZEV4,2023,1.96
AZEV4,2022,1.35
AZEV4,2021,4.29
AZEV4,2020,2.23
AZEV4,2019,2.28
AZEV4,2018,2.48
RAPT4,2025,6.13
RAPT4,2024,9.85
RAPT4,2023,12.31
RAPT4,2022,7.54
RAPT4,2021,9.12
RAPT4,2020,12.84
RAPT4,2019,10.51
RAPT4,2018,7.02
DIRR3,2025,16.05
DIRR3,2024,6.52
DIRR3,2023,4.38
DIRR3,2022,2.98
DIRR3,2021,2.21
DIRR3,2020,1.94
DIRR3,2019,2.11
DIRR3,2018,0.97
SBSP3,2025,130.47
SBSP3,2024,85.63
SBSP3,2023,71.65
SBSP3,2022,52.84
SBSP3,2021,36.38
SBSP3,2020,39.87
SBSP3,2019,52.55
SBSP3,2018,26.67
AZEV3,2025,0.4
AZEV3,2024,0.94
AZEV3,2023,2.04
AZEV3,2022,1.45
AZEV3,2021,4.87
AZEV3,2020,4.25
AZEV3,2019,2.2
AZEV3,2018,14.76
VIVT3,2025,33.52
VIVT3,2024,22.38
VIVT3,2023,24.16
VIVT3,2022,16.09
VIVT3,2021,19.88
VIVT3,2020,17.77
VIVT3,2019,17.5
VIVT3,2018,13.85
CASH3,2025,4.11
CASH3,2024,2.71
CASH3,2023,7.84
CASH3,2022,11.63
CASH3,2021,31.94
CASH3,2020,24.63
CASH3,2019,
CASH3,2018,
HAPV3,2025,36.35
HAPV3,2024,33.45
HAPV3,2023,66.75
HAPV3,2022,76.2
HAPV3,2021,155.7
HAPV3,2020,227.89
HAPV3,2019,189.92
HAPV3,2018,91.95
QUAL3,2025,2.51
QUAL3,2024,1.52
QUAL3,2023,3.39
QUAL3,2022,5.75
QUAL3,2021,16.24
QUAL3,2020,31.06
QUAL3,2019,32.76
QUAL3,2018,10.65
RECV3,2025,12.82
RECV3,2024,15.24
RECV3,2023,17.62
RECV3,2022,25.56
RECV3,2021,13.75
RECV3,2020,
RECV3,2019,
RECV3,2018,
PETZ3,2025,3.82
PETZ3,2024,4.07
PETZ3,2023,3.71
PETZ3,2022,5.87
PETZ3,2021,15.31
PETZ3,2020,17.77
PETZ3,2019,
PETZ3,2018,
MYPK3,2025,11.78
MYPK3,2024,11.11
MYPK3,2023,12.04
MYPK3,2022,10.71
MYPK3,2021,13.1
MYPK3,2020,12.4
MYPK3,2019,17.9
MYPK3,2018,18.08
CXSE3,2025,14.77
CXSE3,2024,13.36
CXSE3,2023,11.27
CXSE3,2022,6.62
CXSE3,2021,6.15
CXSE3,2020,
CXSE3,2019,
CXSE3,2018,
TAEE11,2025,36.76
TAEE11,2024,30.77
TAEE11,2023,32.56
TAEE11,2022,27.05
TAEE11,2021,26.52
TAEE11,2020,21.78
TAEE11,2019,18.32
TAEE11,2018,13.0
ONCO3,2025,3.1
ONCO3,2024,2.34
ONCO3,2023,13.0
ONCO3,2022,6.03
ONCO3,2021,11.25
ONCO3,2020,
ONCO3,2019,
ONCO3,2018,
YDUQ3,2025,13.05
YDUQ3,2024,8.22
YDUQ3,2023,21.16
YDUQ3,2022,9.48
YDUQ3,2021,19.03
YDUQ3,2020,29.99
YDUQ3,2019,42.47
YDUQ3,2018,20.86
ALOS3,2025,25.86
ALOS3,2024,17.52
ALOS3,2023,23.84
ALOS3,2022,14.85
ALOS3,2021,18.91
ALOS3,2020,25.25
ALOS3,2019,43.4
ALOS3,2018,
ELET6,2025,55.56
ELET6,2024,36.23
ELET6,2023,41.07
ELET6,2022,36.32
ELET6,2021,26.63
ELET6,2020,27.59
ELET6,2019,27.26
ELET6,2018,19.26
ENGI11,2025,50.83
ENGI11,2024,34.11
ENGI11,2023,48.34
ENGI11,2022,38.25
ENGI11,2021,35.39
ENGI11,2020,39.73
ENGI11,2019,41.32
ENGI11,2018,27.53
CEAB3,2025,16.83
CEAB3,2024,7.68
CEAB3,2023,7.47
CEAB3,2022,2.19
CEAB3,2021,5.87
CEAB3,2020,12.3
CEAB3,2019,16.88
CEAB3,2018,
GFSA3,2025,8.48
GFSA3,2024,23.6
GFSA3,2023,177.49
GFSA3,2022,168.63
GFSA3,2021,299.34
GFSA3,2020,647.82
GFSA3,2019,1166.69
GFSA3,2018,2051.46
CPFE3,2025,39.14
CPFE3,2024,31.59
CPFE3,2023,38.51
CPFE3,2022,30.4
CPFE3,2021,22.37
CPFE3,2020,23.79
CPFE3,2019,24.56
CPFE3,2018,19.61
LJQQ3,2025,2.44
LJQQ3,2024,2.16
LJQQ3,2023,5.7
LJQQ3,2022,3.81
LJQQ3,2021,10.15
LJQQ3,2020,14.62
LJQQ3,2019,
LJQQ3,2018,
NEOE3,2025,28.85
NEOE3,2024,18.44
NEOE3,2023,19.7
NEOE3,2022,13.31
NEOE3,2021,13.28
NEOE3,2020,14.01
NEOE3,2019,19.4
NEOE3,2018,
GGPS3,2025,18.78
GGPS3,2024,13.88
GGPS3,2023,18.63
GGPS3,2022,11.52
GGPS3,2021,15.35
GGPS3,2020,
GGPS3,2019,
GGPS3,2018,
TOTS3,2025,45.85
TOTS3,2024,26.45
TOTS3,2023,32.77
TOTS3,2022,26.29
TOTS3,2021,27.16
TOTS3,2020,26.9
TOTS3,2019,19.98
TOTS3,2018,8.31
VIVA3,2025,28.96
VIVA3,2024,18.62
VIVA3,2023,32.59
VIVA3,2022,20.96
VIVA3,2021,23.73
VIVA3,2020,27.11
VIVA3,2019,26.7
VIVA3,2018,
BRAP4,2025,16.97
BRAP4,2024,15.71
BRAP4,2023,21.99
BRAP4,2022,22.58
BRAP4,2021,16.82
BRAP4,2020,13.84
BRAP4,2019,7.66
BRAP4,2018,5.64
MULT3,2025,28.95
MULT3,2024,20.11
MULT3,2023,26.39
MULT3,2022,19.56
MULT3,2021,16.2
MULT3,2020,19.83
MULT3,2019,27.25
MULT3,2018,19.69
VVEO3,2025,1.29
VVEO3,2024,2.05
VVEO3,2023,13.57
VVEO3,2022,15.64
VVEO3,2021,17.79
VVEO3,2020,
VVEO3,2019,
VVEO3,2018,
AMER3,2025,6.54
AMER3,2024,6.2
AMER3,2023,91.0
AMER3,2022,965.0
AMER3,2021,3078.87
AMER3,2020,7371.54
AMER3,2019,6107.83
AMER3,2018,4035.6
PSSA3,2025,49.63
PSSA3,2024,34.9
PSSA3,2023,27.05
PSSA3,2022,20.76
PSSA3,2021,18.13
PSSA3,2020,19.98
PSSA3,2019,24.45
PSSA3,2018,19.54
IFCM3,2025,0.21
IFCM3,2024,1.0
IFCM3,2023,30.8
IFCM3,2022,60.75
IFCM3,2021,268.6
IFCM3,2020,
IFCM3,2019,
IFCM3,2018,
CSMG3,2025,34.22
CSMG3,2024,19.77
CSMG3,2023,17.49
CSMG3,2022,11.42
CSMG3,2021,8.99
CSMG3,2020,10.87
CSMG3,2019,14.36
CSMG3,2018,12.64
HBOR3,2025,3.55
HBOR3,2024,1.31
HBOR3,2023,3.25
HBOR3,2022,1.8
HBOR3,2021,3.92
HBOR3,2020,10.18
HBOR3,2019,18.94
HBOR3,2018,6.29
SBFG3,2025,13.34
SBFG3,2024,10.19
SBFG3,2023,10.99
SBFG3,2022,11.76
SBFG3,2021,20.61
SBFG3,2020,27.21
SBFG3,2019,32.21
SBFG3,2018,
OIBR3,2025,0.53
OIBR3,2024,1.34
OIBR3,2023,6.4
OIBR3,2022,17.0
OIBR3,2021,76.0
OIBR3,2020,220.0
OIBR3,2019,86.0
OIBR3,2018,125.0
SRNA3,2025,12.36
SRNA3,2024,5.5
SRNA3,2023,10.21
SRNA3,2022,9.6
SRNA3,2021,12.65
SRNA3,2020,
SRNA3,2019,
SRNA3,2018,
LWSA3,2025,4.44
LWSA3,2024,3.28
LWSA3,2023,5.83
LWSA3,2022,6.75
LWSA3,2021,12.66
LWSA3,2020,19.35
LWSA3,2019,
LWSA3,2018,
HYPE3,2025,22.98
HYPE3,2024,17.41
HYPE3,2023,32.96
HYPE3,2022,40.39
HYPE3,2021,24.52
HYPE3,2020,28.58
HYPE3,2019,28.73
HYPE3,2018,23.46
GRND3,2025,5.2
GRND3,2024,4.51
GRND3,2023,6.09
GRND3,2022,4.39
GRND3,2021,6.08
GRND3,2020,5.34
GRND3,2019,7.64
GRND3,2018,4.91
ALPA4,2025,9.5
ALPA4,2024,6.26
ALPA4,2023,9.95
ALPA4,2022,14.83
ALPA4,2021,36.22
ALPA4,2020,40.82
ALPA4,2019,32.22
ALPA4,2018,13.21
MILS3,2025,12.15
MILS3,2024,8.14
MILS3,2023,12.47
MILS3,2022,10.23
MILS3,2021,5.54
MILS3,2020,5.18
MILS3,2019,8.79
MILS3,2018,3.6
HBSA3,2025,3.37
HBSA3,2024,2.75
HBSA3,2023,3.94
HBSA3,2022,2.26
HBSA3,2021,3.45
HBSA3,2020,6.9
HBSA3,2019,
HBSA3,2018,
CURY3,2025,33.7
CURY3,2024,16.67
CURY3,2023,15.82
CURY3,2022,10.34
CURY3,2021,5.32
CURY3,2020,7.4
CURY3,2019,
CURY3,2018,
SLCE3,2025,16.61
SLCE3,2024,17.01
SLCE3,2023,17.5
SLCE3,2022,18.59
SLCE3,2021,15.36
SLCE3,2020,9.17
SLCE3,2019,8.09
SLCE3,2018,6.51
STBP3,2025,14.46
STBP3,2024,12.86
STBP3,2023,7.58
STBP3,2022,6.0
STBP3,2021,4.55
STBP3,2020,3.57
STBP3,2019,5.56
STBP3,2018,2.87
MLAS3,2025,1.03
MLAS3,2024,1.06
MLAS3,2023,2.09
MLAS3,2022,4.03
MLAS3,2021,8.15
MLAS3,2020,
MLAS3,2019,
MLAS3,2018,
SANB11,2025,29.35
SANB11,2024,22.66
SANB11,2023,29.04
SANB11,2022,23.88
SANB11,2021,23.79
SANB11,2020,31.72
SANB11,2019,32.27
SANB11,2018,26.81
PGMN3,2025,3.62
PGMN3,2024,2.9
PGMN3,2023,3.28
PGMN3,2022,3.39
PGMN3,2021,7.23
PGMN3,2020,6.97
PGMN3,2019,
PGMN3,2018,
KLBN3,2025,3.62
KLBN3,2024,4.84
KLBN3,2023,3.68
KLBN3,2022,3.14
KLBN3,2021,4.11
KLBN3,2020,3.88
KLBN3,2019,3.07
KLBN3,2018,3.03
MELK3,2025,4.18
MELK3,2024,2.7
MELK3,2023,3.31
MELK3,2022,1.96
MELK3,2021,2.2
MELK3,2020,4.04
MELK3,2019,
MELK3,2018,
SMTO3,2025,17.5
SMTO3,2024,22.69
SMTO3,2023,27.28
SMTO3,2022,23.8
SMTO3,2021,29.78
SMTO3,2020,22.19
SMTO3,2019,18.81
SMTO3,2018,13.98
ARML3,2025,3.78
ARML3,2024,4.85
ARML3,2023,15.92
ARML3,2022,10.83
ARML3,2021,23.43
ARML3,2020,
ARML3,2019,
ARML3,2018,
BRSR6,2025,11.85
BRSR6,2024,9.52
BRSR6,2023,11.42
BRSR6,2022,7.68
BRSR6,2021,7.03
BRSR6,2020,9.78
BRSR6,2019,14.16
BRSR6,2018,13.73
TEND3,2025,26.34
TEND3,2024,12.23
TEND3,2023,14.39
TEND3,2022,4.01
TEND3,2021,15.87
TEND3,2020,28.48
TEND3,2019,28.03
TEND3,2018,14.5
SYNE3,2025,5.1
SYNE3,2024,3.48
SYNE3,2023,2.23
SYNE3,2022,1.93
SYNE3,2021,3.06
SYNE3,2020,2.97
SYNE3,2019,5.15
SYNE3,2018,1.76
SAPR4,2025,7.21
SAPR4,2024,5.25
SAPR4,2023,5.24
SAPR4,2022,2.95
SAPR4,2021,2.95
SAPR4,2020,3.71
SAPR4,2019,4.95
SAPR4,2018,2.34
ODPV3,2025,13.14
ODPV3,2024,10.34
ODPV3,2023,10.12
ODPV3,2022,7.73
ODPV3,2021,9.51
ODPV3,2020,10.6
ODPV3,2019,11.83
ODPV3,2018,9.43
EGIE3,2025,41.08
EGIE3,2024,33.97
EGIE3,2023,40.79
EGIE3,2022,31.83
EGIE3,2021,30.0
EGIE3,2020,32.76
EGIE3,2019,37.02
EGIE3,2018,23.23
BPAN4,2025,7.85
BPAN4,2024,6.34
BPAN4,2023,8.33
BPAN4,2022,5.71
BPAN4,2021,9.62
BPAN4,2020,8.39
BPAN4,2019,9.0
BPAN4,2018,1.63
GUAR3,2025,9.41
GUAR3,2024,6.1
GUAR3,2023,6.34
GUAR3,2022,6.32
GUAR3,2021,9.39
GUAR3,2020,13.62
GUAR3,2019,21.13
GUAR3,2018,17.35
USIM3,2025,4.4
USIM3,2024,5.32
USIM3,2023,8.9
USIM3,2022,6.88
USIM3,2021,12.78
USIM3,2020,12.85
USIM3,2019,8.02
USIM3,2018,9.19
DASA3,2025,1.3
DASA3,2024,1.9
DASA3,2023,9.62
DASA3,2022,13.73
DASA3,2021,33.74
DASA3,2020,71.62
DASA3,2019,56.45
DASA3,2018,25.86
MDNE3,2025,29.28
MDNE3,2024,10.46
MDNE3,2023,12.37
MDNE3,2022,5.39
MDNE3,2021,5.42
MDNE3,2020,10.77
MDNE3,2019,
MDNE3,2018,
ITUB3,2025,34.46
ITUB3,2024,22.61
ITUB3,2023,22.35
ITUB3,2022,16.07
ITUB3,2021,13.38
ITUB3,2020,18.83
ITUB3,2019,21.0
ITUB3,2018,18.97
SHUL4,2025,4.82
SHUL4,2024,5.46
SHUL4,2023,6.24
SHUL4,2022,3.95
SHUL4,2021,3.37
SHUL4,2020,2.65
SHUL4,2019,1.93
SHUL4,2018,1.29
LIGT3,2025,5.95
LIGT3,2024,4.06
LIGT3,2023,8.0
LIGT3,2022,4.63
LIGT3,2021,11.51
LIGT3,2020,22.74
LIGT3,2019,22.23
LIGT3,2018,15.34
EVEN3,2025,7.86
EVEN3,2024,5.36
EVEN3,2023,7.45
EVEN3,2022,3.88
EVEN3,2021,5.43
EVEN3,2020,9.1
EVEN3,2019,11.53
EVEN3,2018,4.45
JALL3,2025,2.78
JALL3,2024,4.64
JALL3,2023,7.76
JALL3,2022,7.17
JALL3,2021,9.55
JALL3,2020,
JALL3,2019,
JALL3,2018,
CAML3,2025,5.04
CAML3,2024,5.57
CAML3,2023,7.79
CAML3,2022,7.35
CAML3,2021,9.72
CAML3,2020,9.23
CAML3,2019,7.13
CAML3,2018,5.44
EZTC3,2025,16.18
EZTC3,2024,10.43
EZTC3,2023,16.76
EZTC3,2022,11.9
EZTC3,2021,17.35
EZTC3,2020,35.92
EZTC3,2019,43.07
EZTC3,2018,17.02
SOJA3,2025,10.93
SOJA3,2024,10.25
SOJA3,2023,15.8
SOJA3,2022,9.5
SOJA3,2021,14.34
SOJA3,2020,
SOJA3,2019,
SOJA3,2018,
SAPR11,2025,36.82
SAPR11,2024,25.99
SAPR11,2023,26.0
SAPR11,2022,14.62
SAPR11,2021,14.58
SAPR11,2020,19.11
SAPR11,2019,24.07
SAPR11,2018,13.64
TOKY3,2025,0.97
TOKY3,2024,
TOKY3,2023,
TOKY3,2022,
TOKY3,2021,
TOKY3,2020,
TOKY3,2019,
TOKY3,2018,
KEPL3,2025,7.39
KEPL3,2024,8.99
KEPL3,2023,9.98
KEPL3,2022,8.42
KEPL3,2021,5.11
KEPL3,2020,3.89
KEPL3,2019,2.96
KEPL3,2018,1.48
TTEN3,2025,14.01
TTEN3,2024,13.56
TTEN3,2023,11.74
TTEN3,2022,9.0
TTEN3,2021,9.38
TTEN3,2020,
TTEN3,2019,
TTEN3,2018,
JSLG3,2025,6.38
JSLG3,2024,5.41
JSLG3,2023,11.56
JSLG3,2022,4.97
JSLG3,2021,6.29
JSLG3,2020,8.72
JSLG3,2019,
JSLG3,2018,
TUPY3,2025,13.24
TUPY3,2024,22.51
TUPY3,2023,26.94
TUPY3,2022,24.04
TUPY3,2021,17.4
TUPY3,2020,17.91
TUPY3,2019,21.61
TUPY3,2018,16.23
TFCO4,2025,16.98
TFCO4,2024,8.74
TFCO4,2023,14.49
TFCO4,2022,9.97
TFCO4,2021,12.11
TFCO4,2020,11.95
TFCO4,2019,
TFCO4,2018,
VULC3,2025,19.56
VULC3,2024,13.88
VULC3,2023,15.01
VULC3,2022,8.83
VULC3,2021,6.29
VULC3,2020,5.29
VULC3,2019,6.09
VULC3,2018,4.7
PLPL3,2025,16.95
PLPL3,2024,8.28
PLPL3,2023,10.1
PLPL3,2022,3.35
PLPL3,2021,2.59
PLPL3,2020,5.88
PLPL3,2019,
PLPL3,2018,
ABCB4,2025,23.48
ABCB4,2024,18.37
ABCB4,2023,21.2
ABCB4,2022,15.42
ABCB4,2021,11.56
ABCB4,2020,10.63
ABCB4,2019,13.18
ABCB4,2018,10.28
IRBR3,2025,47.79
IRBR3,2024,42.45
IRBR3,2023,44.3
IRBR3,2022,25.8
IRBR3,2021,100.06
IRBR3,2020,203.61
IRBR3,2019,892.38
IRBR3,2018,618.84
ENJU3,2025,0.91
ENJU3,2024,1.05
ENJU3,2023,1.69
ENJU3,2022,0.97
ENJU3,2021,2.85
ENJU3,2020,12.75
ENJU3,2019,
ENJU3,2018,
RCSL3,2025,1.63
RCSL3,2024,6.4
RCSL3,2023,9.6
RCSL3,2022,13.6
RCSL3,2021,37.9
RCSL3,2020,69.28
RCSL3,2019,11.72
RCSL3,2018,18.52
HBRE3,2025,4.64
HBRE3,2024,2.98
HBRE3,2023,6.07
HBRE3,2022,4.51
HBRE3,2021,8.8
HBRE3,2020,
HBRE3,2019,
HBRE3,2018,
AMAR3,2025,1.19
AMAR3,2024,1.01
AMAR3,2023,3.72
AMAR3,2022,6.25
AMAR3,2021,19.0
AMAR3,2020,31.15
AMAR3,2019,60.74
AMAR3,2018,23.74
SEQL3,2025,1.14
SEQL3,2024,2.51
SEQL3,2023,7.6
SEQL3,2022,58.6
SEQL3,2021,272.58
SEQL3,2020,439.33
SEQL3,2019,
SEQL3,2018,
LAVV3,2025,14.74
LAVV3,2024,7.0
LAVV3,2023,7.9
LAVV3,2022,3.89
LAVV3,2021,3.78
LAVV3,2020,6.07
LAVV3,2019,
LAVV3,2018,
DESK3,2025,10.38
DESK3,2024,10.42
DESK3,2023,14.02
DESK3,2022,7.93
DESK3,2021,17.93
DESK3,2020,
DESK3,2019,
DESK3,2018,
MDIA3,2025,28.32
MDIA3,2024,19.62
MDIA3,2023,37.48
MDIA3,2022,34.19
MDIA3,2021,22.42
MDIA3,2020,29.76
MDIA3,2019,32.67
MDIA3,2018,36.65
ALUP11,2025,32.1
ALUP11,2024,24.84
ALUP11,2023,27.14
ALUP11,2022,22.0
ALUP11,2021,17.85
ALUP11,2020,19.24
ALUP11,2019,19.47
ALUP11,2018,12.51
FESA4,2025,6.62
FESA4,2024,8.09
FESA4,2023,10.74
FESA4,2022,11.66
FESA4,2021,9.95
FESA4,2020,3.82
FESA4,2019,3.82
FESA4,2018,3.65
ESPA3,2025,1.27
ESPA3,2024,0.74
ESPA3,2023,1.22
ESPA3,2022,1.33
ESPA3,2021,8.07
ESPA3,2020,
ESPA3,2019,
ESPA3,2018,
POSI3,2025,4.39
POSI3,2024,4.95
POSI3,2023,6.35
POSI3,2022,7.98
POSI3,2021,8.45
POSI3,2020,3.83
POSI3,2019,7.61
POSI3,2018,1.67
ALLD3,2025,8.78
ALLD3,2024,6.3
ALLD3,2023,5.22
ALLD3,2022,3.66
ALLD3,2021,9.43
ALLD3,2020,
ALLD3,2019,
ALLD3,2018,
ALPK3,2025,3.42
ALPK3,2024,2.21
ALPK3,2023,4.78
ALPK3,2022,1.56
ALPK3,2021,4.2
ALPK3,2020,9.3
ALPK3,2019,
ALPK3,2018,
BMGB4,2025,4.04
BMGB4,2024,3.53
BMGB4,2023,3.02
BMGB4,2022,1.83
BMGB4,2021,2.59
BMGB4,2020,5.18
BMGB4,2019,8.14
BMGB4,2018,
PORT3,2025,18.23
PORT3,2024,15.6
PORT3,2023,15.64
PORT3,2022,9.17
PORT3,2021,7.39
PORT3,2020,
PORT3,2019,
PORT3,2018,
TRIS3,2025,7.26
TRIS3,2024,4.22
TRIS3,2023,5.32
TRIS3,2022,3.03
TRIS3,2021,4.94
TRIS3,2020,9.94
TRIS3,2019,12.08
TRIS3,2018,3.15
PRNR3,2025,17.15
PRNR3,2024,13.37
PRNR3,2023,11.6
PRNR3,2022,6.64
PRNR3,2021,6.64
PRNR3,2020,8.22
PRNR3,2019,
PRNR3,2018,
POMO3,2025,7.59
POMO3,2024,5.2
POMO3,2023,4.71
POMO3,2022,1.88
POMO3,2021,1.86
POMO3,2020,1.97
POMO3,2019,3.16
POMO3,2018,2.29
BMOB3,2025,23.6
BMOB3,2024,13.04
BMOB3,2023,12.85
BMOB3,2022,12.41
BMOB3,2021,13.04
BMOB3,2020,
BMOB3,2019,
BMOB3,2018,
FIQE3,2025,4.63
FIQE3,2024,3.26
FIQE3,2023,3.51
FIQE3,2022,3.28
FIQE3,2021,5.47
FIQE3,2020,
FIQE3,2019,
FIQE3,2018,
VTRU3,2025,12.09
VTRU3,2024,6.14
VTRU3,2023,
VTRU3,2022,
VTRU3,2021,
VTRU3,2020,
VTRU3,2019,
VTRU3,2018,
MTRE3,2025,3.9
MTRE3,2024,2.61
MTRE3,2023,5.1
MTRE3,2022,2.61
MTRE3,2021,5.63
MTRE3,2020,10.81
MTRE3,2019,
MTRE3,2018,
BRBI11,2025,18.44
BRBI11,2024,12.6
BRBI11,2023,13.64
BRBI11,2022,9.84
BRBI11,2021,11.49
BRBI11,2020,
BRBI11,2019,
BRBI11,2018,
PDGR3,2025,0.13
PDGR3,2024,1.25
PDGR3,2023,56.25
PDGR3,2022,1500.0
PDGR3,2021,17000.0
PDGR3,2020,49231.75
PDGR3,2019,91874.4
PDGR3,2018,137997.91
PTBL3,2025,4.0
PTBL3,2024,3.66
PTBL3,2023,7.46
PTBL3,2022,7.93
PTBL3,2021,8.96
PTBL3,2020,5.7
PTBL3,2019,4.4
PTBL3,2018,4.12
OPCT3,2025,7.78
OPCT3,2024,5.29
OPCT3,2023,6.35
OPCT3,2022,2.86
OPCT3,2021,3.0
OPCT3,2020,
OPCT3,2019,
OPCT3,2018,
RANI3,2025,8.35
RANI3,2024,6.22
RANI3,2023,9.39
RANI3,2022,6.31
RANI3,2021,4.94
RANI3,2020,3.66
RANI3,2019,2.68
RANI3,2018,1.96
WIZC3,2025,8.36
WIZC3,2024,5.34
WIZC3,2023,6.71
WIZC3,2022,6.0
WIZC3,2021,6.35
WIZC3,2020,5.96
WIZC3,2019,9.57
WIZC3,2018,4.15
SEER3,2025,10.85
SEER3,2024,4.38
SEER3,2023,7.66
SEER3,2022,4.35
SEER3,2021,10.22
SEER3,2020,14.82
SEER3,2019,25.96
SEER3,2018,14.41
ZAMP3,2025,3.51
ZAMP3,2024,2.26
ZAMP3,2023,5.7
ZAMP3,2022,5.45
ZAMP3,2021,5.98
ZAMP3,2020,10.9
ZAMP3,2019,17.72
ZAMP3,2018,20.53
ROMI3,2025,7.7
ROMI3,2024,7.95
ROMI3,2023,11.13
ROMI3,2022,10.81
ROMI3,2021,11.15
ROMI3,2020,9.03
ROMI3,2019,7.14
ROMI3,2018,3.15
LEVE3,2025,27.04
LEVE3,2024,27.26
LEVE3,2023,32.54
LEVE3,2022,21.33
LEVE3,2021,20.58
LEVE3,2020,13.46
LEVE3,2019,18.43
LEVE3,2018,14.75
MEAL3,2025,1.33
MEAL3,2024,0.97
MEAL3,2023,1.98
MEAL3,2022,2.8
MEAL3,2021,2.43
MEAL3,2020,4.21
MEAL3,2019,8.4
MEAL3,2018,7.08
PINE4,2025,8.2
PINE4,2024,4.28
PINE4,2023,3.7
PINE4,2022,1.3
PINE4,2021,1.42
PINE4,2020,2.0
PINE4,2019,3.34
PINE4,2018,1.76
TAEE4,2025,12.28
TAEE4,2024,10.37
TAEE4,2023,10.89
TAEE4,2022,9.12
TAEE4,2021,8.62
TAEE4,2020,7.07
TAEE4,2019,6.01
TAEE4,2018,4.06
TASA4,2025,4.93
TASA4,2024,7.33
TASA4,2023,13.16
TASA4,2022,10.61
TASA4,2021,18.38
TASA4,2020,11.56
TASA4,2019,4.47
TASA4,2018,3.02
PFRM3,2025,7.84
PFRM3,2024,6.2
PFRM3,2023,5.35
PFRM3,2022,3.15
PFRM3,2021,4.82
PFRM3,2020,4.72
PFRM3,2019,5.01
PFRM3,2018,3.04
PNVL3,2025,9.73
PNVL3,2024,8.63
PNVL3,2023,12.68
PNVL3,2022,9.47
PNVL3,2021,12.19
PNVL3,2020,19.6
PNVL3,2019,17.63
PNVL3,2018,9.18
ORVR3,2025,56.45
ORVR3,2024,37.85
ORVR3,2023,38.66
ORVR3,2022,33.77
ORVR3,2021,26.82
ORVR3,2020,
ORVR3,2019,
ORVR3,2018,
AGRO3,2025,20.45
AGRO3,2024,22.12
AGRO3,2023,25.04
AGRO3,2022,25.09
AGRO3,2021,20.43
AGRO3,2020,16.13
AGRO3,2019,11.88
AGRO3,2018,9.25
FRAS3,2025,22.73
FRAS3,2024,20.25
FRAS3,2023,16.45
FRAS3,2022,9.13
FRAS3,2021,12.81
FRAS3,2020,9.17
FRAS3,2019,5.07
FRAS3,2018,3.91
LOGG3,2025,23.68
LOGG3,2024,17.6
LOGG3,2023,19.86
LOGG3,2022,13.33
LOGG3,2021,20.27
LOGG3,2020,27.15
LOGG3,2019,25.52
LOGG3,2018,14.06
CSED3,2025,4.95
CSED3,2024,3.03
CSED3,2023,4.82
CSED3,2022,3.26
CSED3,2021,6.4
CSED3,2020,
CSED3,2019,
CSED3,2018,
TGMA3,2025,34.8
TGMA3,2024,27.14
TGMA3,2023,24.26
TGMA3,2022,15.39
TGMA3,2021,11.65
TGMA3,2020,19.27
TGMA3,2019,26.54
TGMA3,2018,18.37
BLAU3,2025,13.77
BLAU3,2024,12.81
BLAU3,2023,15.47
BLAU3,2022,24.39
BLAU3,2021,32.74
BLAU3,2020,
BLAU3,2019,
BLAU3,2018,
BRST3,2025,2.96
BRST3,2024,2.54
BRST3,2023,
BRST3,2022,
BRST3,2021,
BRST3,2020,
BRST3,2019,
BRST3,2018,
DEXP3,2025,8.11
DEXP3,2024,7.97
DEXP3,2023,10.5
DEXP3,2022,5.98
DEXP3,2021,8.6
DEXP3,2020,5.93
DEXP3,2019,2.13
DEXP3,2018,0.49
SAPR3,2025,7.93
SAPR3,2024,5.21
SAPR3,2023,5.03
SAPR3,2022,2.84
SAPR3,2021,2.95
SAPR3,2020,4.47
SAPR3,2019,4.19
SAPR3,2018,3.87
TAEE3,2025,12.24
TAEE3,2024,10.21
TAEE3,2023,10.85
TAEE3,2022,9.09
TAEE3,2021,9.03
TAEE3,2020,7.46
TAEE3,2019,6.2
TAEE3,2018,4.78
CMIG3,2025,14.67
CMIG3,2024,13.63
CMIG3,2023,9.81
CMIG3,2022,9.69
CMIG3,2021,7.21
CMIG3,2020,5.26
CMIG3,2019,4.66
CMIG3,2018,4.3
PMAM3,2025,1.38
PMAM3,2024,1.02
PMAM3,2023,4.34
PMAM3,2022,4.66
PMAM3,2021,10.11
PMAM3,2020,10.0
PMAM3,2019,29.09
PMAM3,2018,23.8
MATD3,2025,4.49
MATD3,2024,3.58
MATD3,2023,8.1
MATD3,2022,6.94
MATD3,2021,12.91
MATD3,2020,
MATD3,2019,
MATD3,2018,
SANB4,2025,15.37
SANB4,2024,11.94
SANB4,2023,15.29
SANB4,2022,12.67
SANB4,2021,12.62
SANB4,2020,16.41
SANB4,2019,15.28
SANB4,2018,12.67
UNIP6,2025,72.36
UNIP6,2024,43.14
UNIP6,2023,61.23
UNIP6,2022,67.86
UNIP6,2021,62.68
UNIP6,2020,26.49
UNIP6,2019,17.75
UNIP6,2018,15.58
EUCA4,2025,17.26
EUCA4,2024,13.18
EUCA4,2023,15.03
EUCA4,2022,7.14
EUCA4,2021,7.42
EUCA4,2020,5.72
EUCA4,2019,6.67
EUCA4,2018,3.43
BRKM3,2025,7.5
BRKM3,2024,12.1
BRKM3,2023,21.69
BRKM3,2022,25.27
BRKM3,2021,56.75
BRKM3,2020,22.29
BRKM3,2019,27.88
BRKM3,2018,39.16
VLID3,2025,21.16
VLID3,2024,22.72
VLID3,2023,17.54
VLID3,2022,7.2
VLID3,2021,6.5
VLID3,2020,6.98
VLID3,2019,12.63
VLID3,2018,12.79
VITT3,2025,4.81
VITT3,2024,5.23
VITT3,2023,9.13
VITT3,2022,10.74
VITT3,2021,11.56
VITT3,2020,
VITT3,2019,
VITT3,2018,
AALR3,2025,6.39
AALR3,2024,8.55
AALR3,2023,10.4
AALR3,2022,21.6
AALR3,2021,14.97
AALR3,2020,11.1
AALR3,2019,18.01
AALR3,2018,13.15
SANB3,2025,14.01
SANB3,2024,10.74
SANB3,2023,13.65
SANB3,2022,11.24
SANB3,2021,11.2
SANB3,2020,14.92
SANB3,2019,16.39
SANB3,2018,13.69
BIOM3,2025,9.5
BIOM3,2024,10.66
BIOM3,2023,5.78
BIOM3,2022,6.59
BIOM3,2021,12.55
BIOM3,2020,15.67
BIOM3,2019,11.98
BIOM3,2018,7.85
ITSA3,2025,11.49
ITSA3,2024,8.19
ITSA3,2023,8.42
ITSA3,2022,6.45
ITSA3,2021,5.75
ITSA3,2020,7.02
ITSA3,2019,7.72
ITSA3,2018,6.93
LPSB3,2025,1.34
LPSB3,2024,1.47
LPSB3,2023,2.42
LPSB3,2022,1.72
LPSB3,2021,2.07
LPSB3,2020,4.63
LPSB3,2019,8.86
LPSB3,2018,5.84
TPIS3,2025,4.05
TPIS3,2024,5.15
TPIS3,2023,4.03
TPIS3,2022,3.41
TPIS3,2021,7.9
TPIS3,2020,8.63
TPIS3,2019,6.26
TPIS3,2018,5.78
LOGN3,2025,27.1
LOGN3,2024,20.72
LOGN3,2023,38.49
LOGN3,2022,35.1
LOGN3,2021,23.6
LOGN3,2020,16.18
LOGN3,2019,20.9
LOGN3,2018,7.8
TCSA3,2025,1.52
TCSA3,2024,1.25
TCSA3,2023,4.02
TCSA3,2022,2.65
TCSA3,2021,3.61
TCSA3,2020,9.99
TCSA3,2019,18.3
TCSA3,2018,14.5
OIBR4,2025,6.59
OIBR4,2024,9.01
OIBR4,2023,16.3
OIBR4,2022,51.0
OIBR4,2021,128.0
OIBR4,2020,282.0
OIBR4,2019,123.0
OIBR4,2018,126.0
DEXP4,2025,7.98
DEXP4,2024,8.19
DEXP4,2023,10.21
DEXP4,2022,5.37
DEXP4,2021,7.33
DEXP4,2020,6.74
DEXP4,2019,
DEXP4,2018,
RPMG3,2025,2.89
RPMG3,2024,2.69
RPMG3,2023,2.12
RPMG3,2022,1.7
RPMG3,2021,2.8
RPMG3,2020,2.82
RPMG3,2019,5.12
RPMG3,2018,2.99
CRPG5,2025,12.62
CRPG5,2024,20.0
CRPG5,2023,37.42
CRPG5,2022,25.28
CRPG5,2021,52.67
CRPG5,2020,24.58
CRPG5,2019,17.65
CRPG5,2018,19.36
PDTC3,2025,1.02
PDTC3,2024,1.26
PDTC3,2023,3.03
PDTC3,2022,3.0
PDTC3,2021,6.86
PDTC3,2020,6.39
PDTC3,2019,3.18
PDTC3,2018,5.81
LUPA3,2025,1.11
LUPA3,2024,1.18
LUPA3,2023,2.26
LUPA3,2022,3.94
LUPA3,2021,5.32
LUPA3,2020,2.42
LUPA3,2019,1.92
LUPA3,2018,1.64
VIVR3,2025,0.94
VIVR3,2024,1.18
VIVR3,2023,5.15
VIVR3,2022,4.96
VIVR3,2021,12.4
VIVR3,2020,11.21
VIVR3,2019,18.9
VIVR3,2018,34.69
EALT4,2025,11.53
EALT4,2024,13.49
EALT4,2023,9.26
EALT4,2022,6.52
EALT4,2021,7.18
EALT4,2020,4.69
EALT4,2019,5.73
EALT4,2018,3.64
RNEW4,2025,1.05
RNEW4,2024,1.86
RNEW4,2023,2.58
RNEW4,2022,4.06
RNEW4,2021,4.58
RNEW4,2020,8.82
RNEW4,2019,7.32
RNEW4,2018,13.98
DMVF3,2025,4.97
DMVF3,2024,6.15
DMVF3,2023,5.93
DMVF3,2022,4.09
DMVF3,2021,4.21
DMVF3,2020,12.78
DMVF3,2019,
DMVF3,2018,
NGRD3,2025,25.0
NGRD3,2024,23.15
NGRD3,2023,31.09
NGRD3,2022,36.65
NGRD3,2021,64.27
NGRD3,2020,174.42
NGRD3,2019,
NGRD3,2018,
GOAU3,2025,9.52
GOAU3,2024,9.94
GOAU3,2023,10.39
GOAU3,2022,9.87
GOAU3,2021,7.75
GOAU3,2020,5.78
GOAU3,2019,4.98
GOAU3,2018,4.15
RNEW3,2025,1.1
RNEW3,2024,1.88
RNEW3,2023,2.48
RNEW3,2022,4.06
RNEW3,2021,4.94
RNEW3,2020,10.0
RNEW3,2019,10.28
RNEW3,2018,14.84
REAG3,2025,2.6
REAG3,2024,5.02
REAG3,2023,4.95
REAG3,2022,2.77
REAG3,2021,5.42
REAG3,2020,
REAG3,2019,
REAG3,2018,
UCAS3,2025,1.28
UCAS3,2024,1.9
UCAS3,2023,2.41
UCAS3,2022,2.18
UCAS3,2021,3.38
UCAS3,2020,3.27
UCAS3,2019,3.44
UCAS3,2018,1.9
AERI3,2025,4.05
AERI3,2024,5.71
AERI3,2023,18.0
AERI3,2022,22.6
AERI3,2021,130.55
AERI3,2020,199.31
AERI3,2019,
AERI3,2018,
AMOB3,2025,12.98
AMOB3,2024,17.0
AMOB3,2023,
AMOB3,2022,
AMOB3,2021,
AMOB3,2020,
AMOB3,2019,
AMOB3,2018,
BRAP3,2025,15.6
BRAP3,2024,14.97
BRAP3,2023,20.15
BRAP3,2022,19.63
BRAP3,2021,14.83
BRAP3,2020,12.96
BRAP3,2019,7.36
BRAP3,2018,5.41
CAMB3,2025,9.8
CAMB3,2024,9.82
CAMB3,2023,9.47
CAMB3,2022,5.53
CAMB3,2021,4.05
CAMB3,2020,4.65
CAMB3,2019,5.62
CAMB3,2018,0.82
SCAR3,2025,21.84
SCAR3,2024,21.1
SCAR3,2023,25.85
SCAR3,2022,17.06
SCAR3,2021,38.59
SCAR3,2020,41.09
SCAR3,2019,43.54
SCAR3,2018,29.79
EMAE4,2025,34.88
EMAE4,2024,42.0
EMAE4,2023,57.34
EMAE4,2022,62.07
EMAE4,2021,67.48
EMAE4,2020,60.01
EMAE4,2019,28.41
EMAE4,2018,13.75
LUXM4,2025,3.49
LUXM4,2024,6.13
LUXM4,2023,7.72
LUXM4,2022,9.61
LUXM4,2021,9.53
LUXM4,2020,7.26
LUXM4,2019,2.62
LUXM4,2018,1.67
BEES3,2025,8.15
BEES3,2024,7.43
BEES3,2023,7.7
BEES3,2022,4.08
BEES3,2021,3.19
BEES3,2020,3.34
BEES3,2019,3.75
BEES3,2018,2.31
SHOW3,2025,5.93
SHOW3,2024,6.7
SHOW3,2023,21.1
SHOW3,2022,23.9
SHOW3,2021,37.3
SHOW3,2020,39.7
SHOW3,2019,62.5
SHOW3,2018,73.07
LAND3,2025,8.9
LAND3,2024,13.99
LAND3,2023,16.9
LAND3,2022,27.15
LAND3,2021,21.06
LAND3,2020,
LAND3,2019,
LAND3,2018,
TECN3,2025,6.73
TECN3,2024,5.27
TECN3,2023,3.23
TECN3,2022,1.88
TECN3,2021,1.98
TECN3,2020,1.11
TECN3,2019,3.08
TECN3,2018,2.1
LVTC3,2025,3.65
LVTC3,2024,2.1
LVTC3,2023,3.92
LVTC3,2022,5.5
LVTC3,2021,15.69
LVTC3,2020,
LVTC3,2019,
LVTC3,2018,
RSID3,2025,1.58
RSID3,2024,2.8
RSID3,2023,4.02
RSID3,2022,2.84
RSID3,2021,9.47
RSID3,2020,6.63
RSID3,2019,9.12
RSID3,2018,5.3
BMEB4,2025,54.72
BMEB4,2024,37.78
BMEB4,2023,15.88
BMEB4,2022,8.42
BMEB4,2021,8.67
BMEB4,2020,6.05
BMEB4,2019,4.61
BMEB4,2018,2.31
IGTI3,2025,2.85
IGTI3,2024,2.0
IGTI3,2023,2.78
IGTI3,2022,2.4
IGTI3,2021,2.43
IGTI3,2020,2.33
IGTI3,2019,3.34
IGTI3,2018,1.98
WEST3,2025,4.57
WEST3,2024,5.0
WEST3,2023,13.8
WEST3,2022,11.9
WEST3,2021,35.0
WEST3,2020,
WEST3,2019,
WEST3,2018,
TRAD3,2025,5.0
TRAD3,2024,6.99
TRAD3,2023,6.09
TRAD3,2022,15.54
TRAD3,2021,41.86
TRAD3,2020,
TRAD3,2019,
TRAD3,2018,
CGRA4,2025,28.81
CGRA4,2024,24.3
CGRA4,2023,22.58
CGRA4,2022,20.5
CGRA4,2021,25.86
CGRA4,2020,23.29
CGRA4,2019,18.62
CGRA4,2018,14.2
EPAR3,2025,4.31
EPAR3,2024,4.37
EPAR3,2023,7.72
EPAR3,2022,4.98
EPAR3,2021,6.01
EPAR3,2020,5.2
EPAR3,2019,2.8
EPAR3,2018,1.46
INEP3,2025,1.51
INEP3,2024,1.42
INEP3,2023,4.25
INEP3,2022,6.05
INEP3,2021,7.6
INEP3,2020,2.78
INEP3,2019,1.95
INEP3,2018,1.39
GGBR3,2025,14.82
GGBR3,2024,16.59
GGBR3,2023,16.64
GGBR3,2022,16.93
GGBR3,2021,13.33
GGBR3,2020,10.45
GGBR3,2019,8.67
GGBR3,2018,6.06
CEBR6,2025,24.54
CEBR6,2024,15.15
CEBR6,2023,14.47
CEBR6,2022,6.75
CEBR6,2021,8.02
CEBR6,2020,8.21
CEBR6,2019,2.93
CEBR6,2018,1.68
FICT3,2025,3.22
FICT3,2024,2.7
FICT3,2023,2.13
FICT3,2022,2.23
FICT3,2021,2.3
FICT3,2020,2.39
FICT3,2019,1.24
FICT3,2018,1.83
TASA3,2025,5.4
TASA3,2024,7.79
TASA3,2023,12.97
TASA3,2022,10.54
TASA3,2021,18.28
TASA3,2020,11.84
TASA3,2019,3.81
TASA3,2018,3.57
BRSR3,2025,13.8
BRSR3,2024,10.93
BRSR3,2023,12.0
BRSR3,2022,8.62
BRSR3,2021,8.89
BRSR3,2020,10.96
BRSR3,2019,15.68
BRSR3,2018,13.81
BPAC5,2025,10.85
BPAC5,2024,6.78
BPAC5,2023,9.19
BPAC5,2022,5.07
BPAC5,2021,4.51
BPAC5,2020,4.87
BPAC5,2019,4.78
BPAC5,2018,1.48
CSUD3,2025,18.2
CSUD3,2024,14.73
CSUD3,2023,17.61
CSUD3,2022,10.02
CSUD3,2021,10.15
CSUD3,2020,11.43
CSUD3,2019,9.07
CSUD3,2018,4.93
ATED3,2025,2.36
ATED3,2024,1.39
ATED3,2023,
ATED3,2022,
ATED3,2021,
ATED3,2020,
ATED3,2019,
ATED3,2018,
ALUP4,2025,10.3
ALUP4,2024,8.36
ALUP4,2023,9.14
ALUP4,2022,7.4
ALUP4,2021,5.95
ALUP4,2020,6.38
ALUP4,2019,5.85
ALUP4,2018,3.7
DOTZ3,2025,7.17
DOTZ3,2024,2.95
DOTZ3,2023,7.9
DOTZ3,2022,12.9
DOTZ3,2021,26.8
DOTZ3,2020,
DOTZ3,2019,
DOTZ3,2018,
WHRL3,2025,4.42
WHRL3,2024,3.48
WHRL3,2023,3.67
WHRL3,2022,3.71
WHRL3,2021,5.02
WHRL3,2020,5.05
WHRL3,2019,5.96
WHRL3,2018,2.37
AGXY3,2025,5.7
AGXY3,2024,6.75
AGXY3,2023,54.45
AGXY3,2022,147.06
AGXY3,2021,156.41
AGXY3,2020,
AGXY3,2019,
AGXY3,2018,
WHRL4,2025,4.69
WHRL4,2024,3.82
WHRL4,2023,3.84
WHRL4,2022,3.84
WHRL4,2021,5.92
WHRL4,2020,5.6
WHRL4,2019,6.05
WHRL4,2018,2.76
JFEN3,2025,1.66
JFEN3,2024,2.28
JFEN3,2023,43.0
JFEN3,2022,70.0
JFEN3,2021,96.0
JFEN3,2020,433.0
JFEN3,2019,265.0
JFEN3,2018,340.0
PTNT4,2025,4.7
PTNT4,2024,6.0
PTNT4,2023,8.13
PTNT4,2022,5.83
PTNT4,2021,5.55
PTNT4,2020,4.63
PTNT4,2019,4.26
PTNT4,2018,2.67
MTSA4,2025,43.41
MTSA4,2024,37.76
MTSA4,2023,44.6
MTSA4,2022,39.32
MTSA4,2021,34.34
MTSA4,2020,24.47
MTSA4,2019,17.46
MTSA4,2018,10.52
ALUP3,2025,11.5
ALUP3,2024,8.47
ALUP3,2023,9.02
ALUP3,2022,7.13
ALUP3,2021,6.01
ALUP3,2020,6.43
ALUP3,2019,8.0
ALUP3,2018,5.17
CLSC4,2025,101.89
CLSC4,2024,74.2
CLSC4,2023,55.24
CLSC4,2022,41.97
CLSC4,2021,48.53
CLSC4,2020,36.19
CLSC4,2019,31.47
CLSC4,2018,29.99
BPAC3,2025,26.95
BPAC3,2024,13.86
BPAC3,2023,17.35
BPAC3,2022,12.31
BPAC3,2021,12.0
BPAC3,2020,10.52
BPAC3,2019,8.96
BPAC3,2018,1.79
TELB4,2025,9.65
TELB4,2024,7.3
TELB4,2023,13.12
TELB4,2022,10.15
TELB4,2021,14.5
TELB4,2020,30.88
TELB4,2019,29.07
TELB4,2018,22.6
INEP4,2025,1.48
INEP4,2024,1.31
INEP4,2023,3.43
INEP4,2022,5.0
INEP4,2021,7.5
INEP4,2020,2.63
INEP4,2019,1.97
INEP4,2018,1.29
RAPT3,2025,6.13
RAPT3,2024,8.17
RAPT3,2023,11.93
RAPT3,2022,7.94
RAPT3,2021,11.59
RAPT3,2020,10.82
RAPT3,2019,10.2
RAPT3,2018,6.14
COCE5,2025,30.13
COCE5,2024,23.86
COCE5,2023,39.96
COCE5,2022,41.23
COCE5,2021,51.05
COCE5,2020,49.33
COCE5,2019,49.13
COCE5,2018,36.46
NUTR3,2025,3.06
NUTR3,2024,3.92
NUTR3,2023,4.17
NUTR3,2022,2.8
NUTR3,2021,2.53
NUTR3,2020,2.21
NUTR3,2019,0.45
NUTR3,2018,0.3
CEBR3,2025,23.11
CEBR3,2024,13.91
CEBR3,2023,14.38
CEBR3,2022,6.96
CEBR3,2021,8.66
CEBR3,2020,7.95
CEBR3,2019,3.38
CEBR3,2018,1.73
ALPA3,2025,9.09
ALPA3,2024,5.71
ALPA3,2023,10.27
ALPA3,2022,11.72
ALPA3,2021,30.37
ALPA3,2020,37.07
ALPA3,2019,26.79
ALPA3,2018,12.71
SNSY5,2025,3.39
SNSY5,2024,3.87
SNSY5,2023,3.83
SNSY5,2022,3.36
SNSY5,2021,5.23
SNSY5,2020,6.28
SNSY5,2019,2.68
SNSY5,2018,1.17
OSXB3,2025,2.3
OSXB3,2024,3.61
OSXB3,2023,4.23
OSXB3,2022,6.56
OSXB3,2021,6.82
OSXB3,2020,20.28
OSXB3,2019,3.27
OSXB3,2018,3.45
VSTE3,2025,5.3
VSTE3,2024,7.8
VSTE3,2023,20.33
VSTE3,2022,16.54
VSTE3,2021,10.76
VSTE3,2020,39.18
VSTE3,2019,134.56
VSTE3,2018,211.7
EQPA3,2025,5.8
EQPA3,2024,5.04
EQPA3,2023,6.21
EQPA3,2022,5.16
EQPA3,2021,3.65
EQPA3,2020,2.16
EQPA3,2019,2.02
EQPA3,2018,1.34
UNIP3,2025,62.0
UNIP3,2024,41.81
UNIP3,2023,54.83
UNIP3,2022,61.89
UNIP3,2021,61.5
UNIP3,2020,25.41
UNIP3,2019,17.99
UNIP3,2018,16.04
HOOT4,2025,4.22
HOOT4,2024,2.34
HOOT4,2023,2.89
HOOT4,2022,1.19
HOOT4,2021,2.8
HOOT4,2020,2.82
HOOT4,2019,2.35
HOOT4,2018,1.91
BAZA3,2025,75.6
BAZA3,2024,78.69
BAZA3,2023,81.33
BAZA3,2022,39.65
BAZA3,2021,27.73
BAZA3,2020,26.5
BAZA3,2019,22.62
BAZA3,2018,12.78
BOBR4,2025,1.39
BOBR4,2024,1.88
BOBR4,2023,2.04
BOBR4,2022,1.23
BOBR4,2021,1.68
BOBR4,2020,2.22
BOBR4,2019,2.04
BOBR4,2018,2.62
ISAE3,2025,30.94
ISAE3,2024,28.62
ISAE3,2023,33.28
ISAE3,2022,25.45
ISAE3,2021,25.97
ISAE3,2020,22.22
ISAE3,2019,19.57
ISAE3,2018,11.57
RDNI3,2025,2.26
RDNI3,2024,2.05
RDNI3,2023,4.6
RDNI3,2022,6.71
RDNI3,2021,9.86
RDNI3,2020,11.24
RDNI3,2019,15.2
RDNI3,2018,5.31
ENGI4,2025,9.24
ENGI4,2024,6.17
ENGI4,2023,7.89
ENGI4,2022,6.32
ENGI4,2021,5.96
ENGI4,2020,6.3
ENGI4,2019,7.43
ENGI4,2018,5.2
MGEL4,2025,5.7
MGEL4,2024,7.99
MGEL4,2023,13.3
MGEL4,2022,11.82
MGEL4,2021,14.7
MGEL4,2020,8.35
MGEL4,2019,8.31
MGEL4,2018,5.27
WLMM4,2025,20.39
WLMM4,2024,28.99
WLMM4,2023,28.97
WLMM4,2022,20.64
WLMM4,2021,35.32
WLMM4,2020,27.56
WLMM4,2019,11.28
WLMM4,2018,4.21
OFSA3,2025,22.25
OFSA3,2024,19.3
OFSA3,2023,24.78
OFSA3,2022,22.75
OFSA3,2021,23.12
OFSA3,2020,33.87
OFSA3,2019,37.8
OFSA3,2018,29.44
BRKM6,2025,7.97
BRKM6,2024,7.03
BRKM6,2023,15.51
BRKM6,2022,25.5
BRKM6,2021,34.0
BRKM6,2020,17.76
BRKM6,2019,23.57
BRKM6,2018,46.0
CGRA3,2025,29.39
CGRA3,2024,24.06
CGRA3,2023,21.93
CGRA3,2022,21.71
CGRA3,2021,27.09
CGRA3,2020,23.36
CGRA3,2019,18.82
CGRA3,2018,13.58
CEDO4,2025,13.0
CEDO4,2024,23.29
CEDO4,2023,27.26
CEDO4,2022,3.84
CEDO4,2021,5.0
CEDO4,2020,5.63
CEDO4,2019,8.68
CEDO4,2018,6.0
MOAR3,2025,116.99
MOAR3,2024,361.86
MOAR3,2023,330.54
MOAR3,2022,379.01
MOAR3,2021,303.02
MOAR3,2020,151.03
MOAR3,2019,110.21
MOAR3,2018,99.84
CTSA4,2025,2.39
CTSA4,2024,3.2
CTSA4,2023,8.72
CTSA4,2022,6.56
CTSA4,2021,20.93
CTSA4,2020,30.95
CTSA4,2019,37.42
CTSA4,2018,34.38
NEXP3,2025,3.43
NEXP3,2024,3.87
NEXP3,2023,5.16
NEXP3,2022,15.5
NEXP3,2021,44.81
NEXP3,2020,89.62
NEXP3,2019,240.34
NEXP3,2018,256.64
MNPR3,2025,40.9
MNPR3,2024,21.39
MNPR3,2023,18.99
MNPR3,2022,6.17
MNPR3,2021,6.39
MNPR3,2020,7.0
MNPR3,2019,5.9
MNPR3,2018,2.28
REDE3,2025,6.26
REDE3,2024,5.82
REDE3,2023,5.65
REDE3,2022,4.1
REDE3,2021,4.58
REDE3,2020,6.93
REDE3,2019,5.22
REDE3,2018,3.99
BSLI4,2025,9.89
BSLI4,2024,7.8
BSLI4,2023,
BSLI4,2022,
BSLI4,2021,
BSLI4,2020,
BSLI4,2019,
BSLI4,2018,
BEES4,2025,8.18
BEES4,2024,7.59
BEES4,2023,8.18
BEES4,2022,4.88
BEES4,2021,3.89
BEES4,2020,3.83
BEES4,2019,4.17
BEES4,2018,2.47
PTNT3,2025,7.75
PTNT3,2024,8.5
PTNT3,2023,10.67
PTNT3,2022,8.69
PTNT3,2021,14.02
PTNT3,2020,5.31
PTNT3,2019,7.34
PTNT3,2018,6.37
CEBR5,2025,23.06
CEBR5,2024,13.72
CEBR5,2023,12.98
CEBR5,2022,7.56
CEBR5,2021,8.49
CEBR5,2020,9.54
CEBR5,2019,3.84
CEBR5,2018,1.82
HAGA4,2025,1.16
HAGA4,2024,1.15
HAGA4,2023,1.18
HAGA4,2022,1.15
HAGA4,2021,1.94
HAGA4,2020,2.06
HAGA4,2019,2.39
HAGA4,2018,1.6
CEDO3,2025,15.0
CEDO3,2024,30.5
CEDO3,2023,27.64
CEDO3,2022,6.35
CEDO3,2021,7.19
CEDO3,2020,11.54
CEDO3,2019,9.0
CEDO3,2018,6.8
BGIP4,2025,28.25
BGIP4,2024,21.47
BGIP4,2023,18.66
BGIP4,2022,12.3
BGIP4,2021,16.8
BGIP4,2020,17.79
BGIP4,2019,24.7
BGIP4,2018,22.3
AVLL3,2025,1.66
AVLL3,2024,2.72
AVLL3,2023,4.85
AVLL3,2022,5.97
AVLL3,2021,23.78
AVLL3,2020,
AVLL3,2019,
AVLL3,2018,
GEPA4,2025,35.0
GEPA4,2024,26.15
GEPA4,2023,18.5
GEPA4,2022,17.0
GEPA4,2021,19.9
GEPA4,2020,24.33
GEPA4,2019,26.07
GEPA4,2018,19.0
BSLI3,2025,9.25
BSLI3,2024,7.67
BSLI3,2023,12.18
BSLI3,2022,17.0
BSLI3,2021,25.46
BSLI3,2020,15.52
BSLI3,2019,4.94
BSLI3,2018,3.13
PINE3,2025,8.33
PINE3,2024,4.43
PINE3,2023,4.5
PINE3,2022,7.61
PINE3,2021,7.61
PINE3,2020,7.61
PINE3,2019,7.61
PINE3,2018,7.61
RSUL4,2025,64.02
RSUL4,2024,53.18
RSUL4,2023,72.03
RSUL4,2022,63.44
RSUL4,2021,67.28
RSUL4,2020,16.43
RSUL4,2019,11.23
RSUL4,2018,5.42
ENGI3,2025,13.55
ENGI3,2024,10.52
ENGI3,2023,16.59
ENGI3,2022,12.26
ENGI3,2021,11.35
ENGI3,2020,13.8
ENGI3,2019,10.94
ENGI3,2018,6.41
DOHL4,2025,3.8
DOHL4,2024,4.05
DOHL4,2023,5.13
DOHL4,2022,4.3
DOHL4,2021,5.87
DOHL4,2020,4.99
DOHL4,2019,5.33
DOHL4,2018,5.48
MNDL3,2025,19.2
MNDL3,2024,16.97
MNDL3,2023,13.12
MNDL3,2022,9.75
MNDL3,2021,8.73
MNDL3,2020,6.25
MNDL3,2019,8.78
MNDL3,2018,6.75
RVEE3,2025,10.15
RVEE3,2024,
RVEE3,2023,
RVEE3,2022,
RVEE3,2021,
RVEE3,2020,
RVEE3,2019,
RVEE3,2018,
BALM4,2025,17.96
BALM4,2024,10.53
BALM4,2023,10.31
BALM4,2022,8.17
BALM4,2021,10.4
BALM4,2020,12.24
BALM4,2019,7.48
BALM4,2018,10.55
CEEB3,2025,36.69
CEEB3,2024,37.42
CEEB3,2023,36.36
CEEB3,2022,31.79
CEEB3,2021,22.62
CEEB3,2020,27.45
CEEB3,2019,24.37
CEEB3,2018,14.15
COCE3,2025,36.85
COCE3,2024,24.6
COCE3,2023,46.44
COCE3,2022,53.3
COCE3,2021,52.63
COCE3,2020,61.12
COCE3,2019,41.27
COCE3,2018,28.96
FIEI3,2025,22.1
FIEI3,2024,9.8
FIEI3,2023,12.0
FIEI3,2022,16.0
FIEI3,2021,16.6
FIEI3,2020,27.7
FIEI3,2019,29.04
FIEI3,2018,16.37
CGAS5,2025,128.0
CGAS5,2024,119.29
CGAS5,2023,104.58
CGAS5,2022,105.99
CGAS5,2021,111.7
CGAS5,2020,118.51
CGAS5,2019,93.07
CGAS5,2018,33.87
CTKA4,2025,34.0
CTKA4,2024,21.9
CTKA4,2023,18.4
CTKA4,2022,10.0
CTKA4,2021,17.79
CTKA4,2020,21.01
CTKA4,2019,12.9
CTKA4,2018,3.4
EALT3,2025,12.68
EALT3,2024,13.09
EALT3,2023,9.49
EALT3,2022,8.56
EALT3,2021,11.59
EALT3,2020,11.83
EALT3,2019,12.85
EALT3,2018,3.64
CTSA3,2025,2.3
CTSA3,2024,6.6
CTSA3,2023,20.88
CTSA3,2022,10.6
CTSA3,2021,29.5
CTSA3,2020,39.29
CTSA3,2019,34.65
CTSA3,2018,23.73
TELB3,2025,11.2
TELB3,2024,12.8
TELB3,2023,15.66
TELB3,2022,16.09
TELB3,2021,44.03
TELB3,2020,87.57
TELB3,2019,100.39
TELB3,2018,27.4
HAGA3,2025,1.8
HAGA3,2024,1.91
HAGA3,2023,2.81
HAGA3,2022,3.56
HAGA3,2021,6.94
HAGA3,2020,3.3
HAGA3,2019,4.77
HAGA3,2018,2.85
PEAB4,2025,35.0
PEAB4,2024,50.89
PEAB4,2023,49.43
PEAB4,2022,68.15
PEAB4,2021,65.46
PEAB4,2020,43.69
PEAB4,2019,27.06
PEAB4,2018,20.55
FHER3,2025,4.1
FHER3,2024,6.2
FHER3,2023,7.4
FHER3,2022,17.27
FHER3,2021,18.37
FHER3,2020,2.96
FHER3,2019,3.61
FHER3,2018,4.5
EKTR4,2025,45.8
EKTR4,2024,47.82
EKTR4,2023,28.82
EKTR4,2022,23.93
EKTR4,2021,15.4
EKTR4,2020,13.79
EKTR4,2019,13.09
EKTR4,2018,9.26
BNBR3,2025,101.0
BNBR3,2024,95.45
BNBR3,2023,97.63
BNBR3,2022,62.12
BNBR3,2021,56.59
BNBR3,2020,55.11
BNBR3,2019,66.63
BNBR3,2018,24.95
AHEB3,2025,30.03
AHEB3,2024,38.25
AHEB3,2023,15.5
AHEB3,2022,20.0
AHEB3,2021,27.5
AHEB3,2020,22.82
AHEB3,2019,34.71
AHEB3,2018,74.63
ENMT3,2025,57.5
ENMT3,2024,78.7
ENMT3,2023,61.04
ENMT3,2022,70.07
ENMT3,2021,66.65
ENMT3,2020,22.25
ENMT3,2019,23.71
ENMT3,2018,14.47
CGAS3,2025,124.0
CGAS3,2024,119.33
CGAS3,2023,103.83
CGAS3,2022,107.43
CGAS3,2021,112.76
CGAS3,2020,122.28
CGAS3,2019,96.07
CGAS3,2018,37.85
ENMT4,2025,55.94
ENMT4,2024,79.23
ENMT4,2023,61.21
ENMT4,2022,70.07
ENMT4,2021,65.95
ENMT4,2020,24.8
ENMT4,2019,24.07
ENMT4,2018,13.92
FESA3,2025,11.41
FESA3,2024,11.33
FESA3,2023,14.87
FESA3,2022,13.78
FESA3,2021,12.54
FESA3,2020,6.83
FESA3,2019,7.03
FESA3,2018,4.95
BMKS3,2025,435.0
BMKS3,2024,297.22
BMKS3,2023,300.89
BMKS3,2022,224.99
BMKS3,2021,157.35
BMKS3,2020,160.85
BMKS3,2019,169.86
BMKS3,2018,169.1
