,Empresa,Setor (brapi),Tipo,Market Cap,Logo,Preço Atual,P/L,P/VP,"DY (Taxa 12m, %)",DY 5 Anos Média (%),Último Dividendo,Data Últ. Div.,Data Ex-Div.,Payout Ratio (%),Crescimento Preço (%),ROE (%),Dívida Total,EBITDA,Perfil da Ação,Sentimento Gauge,Strong Buy,Buy,Hold,Sell,Strong Sell,Dívida/EBITDA
VIVT3.SA,Telefônica Brasil S.A.,Communications,stock,101284896768.0,https://icons.brapi.dev/icons/VIVT3.svg,31.26,17.965517,1.4877921,2.3826481999999998,5.4,0.061933,2025-06-24 00:00:00,2025-06-24 00:00:00,55.82,46.20723240922644,8.355,20566042624.0,17719113728.0,Blue Chip,73.21428571428572,3,7,4,0,0,1.160669937543278
TIMS3.SA,TIM S.A.,Communications,stock,53479526400.0,https://icons.brapi.dev/icons/TIMS3.svg,22.12,15.577466,2.188799,3.6145125,4.9,0.124085,2025-05-22 00:00:00,2025-05-22 00:00:00,154.23,118.56555161447505,13.871998999999999,15795061760.0,10365283328.0,Blue Chip,76.78571428571428,4,7,3,0,0,1.5238427412140683
FIQE3.SA,Unifique Telecomunicações S.A.,Communications,stock,1348861056.0,https://icons.brapi.dev/icons/FIQE3.svg,3.82,7.795918,1.105324,2.5848564,0.0,0.083323,2021-12-07 00:00:00,2025-02-07 00:00:00,51.690000000000005,-56.946056278305626,14.784999,703187008.0,453715008.0,Micro Cap,50.0,0,2,3,0,1,1.5498429533986233
BRST3.SA,0,Communications,stock,1283363456.0,https://icons.brapi.dev/icons/BRST3.svg,2.93,20.928572,0.83475786,1.3898305999999998,0.0,0.034931,2025-01-07 00:00:00,2025-01-07 00:00:00,29.87,-2.8634289155978987,3.9699999999999998,1886003968.0,573718016.0,Micro Cap,50.0,1,0,4,0,1,3.2873361397108365
DESK3.SA,Desktop S.A.,Communications,stock,1119321856.0,https://icons.brapi.dev/icons/DESK3.svg,9.67,13.619719,0.81706804,0.3767821,0.0,0.0,0,2025-04-24 00:00:00,5.9499998,-60.4418042481952,7.509,1489437056.0,464672992.0,Micro Cap,53.57142857142857,1,1,4,0,1,3.205344579183117
TELB4.SA,Telecomunicações Brasileiras S.A. - Telebras,Communications,stock,1111530624.0,https://icons.brapi.dev/icons/TELB4.svg,8.1,135.00002,0.4767791,0.0,0.0,0.0,0,0,0.0,-74.08829071605076,0.39500003,11469000.0,355113984.0,Micro Cap,50.0,0,0,0,0,0,0.03229667238336635
TELB3.SA,Telecomunicações Brasileiras S.A. - Telebras,Communications,stock,1111530368.0,https://icons.brapi.dev/icons/TELB3.svg,12.8,213.33334,0.7534287,0.0,0.0,0.0,0,0,0.0,-91.7767765232422,0.39500003,11469000.0,355113984.0,Micro Cap,50.0,0,0,0,0,0,0.03229667238336635
OIBR3.SA,Oi S.A.,Communications,stock,223290592.0,https://icons.brapi.dev/icons/OIBR3.svg,0.65,0.0038341295,-0.014350686,0.0,0.0,0.0,0,2013-09-30 00:00:00,0.0,-99.45378153264022,0.0,12973458432.0,-2099744000.0,Penny Stock,50.0,0,0,0,0,0,-6.178590548181112
OIBR4.SA,Oi S.A.,Communications,stock,223291088.0,https://icons.brapi.dev/icons/OIBR4.svg,8.93,0.052675046,-0.19715637,0.0,0.0,0.0,0,2013-09-30 00:00:00,0.0,-94.08609251312863,0.0,12973458432.0,-2099744000.0,Micro Cap,50.0,0,0,0,0,0,-6.178590548181112
ITUB3.SA,Itaú Unibanco Holding S.A.,Finance,stock,377776308224.0,https://icons.brapi.dev/icons/ITUB3.svg,33.01,8.442454,1.7697833,7.2479375,4.02,0.01765,2025-12-02 00:00:00,2025-07-01 00:00:00,64.47,51.84158549963958,21.149,976235003904.0,0.0,Blue Chip,50.0,0,0,0,0,0,0.0
ITUB4.SA,Itaú Unibanco Holding S.A.,Finance,stock,377774440448.0,https://icons.brapi.dev/icons/ITUB4.svg,37.1,9.48849,1.9890627,6.470845,3.52,0.01765,2025-12-02 00:00:00,2025-07-01 00:00:00,64.47,58.66143219159752,21.149,976235003904.0,0.0,Blue Chip,78.84615384615384,3,9,1,0,0,0.0
BPAC3.SA,Banco BTG Pactual S.A.,Finance,stock,229239095296.0,https://icons.brapi.dev/icons/BPAC3.svg,23.52,14.083833,1.8720154,0.0,1.29,0.049104,2022-01-06 00:00:00,2025-01-06 00:00:00,17.14,160.37443864450563,19.18,310344581120.0,0.0,Blue Chip,50.0,0,0,0,0,0,0.0
BPAC5.SA,Banco BTG Pactual S.A.,Finance,stock,229238702080.0,https://icons.brapi.dev/icons/BPAC5.svg,9.48,5.6766467,0.75453675,0.0,2.72,0.049104,2022-01-06 00:00:00,2025-01-07 00:00:00,17.14,94.11465760453277,19.18,310344581120.0,0.0,Blue Chip,50.0,0,0,0,0,0,0.0
BBDC3.SA,Banco Bradesco S.A.,Finance,stock,164083646464.0,https://icons.brapi.dev/icons/BBDC3.svg,14.35,8.541667,0.89019847,0.45517250000000004,4.86,0.01725,2025-12-02 00:00:00,2025-07-01 00:00:00,57.74,22.291078580575153,11.2670004,698441531392.0,0.0,Blue Chip,50.0,0,0,0,0,0,0.0
BBDC4.SA,Banco Bradesco S.A.,Finance,stock,164083990528.0,https://icons.brapi.dev/icons/BBDC4.svg,16.68,9.928572,1.0347394,0.39210008,4.88,0.018975,2025-12-02 00:00:00,2025-07-01 00:00:00,63.519999999999996,30.556313444557315,11.2670004,698441531392.0,0.0,Blue Chip,51.92307692307693,0,3,9,0,1,0.0
BPAC11.SA,Banco BTG Pactual S.A.,Finance,fund,143275819008.0,https://icons.brapi.dev/icons/BPAC11.svg,42.87,69.82084,3.4121299,0.0,2.0,0.147312,2022-01-06 00:00:00,2025-01-07 00:00:00,0.0,129.75422188048609,19.18,310344581120.0,0.0,Blue Chip,77.08333333333333,3,7,2,0,0,0.0
SANB11.SA,Banco Santander (Brasil) S.A.,Finance,fund,137883418624.0,https://icons.brapi.dev/icons/SANB11.svg,30.29,14.804497,1.8718331,2.8393397,6.68,0.456205,2022-04-22 00:00:00,2025-04-22 00:00:00,0.0,26.305734677599002,11.359,330054828032.0,0.0,Blue Chip,61.53846153846154,2,2,9,0,0,0.0
BBAS3.SA,Banco do Brasil S.A.,Finance,stock,125070819328.0,https://icons.brapi.dev/icons/BBAS3.svg,21.91,5.750656,0.7078474,11.2177454,5.14,0.105314,2022-03-15 00:00:00,2025-06-03 00:00:00,46.949999999999996,38.273185824601555,18.902001,1079060725760.0,0.0,Blue Chip,67.3076923076923,2,5,6,0,0,0.0
ITSA4.SA,Itaúsa S.A.,Finance,stock,120715108352.0,https://icons.brapi.dev/icons/ITSA4.svg,11.0,7.9710145,1.3808687,8.219178000000001,4.21,0.02353,2025-12-01 00:00:00,2025-09-01 00:00:00,65.809995,69.57123059567473,17.547001,12535000064.0,1784999936.0,Blue Chip,82.14285714285714,2,5,0,0,0,7.022409251223637
ITSA3.SA,Itaúsa S.A.,Finance,stock,120714985472.0,https://icons.brapi.dev/icons/ITSA3.svg,10.95,7.9347825,1.374592,8.234217000000001,4.07,0.02353,2025-12-01 00:00:00,2025-09-01 00:00:00,65.809995,45.24440269431689,17.547001,12535000064.0,1784999936.0,Blue Chip,50.0,0,0,0,0,0,7.022409251223637
SANB3.SA,Banco Santander (Brasil) S.A.,Finance,stock,111991463936.0,https://icons.brapi.dev/icons/SANB3.svg,14.22,8.315789,0.87875426,6.0257327,6.66,0.217241,2022-04-22 00:00:00,2025-04-22 00:00:00,44.7,22.12181328081131,11.359,330054828032.0,0.0,Blue Chip,50.0,0,0,0,0,0,0.0
SANB4.SA,Banco Santander (Brasil) S.A.,Finance,stock,111991365632.0,https://icons.brapi.dev/icons/SANB4.svg,15.79,9.233918,0.9757756,5.4704737,6.6,0.238964,2022-04-22 00:00:00,2025-04-22 00:00:00,49.17,31.826873421633973,11.359,330054828032.0,0.0,Blue Chip,50.0,0,0,0,0,0,0.0
B3SA3.SA,"B3 S.A. - Brasil, Bolsa, Balcão",Finance,stock,75499765760.0,https://icons.brapi.dev/icons/B3SA3.svg,14.5,16.477272,4.021076,2.1193415,3.04,0.072682,2025-06-24 00:00:00,2025-06-24 00:00:00,35.24,-8.588914011057936,24.464001,15382788096.0,6335019008.0,Blue Chip,71.42857142857143,3,6,5,0,0,2.4282149866597527
BBSE3.SA,BB Seguridade Participações S.A.,Finance,stock,70718283776.0,https://icons.brapi.dev/icons/BBSE3.svg,36.43,8.186518,6.063582,10.231843999999999,7.88,0.930048,2022-02-11 00:00:00,2025-02-21 00:00:00,83.39,46.909618082767544,73.004997,0.0,9818066944.0,Blue Chip,62.5,1,5,5,1,0,0.0
CXSE3.SA,Caixa Seguridade Participações S.A.,Finance,stock,44370001920.0,https://icons.brapi.dev/icons/CXSE3.svg,14.79,11.204545,3.1616075,7.9918320000000005,0.0,0.31,2025-08-04 00:00:00,2025-08-04 00:00:00,105.46,70.3361341491985,28.839,0.0,4396097024.0,Mid Cap,73.21428571428572,3,7,4,0,0,0.0
RENT3.SA,Localiza Rent a Car S.A.,Finance,stock,42846773248.0,https://icons.brapi.dev/icons/RENT3.svg,40.63,22.572224,1.6197577,4.0942742999999995,2.06,0.506194,2025-06-30 00:00:00,2025-06-30 00:00:00,92.27,9.179879121046962,7.33,44275593216.0,6541362176.0,Mid Cap,83.92857142857143,5,9,0,0,0,6.768558600599338
PSSA3.SA,Porto Seguro S.A.,Finance,stock,35161464832.0,https://icons.brapi.dev/icons/PSSA3.svg,54.77,12.619815,2.5375278,1.9583333,4.41,0.483208,2025-06-27 00:00:00,2025-06-27 00:00:00,40.47,161.66422075280082,21.715,393377984.0,5046174208.0,Mid Cap,77.27272727272727,3,6,2,0,0,0.07795568836611992
MULT3.SA,Multiplan Empreendimentos Imobiliários S.A.,Finance,stock,13273848832.0,https://icons.brapi.dev/icons/MULT3.svg,27.17,11.320833,2.3099813,3.9470784,2.98,0.245626,2025-06-30 00:00:00,2025-06-30 00:00:00,45.95,55.466526562143414,20.382998999999998,5509726208.0,2022164992.0,Mid Cap,76.92307692307692,3,8,2,0,0,2.7246669929493073
ALOS3.SA,Allos S.A.,Finance,stock,11459562496.0,https://icons.brapi.dev/icons/ALOS3.svg,22.88,14.21118,0.8529356,2.5792256,2.05,0.101917,2025-06-18 00:00:00,2025-07-23 00:00:00,118.88000000000001,-11.819826097951026,6.593,6455017984.0,1918237056.0,Mid Cap,71.15384615384616,2,8,2,1,0,3.3650783482727173
BPAN4.SA,Banco Pan S.A.,Finance,stock,9754445824.0,https://icons.brapi.dev/icons/BPAN4.svg,7.8,14.181818,1.2877662,0.0,2.61,0.216654,2021-12-22 00:00:00,2024-12-26 00:00:00,43.91,-11.239288941327741,10.0530006,20141840384.0,0.0,Small Cap,67.85714285714286,1,3,3,0,0,0.0
CYRE3.SA,Cyrela Brazil Realty S.A. Empreendimentos e Participações,Finance,stock,9732883456.0,https://icons.brapi.dev/icons/CYRE3.svg,26.57,5.6773505,1.0409403,4.0895183,5.4,1.087273,2021-04-26 00:00:00,2025-04-28 00:00:00,12.75,19.973883694594253,20.807000000000002,6195393024.0,1432798976.0,Small Cap,75.0,4,7,1,0,1,4.323979237684771
BNBR3.SA,Banco do Nordeste do Brasil S.A.,Finance,stock,9180068864.0,https://icons.brapi.dev/icons/BRAPI.svg,93.01,4.3503275,0.6503696,6.521879,5.86,2.54804,2022-03-29 00:00:00,2025-02-20 00:00:00,28.360000000000003,21.757155188798393,17.18,9886656512.0,0.0,Small Cap,50.0,0,0,0,0,0,0.0
CURY3.SA,Cury Construtora e Incorporadora S.A.,Finance,stock,8757252096.0,https://icons.brapi.dev/icons/CURY3.svg,30.11,12.09237,7.6968307,0.0,0.0,0.51535,2022-05-02 00:00:00,2025-04-22 00:00:00,54.50000000000001,265.4735069934842,61.78,1282811008.0,970483008.0,Small Cap,81.81818181818181,3,8,0,0,0,1.3218273760852906
DIRR3.SA,Direcional Engenharia S.A.,Finance,stock,7155392512.0,https://icons.brapi.dev/icons/DIRR3.svg,41.28,11.067023,3.2847934,8.157765999999999,5.71,2.0,2025-06-30 00:00:00,2025-06-30 00:00:00,89.28,289.7918187981829,32.347,2034866944.0,752779008.0,Small Cap,83.33333333333333,4,8,0,0,0,2.7031398622635345
IGTI3.SA,Iguatemi S.A.,Finance,stock,6512141312.0,https://icons.brapi.dev/icons/IGTI3.svg,2.82,8.057143,0.7702813,0.8480566,1.45,0.048756,2022-05-02 00:00:00,2025-04-22 00:00:00,27.51,24.527788385016123,9.862000499999999,4130287104.0,766497984.0,Small Cap,50.0,0,0,0,0,0,5.388516591323481
BRAP3.SA,Bradespar S.A.,Finance,stock,6102800896.0,https://icons.brapi.dev/icons/BRAP3.svg,14.85,5.322581,0.6734694,12.552758,11.61,1.433324,2022-05-02 00:00:00,2025-04-28 00:00:00,48.11,33.17259934500514,13.831,4784000.0,0.0,Small Cap,50.0,0,0,1,0,0,0.0
BRAP4.SA,Bradespar S.A.,Finance,stock,6102792704.0,https://icons.brapi.dev/icons/BRAP4.svg,15.89,5.6953406,0.72063494,11.745223000000001,11.58,1.576656,2022-05-02 00:00:00,2025-04-28 00:00:00,52.919996000000005,29.806471426232008,13.831,4784000.0,0.0,Small Cap,60.0,1,2,1,0,1,0.0
ABCB4.SA,Banco ABC Brasil S.A.,Finance,stock,5268942848.0,https://icons.brapi.dev/icons/ABCB4.svg,21.9,4.1873803,0.813582,7.662960000000001,6.34,1.086,2025-07-01 00:00:00,2025-07-01 00:00:00,31.46,133.07388209597678,16.087,18119350272.0,0.0,Small Cap,55.55555555555556,1,2,5,0,1,0.0
BRSR6.SA,Banco do Estado do Rio Grande do Sul S.A.,Finance,stock,4864965120.0,https://icons.brapi.dev/icons/BRSR6.svg,11.68,3.9863482,0.45890304,8.6171135,6.54,0.036603,2022-05-03 00:00:00,2025-06-13 00:00:00,31.09,-3.8650398967327915,7.7,33453266944.0,0.0,Small Cap,44.44444444444444,0,0,8,0,1,0.0
BRSR3.SA,Banco do Estado do Rio Grande do Sul S.A.,Finance,stock,4864967680.0,https://icons.brapi.dev/icons/BRSR3.svg,12.09,4.12628,0.4750118,8.329156,6.1,0.036603,2022-05-03 00:00:00,2025-06-13 00:00:00,31.09,-21.35912603578666,7.7,33453266944.0,0.0,Small Cap,50.0,0,0,0,0,0,0.0
VAMO3.SA,"Vamos Locação de Caminhões, Máquinas e Equipamentos S.A.",Finance,stock,4371788800.0,https://icons.brapi.dev/icons/VAMO3.svg,4.1,6.9491525,1.7604121,0.0,0.0,0.0,0,2024-12-02 00:00:00,45.660000000000004,-49.00833295180964,17.202,16508325888.0,3351511040.0,Small Cap,75.0,4,5,2,1,0,4.925636732499022
BAZA3.SA,Banco da Amazônia S.A.,Finance,stock,4176903936.0,https://icons.brapi.dev/icons/BAZA3.svg,74.51,3.1319883,0.6242303,10.318505,8.65,0.0,0,2025-04-29 00:00:00,27.85,107.07575304273558,19.253,426644992.0,0.0,Small Cap,50.0,0,0,0,0,0,0.0
BSLI3.SA,BRB - Banco de Brasília S.A.,Finance,stock,4065115136.0,https://icons.brapi.dev/icons/BSLI3.svg,8.03,10.851351,0.8664221,0.0,2.12,0.0,0,2025-04-15 00:00:00,9.959999999999999,-63.84692459497061,6.256,15001639936.0,0.0,Small Cap,50.0,0,0,0,0,0,0.0
BSLI4.SA,BRB - Banco de Brasília S.A.,Finance,stock,4065111040.0,https://icons.brapi.dev/icons/BSLI4.svg,9.0,12.162162,0.97108334,0.0,3.04,0.129049,2025-04-15 00:00:00,2025-04-15 00:00:00,10.24,13.277137189538223,6.256,15001639936.0,0.0,Small Cap,50.0,0,0,0,0,0,0.0
BMEB4.SA,Banco Mercantil do Brasil S.A.,Finance,stock,3734298624.0,https://icons.brapi.dev/icons/BMEB4.svg,39.95,8.937361,2.1951756,0.0,5.38,0.024559,2025-02-10 00:00:00,2025-02-10 00:00:00,49.740002,595.1652947489318,39.613,4737418240.0,0.0,Small Cap,50.0,0,0,0,0,0,0.0
IRBR3.SA,IRB-Brasil Resseguros S.A.,Finance,stock,3754133504.0,https://icons.brapi.dev/icons/IRBR3.svg,45.87,5.3337207,0.7379225,0.0,0.0,0.0,0,2020-08-17 00:00:00,0.0,-80.46908043424506,14.732000000000001,527932992.0,718619008.0,Small Cap,57.14285714285714,1,2,3,0,1,0.7346493567840611
JHSF3.SA,JHSF Participações S.A.,Finance,stock,3641426944.0,https://icons.brapi.dev/icons/JHSF3.svg,5.44,3.464968,0.6329261,0.0,6.54,0.160656,2022-03-04 00:00:00,2025-07-02 00:00:00,23.599999999999998,-23.078431835267864,18.346001,5320522240.0,689526976.0,Small Cap,75.0,1,4,1,0,0,7.716191570726886
PLPL3.SA,Plano & Plano Desenvolvimento Imobiliário S.A.,Finance,stock,3185687040.0,https://icons.brapi.dev/icons/PLPL3.svg,15.7,8.722222,3.9025605,6.4076439999999995,0.0,0.161174,2022-05-02 00:00:00,2025-01-29 00:00:00,55.979997000000004,89.91867917190753,55.564,312316000.0,505320000.0,Small Cap,83.33333333333333,3,6,0,0,0,0.6180558853795615
EZTC3.SA,EZTEC Empreendimentos e Participações S.A.,Finance,stock,3025407488.0,https://icons.brapi.dev/icons/EZTC3.svg,13.87,6.866337,0.61762476,7.377873,3.0,0.460337,2022-03-23 00:00:00,2025-05-23 00:00:00,55.85,-65.99799023706524,9.634,1597981056.0,313534016.0,Small Cap,50.0,2,1,6,1,2,5.096675239218701
TEND3.SA,Construtora Tenda S.A.,Finance,stock,3027676672.0,https://icons.brapi.dev/icons/TEND3.svg,24.7,16.917809,2.805543,0.7008196999999999,0.0,0.0,0,2024-12-09 00:00:00,11.72,-20.46715508141791,17.27,894713024.0,400479008.0,Small Cap,70.45454545454545,2,7,1,0,1,2.234107171979411
BEES4.SA,Banestes S.A - Banco do Estado do Espírito Santo,Finance,stock,3008713728.0,https://icons.brapi.dev/icons/BEES4.svg,8.68,5.786667,1.1998894,5.6623682,6.03,0.020575,2023-01-02 00:00:00,2025-07-02 00:00:00,44.46,61.23861379973326,21.199,11243392000.0,0.0,Small Cap,50.0,0,0,0,0,0,0.0
BEES3.SA,Banestes S.A - Banco do Estado do Espírito Santo,Finance,stock,3008712192.0,https://icons.brapi.dev/icons/BEES3.svg,8.65,5.7666664,1.1957422,5.695755,6.7,0.020575,2023-01-02 00:00:00,2025-07-02 00:00:00,44.46,66.81582927229847,21.199,11243392000.0,0.0,Small Cap,50.0,0,0,0,0,0,0.0
MILS3.SA,"Mills Locação, Serviços e Logística S.A.",Finance,stock,2686567424.0,https://icons.brapi.dev/icons/MILS3.svg,11.25,9.297521,1.7063552,4.153846,0.0,0.00661,2024-05-03 00:00:00,2025-04-14 00:00:00,44.919997,98.71069028772797,19.002001,1899288960.0,718278016.0,Small Cap,71.42857142857143,2,2,3,0,0,2.6442253802739244
LAVV3.SA,Lavvi Empreendimentos Imobiliários S.A.,Finance,stock,2442925056.0,https://icons.brapi.dev/icons/LAVV3.svg,12.5,6.793478,1.6359116,8.089888,0.0,0.208622,2022-04-27 00:00:00,2025-05-16 00:00:00,36.990002,62.29204830006101,25.801000000000002,270460000.0,347300000.0,Small Cap,83.33333333333333,2,4,0,0,0,0.778750359919378
MOVI3.SA,Movida Participações S.A.,Finance,stock,2390216192.0,https://icons.brapi.dev/icons/MOVI3.svg,6.95,12.192983,0.92802775,2.5392296,3.32,0.246834,2022-05-05 00:00:00,2025-05-02 00:00:00,27.21,-47.23357986518343,10.208,20548878336.0,4708450816.0,Small Cap,67.3076923076923,2,5,6,0,0,4.364254643198549
BMGB4.SA,Banco BMG S.A.,Finance,stock,2145808128.0,https://icons.brapi.dev/icons/BMGB4.svg,3.68,7.510204,0.5855211,2.7100269999999997,9.47,0.1,2025-04-03 00:00:00,2025-04-03 00:00:00,95.47,-3.127459464263249,7.991,5271617024.0,0.0,Small Cap,62.5,0,1,1,0,0,0.0
AGRO3.SA,BrasilAgro - Companhia Brasileira de Propriedades Agrícolas,Finance,stock,2024187008.0,https://icons.brapi.dev/icons/AGRO3.svg,20.32,6.5548387,0.9328375,7.858585999999999,10.28,2.016293,2022-04-08 00:00:00,2024-10-23 00:00:00,50.240004000000006,10.70044643729242,15.001999999999999,1338961024.0,381872992.0,Small Cap,83.33333333333333,2,0,1,0,0,3.506299350963265
MDNE3.SA,Moura Dubeux Engenharia S.A.,Finance,stock,1987676800.0,https://icons.brapi.dev/icons/MDNE3.svg,23.49,7.075301,1.2215289,5.420642,0.0,0.65,2024-11-13 00:00:00,2025-05-22 00:00:00,19.569999,196.78019862821822,18.693,528511008.0,316335008.0,Micro Cap,80.0,1,4,0,0,0,1.6707319602135215
EVEN3.SA,Even Construtora e Incorporadora S.A.,Finance,stock,1462611072.0,https://icons.brapi.dev/icons/EVEN3.svg,7.47,124.5,0.78007513,0.0,6.98,0.4,2024-10-09 00:00:00,2024-10-09 00:00:00,1079.6,-25.495291891323756,5.132,1113083008.0,201139008.0,Micro Cap,45.83333333333333,0,1,4,0,1,5.533899262344975
PINE3.SA,Banco Pine S.A.,Finance,stock,1332246016.0,https://icons.brapi.dev/icons/PINE3.svg,6.0,5.0420165,1.2160519,8.098361,0.0,0.159371,2024-10-11 00:00:00,2025-04-11 00:00:00,41.099998,-35.08262203861081,24.39,7528283136.0,0.0,Micro Cap,50.0,0,0,0,0,0,0.0
PINE4.SA,Banco Pine S.A.,Finance,stock,1332241408.0,https://icons.brapi.dev/icons/PINE4.svg,5.89,4.908333,1.1937575,8.165289000000001,8.59,0.159371,2024-10-11 00:00:00,2025-04-11 00:00:00,41.15,105.97750780593343,24.39,7528283136.0,0.0,Micro Cap,50.0,0,0,0,0,0,0.0
WIZC3.SA,Wiz Co Participações e Corretagem de Seguros S.A.,Finance,stock,1210496128.0,https://icons.brapi.dev/icons/WIZC3.svg,7.57,7.14151,2.0409813,0.0,6.48,0.587949,2022-04-20 00:00:00,2025-04-28 00:00:00,23.26,-18.47002034623626,25.995,412884992.0,676678976.0,Micro Cap,66.66666666666666,1,0,2,0,0,0.6101637654544184
ARML3.SA,"Armac Locação, Logística e Serviços S.A.",Finance,stock,1170233856.0,https://icons.brapi.dev/icons/ARML3.svg,3.38,8.894737,0.9262812,7.294117999999999,0.0,0.071208,2022-05-06 00:00:00,2025-04-16 00:00:00,65.37999500000001,-84.47921129825772,10.455,2470523904.0,672897984.0,Micro Cap,69.44444444444444,2,3,4,0,0,3.671468725933945
SCAR3.SA,São Carlos Empreendimentos e Participações S.A.,Finance,stock,991643392.0,https://icons.brapi.dev/icons/SCAR3.svg,17.33,0.0,0.64681077,0.0,2.02,1.744967,2025-01-02 00:00:00,2025-01-02 00:00:00,41.07,-48.75815416558667,18.249000000000002,1158237056.0,174438000.0,Micro Cap,50.0,0,0,1,0,0,6.63982077299671
SYNE3.SA,Syn Prop & Tech S.A.,Finance,stock,931128384.0,https://icons.brapi.dev/icons/SYNE3.svg,6.1,1.6666666,0.85266984,0.0,2.31,0.524093,2022-05-17 00:00:00,2025-04-30 00:00:00,78.800005,-12.954198678971874,31.711,1236916992.0,535879008.0,Micro Cap,75.0,1,0,1,0,0,2.308201988759373
LAND3.SA,Terra Santa Propriedades Agrícolas S.A.,Finance,stock,960146880.0,https://icons.brapi.dev/icons/LAND3.svg,9.98,90.72727,1.3159282,0.7128712300000001,0.0,0.204923,2022-04-27 00:00:00,2025-04-25 00:00:00,78.81,-30.59620164848138,1.464,102807000.0,26944000.0,Micro Cap,50.0,0,0,0,0,0,3.815580463182898
PEAB4.SA,Companhia de Participações Aliança da Bahia,Finance,stock,818048000.0,https://icons.brapi.dev/icons/BRAPI.svg,45.65,21.036867,0.9602845,0.0,19.26,0.602088,2022-05-02 00:00:00,2025-05-02 00:00:00,64.94,23.604198806644504,4.047,164106000.0,90000.0,Micro Cap,50.0,0,0,0,0,0,1823.4
BGIP4.SA,Banco do Estado de Sergipe S.A.,Finance,stock,674028608.0,https://icons.brapi.dev/icons/BGIP4.svg,27.57,2.8929696,0.6644654,0.0,8.69,0.0,0,2025-04-11 00:00:00,24.84,-9.557125484074502,19.235,435103008.0,0.0,Micro Cap,50.0,0,0,0,0,0,0.0
MTRE3.SA,Mitre Realty Empreendimentos e Participações S.A.,Finance,stock,420984512.0,https://icons.brapi.dev/icons/MTRE3.svg,3.98,7.107143,0.4221916,14.419751999999999,0.0,0.02775,2024-08-23 00:00:00,2025-07-18 00:00:00,72.0,-72.13286522769835,8.068,632558016.0,95939000.0,Micro Cap,50.0,0,0,3,0,0,6.5933355152753315
RPAD3.SA,Alfa Holdings S.A.,Finance,stock,392154048.0,https://icons.brapi.dev/icons/BRAPI.svg,4.16,0.0,0.37093177,0.0,0.0,0.0007,2022-08-16 00:00:00,2022-08-16 00:00:00,0.0,-21.649126040147205,-11.722000000000001,0.0,0.0,Micro Cap,50.0,0,0,0,0,0,0.0
SNCI11.SA,Suno Recebiveis Imobiliarios Fundo De Investimento Imobiliario,Finance,fund,375186016.0,https://icons.brapi.dev/icons/BRAPI.svg,89.33,15.810619,0.0,0.0,0.0,1.0,2025-06-16 00:00:00,2025-06-16 00:00:00,204.42000000000002,32.3538780726621,0.0,0.0,0.0,Micro Cap,50.0,0,0,0,0,0,0.0
HBRE3.SA,HBR Realty Empreendimentos Imobiliários S.A.,Finance,stock,356182784.0,https://icons.brapi.dev/icons/HBRE3.svg,3.46,9.885715,0.17447431,0.0,0.0,0.0,0,0,0.0,-81.69312112178744,4.269,1570322944.0,78399000.0,Micro Cap,62.5,1,1,1,1,0,20.029884870980496
AVLL3.SA,Alphaville S.A.,Finance,stock,332061024.0,https://icons.brapi.dev/icons/BRAPI.svg,1.7,0.0,-2.936097,0.0,0.0,0.0,0,0,0.0,-91.52272948841413,0.0,667004032.0,167278496.0,Micro Cap,100.0,1,0,0,0,0,3.987386591519809
GFSA3.SA,Gafisa S.A.,Finance,stock,140597056.0,https://icons.brapi.dev/icons/GFSA3.svg,20.84,0.0,0.0702637,0.0,0.0,0.0,0,2016-04-26 00:00:00,0.0,-97.69197849238063,-2.122,1508366976.0,-96714000.0,Micro Cap,50.0,0,0,0,0,0,-15.59615956324834
IRIM11.SA,Iridium Fundo De Investimento Imobiliario,Finance,fund,133248000.0,https://icons.brapi.dev/icons/BRAPI.svg,69.4,88.974365,0.0,0.0,0.0,0.83,2025-06-11 00:00:00,2025-06-11 00:00:00,1177.1601,-6.48156458479,0.0,0.0,0.0,Micro Cap,50.0,0,0,0,0,0,0.0
TCSA3.SA,Tecnisa S.A.,Finance,stock,122207872.0,https://icons.brapi.dev/icons/TCSA3.svg,1.66,0.0,0.3227688,0.0,2.25,0.0,0,2016-05-02 00:00:00,0.0,-87.38601834446195,-30.851,593099008.0,-184612992.0,Micro Cap,37.5,0,0,1,1,0,-3.2126612627566318
RDNI3.SA,RNI Negócios Imobiliários S.A.,Finance,stock,101709472.0,https://icons.brapi.dev/icons/RDNI3.svg,2.41,0.0,0.4611558,0.0,0.0,0.009985,2021-04-26 00:00:00,2023-04-26 00:00:00,0.0,-75.87426228503422,-43.228,564617024.0,-77119000.0,Micro Cap,50.0,0,0,0,0,0,-7.321373773000168
BMIN4.SA,Banco Mercantil de Investimentos S.A.,Finance,stock,94444672.0,https://icons.brapi.dev/icons/BRAPI.svg,17.1,9.94186,0.5904085,0.0,8.91,1.4,2025-02-10 00:00:00,2025-02-10 00:00:00,81.43,23.56292670475686,6.007,0.0,0.0,Micro Cap,50.0,0,0,0,0,0,0.0
PPLA11.SA,PPLA Participations Ltd.,Finance,fund,39686800.0,https://icons.brapi.dev/icons/PPLA11.svg,0.94,188.0,313.33334,0.0,0.0,0.0,0,2017-07-06 00:00:00,0.0,-95.30000001192093,0.0,0.0,0.0,Penny Stock,50.0,0,0,0,0,0,0.0
NEXP3.SA,Nexpe Participações S.A.,Finance,stock,10220017.0,https://icons.brapi.dev/icons/NEXP3.svg,3.85,0.03346662,-0.20146519,0.0,9.89,0.0,0,2014-11-17 00:00:00,0.0,-96.219581292865,0.0,1991000.0,-13757000.0,Micro Cap,50.0,0,0,0,0,0,-0.1447263211455986
PDGR3.SA,PDG Realty S.A. Empreendimentos e Participações,Finance,stock,8313452.0,https://icons.brapi.dev/icons/PDGR3.svg,0.28,0.0,-0.0011611031,0.0,1.92,0.0,0,2012-05-09 00:00:00,0.0,-99.99957182411346,0.0,423281984.0,-129097000.0,Penny Stock,50.0,0,0,0,0,0,-3.278790242995577
RENV11.SA,Cpv Energia Fundo De Investimento Imobiliario Responsabilidade Limitada,Finance,fund,6520116.0,https://icons.brapi.dev/icons/RENV11.svg,6.35,0.0,0.0,0.0,0.0,0.021,2025-03-12 00:00:00,2025-03-12 00:00:00,0.0,-37.156943477696636,0.0,0.0,0.0,Micro Cap,50.0,0,0,0,0,0,0.0
EGYR11.SA,Energy Resort Fundo De Investimento Imobiliario,Finance,fund,2290929.0,https://icons.brapi.dev/icons/BRAPI.svg,3.01,0.11519327,0.0,0.0,0.0,0.0,0,0,0.0,-97.59584659438323,0.0,0.0,0.0,Micro Cap,50.0,0,0,0,0,0,0.0
IGTI11.SA,Iguatemi S.A.,Finance,fund,0.0,https://icons.brapi.dev/icons/IGTI11.svg,23.22,142.45398,6.3425293,0.10349288,0.0,0.34131,2022-05-02 00:00:00,2025-04-22 00:00:00,0.0,15.365659622999473,9.862000499999999,4130287104.0,766497984.0,Micro Cap,81.25,4,7,1,0,0,5.388516591323481
BRBI11.SA,BRBI BR Partners S.A.,Finance,fund,0.0,https://icons.brapi.dev/icons/BRBI11.svg,15.6,35.454548,2.0575047,4.83559,0.0,0.3,2025-05-14 00:00:00,2025-05-14 00:00:00,0.0,6.307908201744872,23.091998999999998,13657199616.0,0.0,Micro Cap,87.5,2,2,0,0,0,0.0
RBIF11.SA,Rio Bravo Esg FICFI Em Infraestrutura Renda Fixa Credito Privado,Finance,fund,0.0,https://icons.brapi.dev/icons/BRAPI.svg,72.5,0.0,0.0,0.0,0.0,0.92,2025-06-02 00:00:00,0,0.0,-3.043610234643823,0.0,0.0,0.0,Micro Cap,50.0,0,0,0,0,0,0.0
TAEE11.SA,Transmissora Aliança de Energia Elétrica S.A.,Industrial Services,fund,12081580032.0,https://icons.brapi.dev/icons/TAEE11.svg,35.07,39.404495,1.6554947,7.841397,8.82,1.518146,2021-12-07 00:00:00,2025-05-13 00:00:00,0.0,48.58657220971976,23.468,10362047488.0,2272766976.0,Mid Cap,28.846153846153843,0,0,5,5,3,4.559221247677967
TAEE3.SA,Transmissora Aliança de Energia Elétrica S.A.,Industrial Services,stock,12021082112.0,https://icons.brapi.dev/icons/TAEE3.svg,11.58,7.1042943,0.54663897,23.714286,8.82,0.506048,2021-12-07 00:00:00,2025-05-13 00:00:00,35.54,46.129948919661935,23.468,10362047488.0,2272766976.0,Mid Cap,50.0,0,0,0,0,0,4.559221247677967
TAEE4.SA,Transmissora Aliança de Energia Elétrica S.A.,Industrial Services,stock,12010656768.0,https://icons.brapi.dev/icons/TAEE4.svg,11.69,7.1717787,0.55183154,23.65285,8.79,0.506048,2021-12-07 00:00:00,2025-05-13 00:00:00,35.54,46.75891828831649,23.468,10362047488.0,2272766976.0,Mid Cap,50.0,0,0,0,0,0,4.559221247677967
LOGG3.SA,LOG Commercial Properties e Participações S.A.,Industrial Services,stock,1808715392.0,https://icons.brapi.dev/icons/LOGG3.svg,20.79,5.14604,0.492549,8.200477000000001,3.64,0.866635,2022-02-15 00:00:00,2025-05-06 00:00:00,42.470002,-35.52111433296747,10.069,2194664960.0,165156000.0,Micro Cap,52.5,1,3,4,0,2,13.288436145220276
PRNR3.SA,Priner Serviços Industriais S.A.,Industrial Services,stock,712024960.0,https://icons.brapi.dev/icons/PRNR3.svg,15.24,69.27273,2.0700896,0.0,0.0,0.039503,2022-05-05 00:00:00,2025-04-30 00:00:00,33.28,54.998311345257434,8.446,672148992.0,146499008.0,Micro Cap,87.5,1,1,0,0,0,4.588078794362894
MELK3.SA,Melnick Desenvolvimento Imobiliário S.A.,Industrial Services,stock,674097600.0,https://icons.brapi.dev/icons/MELK3.svg,3.3,12.692308,0.6224066,11.869436499999999,0.0,0.108054,2025-06-26 00:00:00,2025-06-26 00:00:00,76.199996,-23.37024787348775,8.913,367056992.0,54925000.0,Micro Cap,87.5,1,1,0,0,0,6.682876504324078
AZEV3.SA,Azevedo & Travassos S.A.,Industrial Services,stock,311744320.0,https://icons.brapi.dev/icons/AZEV3.svg,0.46,0.0,0.12651266,0.0,0.0,0.0,0,2015-12-14 00:00:00,0.0,-89.92890194654944,-51.662,144082000.0,-79829000.0,Penny Stock,50.0,0,0,0,0,0,-1.8048829372784327
AZEV4.SA,Azevedo & Travassos S.A.,Industrial Services,stock,311744160.0,https://icons.brapi.dev/icons/AZEV4.svg,0.56,0.0,0.1540154,0.0,0.0,0.0,0,2015-12-14 00:00:00,0.0,-77.0732542835189,-51.662,144082000.0,-79829000.0,Penny Stock,50.0,0,0,0,0,0,-1.8048829372784327
AZTE3.SA,Azevedo & Travassos Energia S.A.,Industrial Services,stock,114599296.0,https://icons.brapi.dev/icons/AZTE3.svg,0.58,0.0,0.0,0.0,0.0,0.0,0,0,0.0,-34.83146150189509,0.0,0.0,0.0,Penny Stock,50.0,0,0,0,0,0,0.0
INEP3.SA,Inepar S.A. Indústria e Construções,Industrial Services,stock,90617600.0,https://icons.brapi.dev/icons/INEP3.svg,2.19,0.0,-0.058117937,0.0,0.0,0.516825,2011-05-03 00:00:00,2011-05-03 00:00:00,0.0,28.823529164271378,0.0,927512000.0,-66140000.0,Micro Cap,50.0,0,0,0,0,0,-14.023465376474146
INEP4.SA,Inepar S.A. Indústria e Construções,Industrial Services,stock,90617728.0,https://icons.brapi.dev/icons/INEP4.svg,1.63,0.0,-0.04325673,0.0,0.0,0.0,0,2011-05-03 00:00:00,0.0,5.161293250092935,0.0,927512000.0,-66140000.0,Micro Cap,50.0,0,0,0,0,0,-14.023465376474146
OSXB3.SA,OSX Brasil S.A.,Industrial Services,stock,8814512.0,https://icons.brapi.dev/icons/OSXB3.svg,2.8,0.0,-0.0010219198,0.0,0.0,0.0,0,0,0.0,-37.77777883741591,0.0,7918875136.0,5320000.0,Micro Cap,50.0,0,0,0,0,0,1488.5103639097745
ELET3.SA,Centrais Elétricas Brasileiras S.A. - Eletrobrás,Utilities,stock,92056682496.0,https://icons.brapi.dev/icons/ELET3.svg,40.43,9.626191,0.7479973,4.808553,3.04,0.96313,2021-04-28 00:00:00,2025-04-30 00:00:00,30.159999999999997,39.05289056924992,8.2770005,74860232704.0,16630330368.0,Blue Chip,85.41666666666667,5,7,0,0,0,4.501427875903517
ELET6.SA,Centrais Elétricas Brasileiras S.A. - Eletrobrás,Utilities,stock,92056576000.0,https://icons.brapi.dev/icons/ELET6.svg,44.73,10.650001,0.8275518,4.354875,5.11,1.05945,2021-04-28 00:00:00,2025-04-30 00:00:00,86.81,50.40997898041984,8.2770005,74860232704.0,16630330368.0,Blue Chip,83.33333333333333,3,6,0,0,0,4.501427875903517
SBSP3.SA,Companhia de Saneamento Básico do Estado de São Paulo - SABESP,Utilities,stock,82390294528.0,https://icons.brapi.dev/icons/SBSP3.svg,120.54,8.597717,2.1456797,3.1310335,1.93,1.4404,2024-04-26 00:00:00,2025-04-30 00:00:00,10.27,120.71472711008072,29.643000000000004,27638321152.0,18849085440.0,Blue Chip,83.33333333333333,6,8,1,0,0,1.466295075163074
CPFE3.SA,CPFL Energia S.A.,Utilities,stock,46873530368.0,https://icons.brapi.dev/icons/CPFE3.svg,40.68,8.7672415,2.1067896,6.837983,8.97,0.783358,2023-08-18 00:00:00,2025-04-30 00:00:00,59.349996000000004,91.09751234072286,24.97,31084048384.0,13065982976.0,Mid Cap,56.81818181818181,2,1,7,0,1,2.3790057312255906
EQTL3.SA,Equatorial S.A.,Utilities,stock,45219586048.0,https://icons.brapi.dev/icons/EQTL3.svg,36.13,14.746939,1.6887124,2.1941045,1.82,0.0,0,2025-05-02 00:00:00,21.85,51.034435963599975,13.803001,54542045184.0,11168422912.0,Mid Cap,85.0,6,9,0,0,0,4.883594184582397
EGIE3.SA,Engie Brasil Energia S.A.,Utilities,stock,37532688384.0,https://icons.brapi.dev/icons/EGIE3.svg,46.0,11.165049,3.1062193,5.1222198,5.18,0.673831,2022-05-12 00:00:00,2025-05-07 00:00:00,35.160000000000004,20.49101595009464,27.628999999999998,27015497728.0,6790253056.0,Mid Cap,34.61538461538461,0,0,7,4,2,3.978570092336777
CPLE3.SA,Companhia Paranaense de Energia - COPEL,Utilities,stock,35835191296.0,https://icons.brapi.dev/icons/CPLE3.svg,11.61,14.696201,1.312161,6.998285,5.46,0.153952,2024-10-01 00:00:00,2025-04-25 00:00:00,24.75,116.12013073758871,9.5769994,19138037760.0,5468179968.0,Mid Cap,83.33333333333333,1,2,0,0,0,3.499891713878573
CPLE6.SA,Companhia Paranaense de Energia - COPEL,Utilities,stock,35835179008.0,https://icons.brapi.dev/icons/CPLE6.svg,12.42,15.7215185,1.4037071,6.548957,6.2,0.0,0,2025-04-25 00:00:00,27.229999999999997,104.13224999398496,9.5769994,19138037760.0,5468179968.0,Mid Cap,85.71428571428572,6,8,0,0,0,3.499891713878573
CMIG4.SA,Companhia Energética de Minas Gerais - CEMIG,Utilities,stock,35858481152.0,https://icons.brapi.dev/icons/CMIG4.svg,10.98,4.481632,1.1252304,12.129629,7.68,0.208607,2025-06-24 00:00:00,2025-06-24 00:00:00,38.47,259.82607758065006,26.266000000000002,15659601920.0,9290428416.0,Mid Cap,35.714285714285715,0,0,9,2,3,1.685562949177994
CMIG3.SA,Companhia Energética de Minas Gerais - CEMIG,Utilities,stock,35858501632.0,https://icons.brapi.dev/icons/CMIG3.svg,15.63,6.379592,1.6017627,8.573298,6.57,0.208607,2025-06-24 00:00:00,2025-06-24 00:00:00,36.180001,332.99408832734434,26.266000000000002,15659601920.0,9290428416.0,Mid Cap,50.0,0,0,0,0,0,1.685562949177994
NEOE3.SA,Neoenergia S.A.,Utilities,stock,30964037632.0,https://icons.brapi.dev/icons/NEOE3.svg,25.51,8.857638,0.91541964,0.0,4.06,0.131817,2022-01-06 00:00:00,2025-06-18 00:00:00,23.400000000000002,39.59813075723078,10.8780004,52023001088.0,13208999936.0,Mid Cap,79.16666666666667,4,6,2,0,0,3.938451157548707
ENEV3.SA,Eneva S.A.,Utilities,stock,26185768960.0,https://icons.brapi.dev/icons/ENEV3.svg,13.7,52.69231,1.3825815,0.0,0.0,0.0,0,2009-04-29 00:00:00,0.0,18.154372520559935,5.351999999999999,23378642944.0,3819828992.0,Mid Cap,77.77777777777779,3,4,2,0,0,6.120337583950145
ENGI4.SA,Energisa S.A.,Utilities,stock,23384674304.0,https://icons.brapi.dev/icons/ENGI4.svg,9.18,5.7375,1.1663067,6.380637999999999,5.16,0.38,2025-02-26 00:00:00,2025-02-26 00:00:00,36.169996999999995,34.93149715227371,21.505,38014935040.0,8365734912.0,Mid Cap,50.0,0,0,0,0,0,4.544123790663091
ENGI3.SA,Energisa S.A.,Utilities,stock,23384657920.0,https://icons.brapi.dev/icons/ENGI3.svg,11.89,7.43125,1.5106087,4.734693999999999,2.79,0.38,2025-02-26 00:00:00,2025-02-26 00:00:00,36.169996999999995,6.539293063255824,21.505,38014935040.0,8365734912.0,Mid Cap,50.0,0,0,1,0,0,4.544123790663091
ENGI11.SA,Energisa S.A.,Utilities,fund,22029092864.0,https://icons.brapi.dev/icons/ENGI11.svg,48.19,34.920288,6.1224747,1.2003310999999999,4.42,1.9,2025-02-26 00:00:00,2025-02-26 00:00:00,0.0,27.415265400413368,21.505,38014935040.0,8365734912.0,Mid Cap,84.61538461538461,6,6,1,0,0,4.544123790663091
ISAE4.SA,ISA Energía Brasil S.A.,Utilities,stock,17165054976.0,https://icons.brapi.dev/icons/ISAE4.svg,23.1,4.2698708,0.7455461,10.185505000000001,7.85,0.668903,2025-03-12 00:00:00,2025-03-12 00:00:00,43.59,65.03353766324516,18.391001000000003,14952062976.0,4745963008.0,Mid Cap,44.642857142857146,1,2,6,3,2,3.1504803031115407
ENMT3.SA,Energisa Mato Grosso - Distribuidora de Energia S/A,Utilities,stock,15876760576.0,https://icons.brapi.dev/icons/BRAPI.svg,65.9,15.361306,3.5899112,5.6221545,0.0,2.4,2025-02-26 00:00:00,2025-05-06 00:00:00,86.36,157.29568087113566,25.674999999999997,7359677952.0,2053036032.0,Mid Cap,50.0,0,0,0,0,0,3.58477778143545
ISAE3.SA,ISA Energía Brasil S.A.,Utilities,stock,17165048832.0,https://icons.brapi.dev/icons/ISAE3.svg,30.64,5.6531363,0.9888975,7.789509,6.14,0.668903,2025-03-12 00:00:00,2025-03-12 00:00:00,43.59,68.30362699381567,18.391001000000003,14952062976.0,4745963008.0,Mid Cap,50.0,0,0,0,0,0,3.1504803031115407
CGAS3.SA,Companhia de Gás de São Paulo - COMGÁS,Utilities,stock,16731875328.0,https://icons.brapi.dev/icons/BRAPI.svg,125.0,9.6302,11.663712,0.0,8.39,4.40755,2022-03-25 00:00:00,2025-04-17 00:00:00,71.16000700000001,-23.85052356018509,153.95600000000002,8834754560.0,3807972096.0,Mid Cap,50.0,0,0,0,0,0,2.3200680932720785
CGAS5.SA,Companhia de Gás de São Paulo - COMGÁS,Utilities,stock,16731879424.0,https://icons.brapi.dev/icons/CGAS5.svg,130.82,10.078584,12.206775,0.0,9.3,4.848305,2022-03-25 00:00:00,2025-04-17 00:00:00,78.279996,-19.53832483488943,153.95600000000002,8834754560.0,3807972096.0,Mid Cap,50.0,0,0,0,0,0,2.3200680932720785
ALUP11.SA,Alupar Investimento S.A.,Utilities,fund,14478971904.0,https://icons.brapi.dev/icons/ALUP11.svg,31.33,7.507788,1.2122736,2.7269788,4.18,0.21,2025-05-16 00:00:00,2025-05-16 00:00:00,0.0,63.46191565968795,16.724001,12629525504.0,2999671040.0,Mid Cap,73.07692307692308,3,6,4,0,0,4.210303508480717
REDE3.SA,Rede Energia Participações S.A.,Utilities,stock,14012524544.0,https://icons.brapi.dev/icons/BRAPI.svg,6.64,10.539682,3.3705583,7.851851999999999,10.06,0.05,2025-06-23 00:00:00,2025-06-23 00:00:00,96.230006,9.230477187056675,29.656,16451375104.0,4398628864.0,Mid Cap,50.0,0,0,0,0,0,3.7401143885186854
CSAN3.SA,Cosan S.A.,Utilities,stock,13140585472.0,https://icons.brapi.dev/icons/CSAN3.svg,7.07,0.0,1.6650966,0.0,3.07,0.42811,2022-05-06 00:00:00,2024-06-06 00:00:00,37.830000000000005,-60.278597794677246,-24.820999999999998,67072561152.0,13367583744.0,Mid Cap,71.15384615384616,2,7,4,0,0,5.017553092353382
EQPA3.SA,Equatorial Pará Distribuidora de Energia S.A.,Utilities,stock,12459888640.0,https://icons.brapi.dev/icons/EQPA3.svg,5.64,6.409091,2.3133717,13.433628,8.74,0.6587,2025-04-30 00:00:00,2025-04-30 00:00:00,86.45,121.20343877052275,37.075,6888598016.0,3027226880.0,Mid Cap,50.0,0,0,0,0,0,2.275547320721465
SAPR3.SA,Companhia de Saneamento do Paraná - SANEPAR,Utilities,stock,11339072512.0,https://icons.brapi.dev/icons/SAPR3.svg,7.77,5.285714,0.97551787,3.6692217,5.36,0.260783,2025-07-01 00:00:00,2025-07-01 00:00:00,19.5,58.291858498100964,21.426001,6609243136.0,2089213056.0,Mid Cap,50.0,0,0,0,0,0,3.1635084401846663
SAPR11.SA,Companhia de Saneamento do Paraná - SANEPAR,Utilities,fund,11252431872.0,https://icons.brapi.dev/icons/SAPR11.svg,37.23,46.019775,4.6741996,0.76166205,5.67,1.408227,2025-07-01 00:00:00,2025-07-01 00:00:00,0.0,62.81852820014644,21.426001,6609243136.0,2089213056.0,Mid Cap,44.44444444444444,0,0,8,0,1,3.1635084401846663
SAPR4.SA,Companhia de Saneamento do Paraná - SANEPAR,Utilities,stock,11339113472.0,https://icons.brapi.dev/icons/SAPR4.svg,7.37,5.013605,0.92529815,3.8461009999999995,5.74,0.286861,2025-07-01 00:00:00,2025-07-01 00:00:00,21.450001,63.022001522001794,21.426001,6609243136.0,2089213056.0,Mid Cap,50.0,0,0,0,0,0,3.1635084401846663
AURE3.SA,Auren Energia S.A.,Utilities,stock,10522947584.0,https://icons.brapi.dev/icons/AURE3.svg,10.07,167.83333,0.7941014,0.0,0.0,0.4,2024-03-04 00:00:00,2025-04-25 00:00:00,0.0,-22.130232060781594,0.53899996,26161764352.0,2616798976.0,Mid Cap,50.0,1,2,7,0,2,9.997620983477487
CSMG3.SA,Companhia de Saneamento de Minas Gerais,Utilities,stock,10579149824.0,https://icons.brapi.dev/icons/CSMG3.svg,27.9,7.6021795,1.2751954,7.4150875,6.39,0.428983,2021-09-27 00:00:00,2025-06-24 00:00:00,64.71000000000001,73.3313244346151,17.37,6071500800.0,2863507968.0,Mid Cap,55.769230769230774,1,3,8,0,1,2.1203016956298546
ALUP4.SA,Alupar Investimento S.A.,Utilities,stock,10868120576.0,https://icons.brapi.dev/icons/ALUP4.svg,10.06,8.672415,0.38925865,8.465396,4.2,0.07,2025-05-16 00:00:00,2025-05-16 00:00:00,17.45,79.60787612208367,16.724001,12629525504.0,2999671040.0,Mid Cap,50.0,0,0,0,0,0,4.210303508480717
ALUP3.SA,Alupar Investimento S.A.,Utilities,stock,10868089856.0,https://icons.brapi.dev/icons/ALUP3.svg,11.43,9.853449,0.44226903,7.679709,4.12,0.07,2025-05-16 00:00:00,2025-05-16 00:00:00,17.45,45.20795152846837,16.724001,12629525504.0,2999671040.0,Mid Cap,50.0,0,0,0,0,0,4.210303508480717
EKTR4.SA,Elektro Redes S.A.,Utilities,stock,8105895424.0,https://icons.brapi.dev/icons/BRAPI.svg,47.99,10.501094,4.069363,0.0,9.5,0.161774,2025-07-03 00:00:00,2025-07-03 00:00:00,247.03999,320.1240790065464,33.731997,7283999744.0,2567000064.0,Small Cap,50.0,0,0,0,0,0,2.837553393999448
SRNA3.SA,Serena Energia S.A.,Utilities,stock,7260541952.0,https://icons.brapi.dev/icons/SRNA3.svg,11.66,0.0,1.3337909,0.0,0.0,0.0,0,0,0.0,-1.1864435683033303,0.11800000000000001,11982900224.0,1586119936.0,Small Cap,84.375,3,5,0,0,0,7.554851277022219
ORVR3.SA,Orizon Valorização de Resíduos S.A.,Utilities,stock,5183161856.0,https://icons.brapi.dev/icons/ORVR3.svg,53.92,154.05714,5.7947335,0.0,0.0,0.0,0,0,0.0,145.809019829246,4.901,2038194048.0,362257984.0,Small Cap,81.25,2,6,0,0,0,5.626360599411937
EQMA3B.SA,Equatorial Maranhão Distribuidora de Energia S.A.,Utilities,stock,4531478528.0,https://icons.brapi.dev/icons/BRAPI.svg,27.6,6.216216,1.0710129,0.0,10.14,2.38,2024-04-30 00:00:00,2025-04-30 00:00:00,53.650003999999996,-18.514223609464175,17.879,4370729984.0,1473756032.0,Small Cap,50.0,0,0,0,0,0,2.965707952400089
CLSC4.SA,Centrais Elétricas de Santa Catarina S.A.,Utilities,stock,3772128768.0,https://icons.brapi.dev/icons/CLSC4.svg,102.9,5.710322,1.027223,0.0,6.35,1.57883,2025-06-26 00:00:00,2025-06-26 00:00:00,38.459998,207.4647573148298,21.089001,4228772096.0,1548669952.0,Small Cap,50.0,0,0,0,0,0,2.730583163016002
GEPA4.SA,Rio Paranapanema Energia S.A.,Utilities,stock,3387005952.0,https://icons.brapi.dev/icons/BRAPI.svg,35.8,198.88887,1.9984369,8.261354,7.79,2.939902,2021-05-03 00:00:00,2025-05-02 00:00:00,3345.98,-11.012189988861298,24.94,634192000.0,854051968.0,Small Cap,50.0,0,0,0,0,0,0.7425683960252873
LIGT3.SA,Light S.A.,Utilities,stock,3540347392.0,https://icons.brapi.dev/icons/LIGT3.svg,7.02,1.078341,0.46373367,0.0,7.04,0.0,0,2022-04-28 00:00:00,0.0,-56.436301155511615,57.773995,10278062080.0,2815024128.0,Small Cap,37.5,0,0,1,1,0,3.651145287803373
COCE5.SA,Companhia Energética do Ceará - COELCE,Utilities,stock,2159917824.0,https://icons.brapi.dev/icons/COCE5.svg,28.88,11.598393,0.434534,0.0,3.33,1.502787,2021-11-01 00:00:00,2025-04-30 00:00:00,39.660000000000004,-45.84795132986812,7.832999999999999,5965427200.0,1750834048.0,Small Cap,50.0,0,0,0,0,0,3.407191679196771
CEBR3.SA,Companhia Energética de Brasília - CEB,Utilities,stock,1469338240.0,https://icons.brapi.dev/icons/CEBR3.svg,19.32,8.049999,1.2489495,5.952381,34.82,11.583168,2021-10-15 00:00:00,2025-05-02 00:00:00,64.97,192.09592304010056,17.459999,3033000.0,148971008.0,Micro Cap,50.0,0,0,0,0,0,0.020359666224450866
CEBR5.SA,Companhia Energética de Brasília - CEB,Utilities,stock,1469339648.0,https://icons.brapi.dev/icons/CEBR5.svg,19.6,8.166666,1.2670503,5.882353,36.22,11.583168,2021-10-15 00:00:00,2025-05-02 00:00:00,64.97,128.2348556586327,17.459999,3033000.0,148971008.0,Micro Cap,50.0,0,0,0,0,0,0.020359666224450866
CEBR6.SA,Companhia Energética de Brasília - CEB,Utilities,stock,1469338240.0,https://icons.brapi.dev/icons/CEBR6.svg,21.85,9.104166,1.4125024,5.463183,38.78,12.741486,2021-10-15 00:00:00,2025-05-02 00:00:00,71.47,197.3231697611949,17.459999,3033000.0,148971008.0,Micro Cap,50.0,0,0,0,0,0,0.020359666224450866
EMAE4.SA,Empresa Metropolitana de Águas e Energia S.A.,Utilities,stock,687268544.0,https://icons.brapi.dev/icons/EMAE4.svg,30.9,16.702702,0.9271762,2.7517218,5.51,0.79314,2024-04-09 00:00:00,2024-09-24 00:00:00,88.24,21.963174730129033,5.686999999999999,0.0,3465000.0,Micro Cap,50.0,0,0,0,0,0,0.0
RNEW11.SA,Renova Energia S.A.,Utilities,fund,476280032.0,https://icons.brapi.dev/icons/RNEW11.svg,2.88,0.0,0.15789475,0.0,0.0,0.0,0,2016-05-02 00:00:00,0.0,-67.62394707303187,-13.831,1172580992.0,26616000.0,Micro Cap,50.0,0,0,0,0,0,44.05549263600842
AFLT3.SA,Afluente Transmissão de Energia Elétrica S.A.,Utilities,stock,442223776.0,https://icons.brapi.dev/icons/BRAPI.svg,7.01,14.604168,1.7194015,3.0527816999999997,3.29,0.017041,2025-07-03 00:00:00,2025-07-03 00:00:00,44.59,-21.11227925873521,11.813,28902000.0,39421000.0,Micro Cap,50.0,0,0,0,0,0,0.7331625275868192
RNEW4.SA,Renova Energia S.A.,Utilities,stock,351703136.0,https://icons.brapi.dev/icons/RNEW4.svg,0.92,0.0,0.050438598,0.0,0.0,0.69166,2016-05-02 00:00:00,2016-05-02 00:00:00,0.0,-84.56375820803957,-13.831,1172580992.0,26616000.0,Penny Stock,50.0,0,0,0,0,0,44.05549263600842
RNEW3.SA,Renova Energia S.A.,Utilities,stock,351703296.0,https://icons.brapi.dev/icons/RNEW3.svg,0.95,0.0,0.052083332,0.0,0.0,0.0,0,2016-05-02 00:00:00,0.0,-86.98630187318615,-13.831,1172580992.0,26616000.0,Penny Stock,50.0,0,0,0,0,0,44.05549263600842
