Date,Fechamento,Ano,Ticker,Dividendos
2018-12-31 00:00:00-02:00,15.503433227539062,2018,BBAS3.SA,0.51632
2019-12-31 00:00:00-03:00,18.5493221282959,2019,BBAS3.SA,1.277116
2020-12-31 00:00:00-03:00,14.174948692321777,2020,BBAS3.SA,0.738455
2021-12-31 00:00:00-03:00,11.355131149291992,2021,BBAS3.SA,1.1331339999999999
2022-12-31 00:00:00-03:00,14.910528182983398,2022,BBAS3.SA,1.588072
2023-12-31 00:00:00-03:00,25.13009262084961,2023,BBAS3.SA,1.231954
2024-12-31 00:00:00-03:00,23.770780563354492,2024,BBAS3.SA,2.188257
2025-12-31 00:00:00-03:00,18.93000030517578,2025,BBAS3.SA,0.44197
2018-12-31 00:00:00-02:00,7.212642669677734,2018,B3SA3.SA,0.234043
2019-12-31 00:00:00-03:00,11.80165958404541,2019,B3SA3.SA,0.26807800000000004
2020-12-31 00:00:00-03:00,17.586984634399414,2020,B3SA3.SA,0.53636
2021-12-31 00:00:00-03:00,9.90787410736084,2021,B3SA3.SA,0.719108
2022-12-31 00:00:00-03:00,12.186467170715332,2022,B3SA3.SA,0.469106
2023-12-31 00:00:00-03:00,13.839635848999023,2023,B3SA3.SA,0.382003
2024-12-31 00:00:00-03:00,10.148508071899414,2024,B3SA3.SA,0.40162
2025-12-31 00:00:00-03:00,12.880000114440918,2025,B3SA3.SA,0.19968199999999997
2018-12-31 00:00:00-02:00,16.55252456665039,2018,BBDC4.SA,0.596496
2019-12-31 00:00:00-03:00,19.675878524780273,2019,BBDC4.SA,1.506554
2020-12-31 00:00:00-03:00,16.682065963745117,2020,BBDC4.SA,0.573779
2021-12-31 00:00:00-03:00,13.569994926452637,2021,BBDC4.SA,0.925011
2022-12-31 00:00:00-03:00,12.037251472473145,2022,BBDC4.SA,0.41738400000000003
2023-12-31 00:00:00-03:00,14.947124481201172,2023,BBDC4.SA,1.500049
2024-12-31 00:00:00-03:00,10.74498176574707,2024,BBDC4.SA,0.820283
2025-12-31 00:00:00-03:00,15.960000038146973,2025,BBDC4.SA,0.970761
2018-12-31 00:00:00-02:00,23.273977279663086,2018,ITUB4.SA,0.278182
2019-12-31 00:00:00-03:00,25.570144653320312,2019,ITUB4.SA,1.650777
2020-12-31 00:00:00-03:00,22.361886978149414,2020,ITUB4.SA,0.709141
2021-12-31 00:00:00-03:00,15.339146614074707,2021,ITUB4.SA,0.8242659999999999
2022-12-31 00:00:00-03:00,19.048200607299805,2022,ITUB4.SA,0.925576
2023-12-31 00:00:00-03:00,27.106985092163086,2023,ITUB4.SA,1.142395
2024-12-31 00:00:00-03:00,26.31145477294922,2024,ITUB4.SA,2.193872
2025-12-31 00:00:00-03:00,37.029998779296875,2025,ITUB4.SA,1.9108209999999999
2018-12-31 00:00:00-02:00,7.125950813293457,2018,MOVI3.SA,0.366274
2019-12-31 00:00:00-03:00,16.269704818725586,2019,MOVI3.SA,0.235805
2020-12-31 00:00:00-03:00,17.68930435180664,2020,MOVI3.SA,0.133723
2021-12-31 00:00:00-03:00,13.906893730163574,2021,MOVI3.SA,0.520694
2022-12-31 00:00:00-03:00,7.191954135894775,2022,MOVI3.SA,0.8467
2023-12-31 00:00:00-03:00,11.349373817443848,2023,MOVI3.SA,0.120779
2024-12-31 00:00:00-03:00,3.5280210971832275,2024,MOVI3.SA,0.15371
2025-12-31 00:00:00-03:00,7.519999980926514,2025,MOVI3.SA,0.023924
2018-12-31 00:00:00-02:00,7.161428928375244,2018,CSAN3.SA,0.277158
2019-12-31 00:00:00-03:00,15.215497016906738,2019,CSAN3.SA,0.249943
2020-12-31 00:00:00-03:00,16.915447235107422,2020,CSAN3.SA,0.374438
2021-12-31 00:00:00-03:00,19.942279815673828,2021,CSAN3.SA,0.6322669999999999
2022-12-31 00:00:00-03:00,16.100454330444336,2022,CSAN3.SA,0.42811
2023-12-31 00:00:00-03:00,18.701824188232422,2023,CSAN3.SA,0.42858
2024-12-31 00:00:00-03:00,8.15999984741211,2024,CSAN3.SA,0.451477
2025-12-31 00:00:00-03:00,5.800000190734863,2025,CSAN3.SA,0.0
2018-12-31 00:00:00-02:00,19.366535186767578,2018,ELET3.SA,0.0
2019-12-31 00:00:00-03:00,31.03058624267578,2019,ELET3.SA,0.858499
2020-12-31 00:00:00-03:00,31.386343002319336,2020,ELET3.SA,1.625384
2021-12-31 00:00:00-03:00,30.770526885986328,2021,ELET3.SA,2.3982590000000004
2022-12-31 00:00:00-03:00,39.55521774291992,2022,ELET3.SA,0.773505
2023-12-31 00:00:00-03:00,40.10588073730469,2023,ELET3.SA,0.220929
2024-12-31 00:00:00-03:00,33.43416213989258,2024,ELET3.SA,1.2667739999999998
2025-12-31 00:00:00-03:00,44.279998779296875,2025,ELET3.SA,0.895233
2018-12-31 00:00:00-02:00,6.261933326721191,2018,ITSA4.SA,0.69211
2019-12-31 00:00:00-03:00,7.813591957092285,2019,ITSA4.SA,0.6848719999999999
2020-12-31 00:00:00-03:00,6.738489627838135,2020,ITSA4.SA,0.32625899999999997
2021-12-31 00:00:00-03:00,5.597275257110596,2021,ITSA4.SA,0.306884
2022-12-31 00:00:00-03:00,6.269176006317139,2022,ITSA4.SA,0.523279
2023-12-31 00:00:00-03:00,8.584758758544922,2023,ITSA4.SA,0.531577
2024-12-31 00:00:00-03:00,8.18371295928955,2024,ITSA4.SA,0.633996
2025-12-31 00:00:00-03:00,10.90999984741211,2025,ITSA4.SA,0.731179
2018-12-31 00:00:00-02:00,1.8991093635559082,2018,CPLE6.SA,0.218091
2019-12-31 00:00:00-03:00,4.493834972381592,2019,CPLE6.SA,0.284493
2020-12-31 00:00:00-03:00,5.082388401031494,2020,CPLE6.SA,0.309929
2021-12-31 00:00:00-03:00,5.202178001403809,2021,CPLE6.SA,1.201984
2022-12-31 00:00:00-03:00,7.290799617767334,2022,CPLE6.SA,0.992572
2023-12-31 00:00:00-03:00,9.922026634216309,2023,CPLE6.SA,0.334427
2024-12-31 00:00:00-03:00,9.149999618530273,2024,CPLE6.SA,0.424496
2025-12-31 00:00:00-03:00,12.3100004196167,2025,CPLE6.SA,0.0
2021-12-31 00:00:00-03:00,10.667731285095215,2021,VAMO3.SA,0.193446
2022-12-31 00:00:00-03:00,11.54282283782959,2022,VAMO3.SA,0.258962
2023-12-31 00:00:00-03:00,9.603437423706055,2023,VAMO3.SA,0.33635099999999996
2024-12-31 00:00:00-03:00,4.75,2024,VAMO3.SA,0.268262
2025-12-31 00:00:00-03:00,4.139999866485596,2025,VAMO3.SA,0.0
2018-12-31 00:00:00-02:00,5.036520957946777,2018,BPAC11.SA,0.339685
2019-12-31 00:00:00-03:00,16.77276039123535,2019,BPAC11.SA,0.351916
2020-12-31 00:00:00-03:00,21.146459579467773,2020,BPAC11.SA,0.302467
2021-12-31 00:00:00-03:00,19.189729690551758,2021,BPAC11.SA,0.393351
2022-12-31 00:00:00-03:00,22.567642211914062,2022,BPAC11.SA,0.6566190000000001
2023-12-31 00:00:00-03:00,36.38928985595703,2023,BPAC11.SA,0.780036
2024-12-31 00:00:00-03:00,27.048959732055664,2024,BPAC11.SA,0.858204
2025-12-31 00:00:00-03:00,40.7599983215332,2025,BPAC11.SA,0.148376
2018-12-31 00:00:00-02:00,24.534461975097656,2018,RENT3.SA,0.255801
2019-12-31 00:00:00-03:00,41.47174835205078,2019,RENT3.SA,0.39245
2020-12-31 00:00:00-03:00,60.769248962402344,2020,RENT3.SA,0.345117
2021-12-31 00:00:00-03:00,47.06804275512695,2021,RENT3.SA,0.440462
2022-12-31 00:00:00-03:00,48.44411087036133,2022,RENT3.SA,1.308586
2023-12-31 00:00:00-03:00,59.58843231201172,2023,RENT3.SA,1.502569
2024-12-31 00:00:00-03:00,31.38126564025879,2024,RENT3.SA,1.5849410000000002
2025-12-31 00:00:00-03:00,35.400001525878906,2025,RENT3.SA,0.9625790000000001
2018-12-31 00:00:00-02:00,3.493534564971924,2018,CMIG4.SA,0.328424
2019-12-31 00:00:00-03:00,3.6609621047973633,2019,CMIG4.SA,0.369615
2020-12-31 00:00:00-03:00,4.144582748413086,2020,CMIG4.SA,0.17448999999999998
2021-12-31 00:00:00-03:00,4.629549980163574,2021,CMIG4.SA,0.810095
2022-12-31 00:00:00-03:00,6.109500408172607,2022,CMIG4.SA,1.506473
2023-12-31 00:00:00-03:00,7.03218412399292,2023,CMIG4.SA,0.992866
2024-12-31 00:00:00-03:00,10.056750297546387,2024,CMIG4.SA,1.384902
2025-12-31 00:00:00-03:00,10.670000076293945,2025,CMIG4.SA,1.056537
2018-12-31 00:00:00-02:00,4.022500038146973,2018,ENEV3.SA,0.0
2019-12-31 00:00:00-03:00,10.922499656677246,2019,ENEV3.SA,0.0
2020-12-31 00:00:00-03:00,15.524999618530273,2020,ENEV3.SA,0.0
2021-12-31 00:00:00-03:00,14.149999618530273,2021,ENEV3.SA,0.0
2022-12-31 00:00:00-03:00,11.930000305175781,2022,ENEV3.SA,0.0
2023-12-31 00:00:00-03:00,13.609999656677246,2023,ENEV3.SA,0.0
2024-12-31 00:00:00-03:00,10.529999732971191,2024,ENEV3.SA,0.0
2025-12-31 00:00:00-03:00,14.100000381469727,2025,ENEV3.SA,0.0
2018-12-31 00:00:00-02:00,13.090422630310059,2018,EQTL3.SA,0.24028100000000002
2019-12-31 00:00:00-03:00,20.238685607910156,2019,EQTL3.SA,0.188489
2020-12-31 00:00:00-03:00,20.83413314819336,2020,EQTL3.SA,0.317424
2021-12-31 00:00:00-03:00,20.937318801879883,2021,EQTL3.SA,0.714276
2022-12-31 00:00:00-03:00,25.65715789794922,2022,EQTL3.SA,0.634912
2023-12-31 00:00:00-03:00,34.39634704589844,2023,EQTL3.SA,0.347628
2024-12-31 00:00:00-03:00,26.790538787841797,2024,EQTL3.SA,0.447184
2025-12-31 00:00:00-03:00,35.599998474121094,2025,EQTL3.SA,0.789294
2018-12-31 00:00:00-02:00,14.504446029663086,2018,TEND3.SA,0.249945
2019-12-31 00:00:00-03:00,28.026254653930664,2019,TEND3.SA,0.585005
2020-12-31 00:00:00-03:00,28.476930618286133,2020,TEND3.SA,0.48324100000000003
2021-12-31 00:00:00-03:00,15.870742797851562,2021,TEND3.SA,0.174028
2022-12-31 00:00:00-03:00,4.008050918579102,2022,TEND3.SA,0.0
2023-12-31 00:00:00-03:00,14.386154174804688,2023,TEND3.SA,0.0
2024-12-31 00:00:00-03:00,12.225350379943848,2024,TEND3.SA,0.170623
2025-12-31 00:00:00-03:00,21.5,2025,TEND3.SA,0.407903
2018-12-31 00:00:00-02:00,2.001723527908325,2018,CPLE3.SA,0.198316
2019-12-31 00:00:00-03:00,4.840624809265137,2019,CPLE3.SA,0.25867
2020-12-31 00:00:00-03:00,5.101069927215576,2020,CPLE3.SA,0.281832
2021-12-31 00:00:00-03:00,4.939327239990234,2021,CPLE3.SA,0.6567449999999999
2022-12-31 00:00:00-03:00,6.33886194229126,2022,CPLE3.SA,0.902585
2023-12-31 00:00:00-03:00,9.084717750549316,2023,CPLE3.SA,0.304025
2024-12-31 00:00:00-03:00,8.239999771118164,2024,CPLE3.SA,0.385905
2025-12-31 00:00:00-03:00,11.489999771118164,2025,CPLE3.SA,0.0
2018-12-31 00:00:00-02:00,16.958051681518555,2018,BBSE3.SA,1.7456770000000001
2019-12-31 00:00:00-03:00,24.35610008239746,2019,BBSE3.SA,1.5827110000000002
2020-12-31 00:00:00-03:00,20.806888580322266,2020,BBSE3.SA,2.786096
2021-12-31 00:00:00-03:00,15.181889533996582,2021,BBSE3.SA,0.996995
2022-12-31 00:00:00-03:00,26.55355453491211,2022,BBSE3.SA,1.966093
2023-12-31 00:00:00-03:00,29.393842697143555,2023,BBSE3.SA,3.486214
2024-12-31 00:00:00-03:00,34.07404327392578,2024,BBSE3.SA,2.6521980000000003
2025-12-31 00:00:00-03:00,34.470001220703125,2025,BBSE3.SA,2.320161
2022-12-31 00:00:00-03:00,11.537798881530762,2022,AURE3.SA,0.086049
2023-12-31 00:00:00-03:00,12.80996036529541,2023,AURE3.SA,3.0
2024-12-31 00:00:00-03:00,8.71170425415039,2024,AURE3.SA,0.4
2025-12-31 00:00:00-03:00,9.739999771118164,2025,AURE3.SA,0.057033
2018-12-31 00:00:00-02:00,20.067087173461914,2018,ELET6.SA,0.0
2019-12-31 00:00:00-03:00,28.40837860107422,2019,ELET6.SA,1.471306
2020-12-31 00:00:00-03:00,28.754060745239258,2020,ELET6.SA,1.787923
2021-12-31 00:00:00-03:00,27.748327255249023,2021,ELET6.SA,2.6380920000000003
2022-12-31 00:00:00-03:00,37.84421157836914,2022,ELET6.SA,1.614105
2023-12-31 00:00:00-03:00,42.795108795166016,2023,ELET6.SA,1.493652
2024-12-31 00:00:00-03:00,37.7518196105957,2024,ELET6.SA,3.646128
2025-12-31 00:00:00-03:00,47.599998474121094,2025,ELET6.SA,0.111042
2019-12-31 00:00:00-03:00,43.35609817504883,2019,ALOS3.SA,0.0
2020-12-31 00:00:00-03:00,25.223325729370117,2020,ALOS3.SA,0.0
2021-12-31 00:00:00-03:00,18.888093948364258,2021,ALOS3.SA,0.226403
2022-12-31 00:00:00-03:00,14.833169937133789,2022,ALOS3.SA,0.383932
2023-12-31 00:00:00-03:00,23.81542205810547,2023,ALOS3.SA,0.519014
2024-12-31 00:00:00-03:00,17.50080108642578,2024,ALOS3.SA,1.527421
2025-12-31 00:00:00-03:00,22.329999923706055,2025,ALOS3.SA,0.691348
2018-12-31 00:00:00-02:00,14.62997817993164,2018,BBDC3.SA,0.6502490000000001
2019-12-31 00:00:00-03:00,18.68223762512207,2019,BBDC3.SA,1.369594
2020-12-31 00:00:00-03:00,14.9952974319458,2020,BBDC3.SA,0.521613
2021-12-31 00:00:00-03:00,11.563189506530762,2021,BBDC3.SA,0.840918
2022-12-31 00:00:00-03:00,10.843588829040527,2022,BBDC3.SA,0.37944
2023-12-31 00:00:00-03:00,13.328493118286133,2023,BBDC3.SA,1.0953629999999999
2024-12-31 00:00:00-03:00,9.87884521484375,2024,BBDC3.SA,0.745712
2025-12-31 00:00:00-03:00,13.710000038146973,2025,BBDC3.SA,0.88251
2018-12-31 00:00:00-02:00,11.501749038696289,2018,CYRE3.SA,1.119647
2019-12-31 00:00:00-03:00,22.820524215698242,2019,CYRE3.SA,0.780383
2020-12-31 00:00:00-03:00,24.066436767578125,2020,CYRE3.SA,1.8173599999999999
2021-12-31 00:00:00-03:00,13.456210136413574,2021,CYRE3.SA,1.087273
2022-12-31 00:00:00-03:00,11.583474159240723,2022,CYRE3.SA,0.564779
2023-12-31 00:00:00-03:00,22.415306091308594,2023,CYRE3.SA,0.8446990000000001
2024-12-31 00:00:00-03:00,16.24017333984375,2024,CYRE3.SA,0.596783
2025-12-31 00:00:00-03:00,25.110000610351562,2025,CYRE3.SA,1.069137
2020-12-31 00:00:00-03:00,7.397332191467285,2020,CURY3.SA,0.0
2021-12-31 00:00:00-03:00,5.315152168273926,2021,CURY3.SA,0.56531
2022-12-31 00:00:00-03:00,10.339791297912598,2022,CURY3.SA,0.51535
2023-12-31 00:00:00-03:00,15.818305015563965,2023,CURY3.SA,1.1326850000000002
2024-12-31 00:00:00-03:00,16.666296005249023,2024,CURY3.SA,1.668033
2025-12-31 00:00:00-03:00,32.0,2025,CURY3.SA,1.1360999999999999
2018-12-31 00:00:00-02:00,13.903860092163086,2018,VIVT3.SA,1.872087
2019-12-31 00:00:00-03:00,17.568042755126953,2019,VIVT3.SA,1.306956
2020-12-31 00:00:00-03:00,17.844650268554688,2020,VIVT3.SA,1.610384
2021-12-31 00:00:00-03:00,19.957538604736328,2021,VIVT3.SA,1.7313209999999999
2022-12-31 00:00:00-03:00,16.15656852722168,2022,VIVT3.SA,0.406686
2023-12-31 00:00:00-03:00,24.256813049316406,2023,VIVT3.SA,1.544711
2024-12-31 00:00:00-03:00,22.468042373657227,2024,VIVT3.SA,1.401505
2025-12-31 00:00:00-03:00,32.91999816894531,2025,VIVT3.SA,1.0242
2018-12-31 00:00:00-02:00,0.0014470332534983754,2018,TIMS3.SA,14.1857
2019-12-31 00:00:00-03:00,0.01752360537648201,2019,TIMS3.SA,31.3468
2020-12-31 00:00:00-03:00,-0.06371336430311203,2020,TIMS3.SA,34.3221
2021-12-31 00:00:00-03:00,0.7776555418968201,2021,TIMS3.SA,20.1463
2022-12-31 00:00:00-03:00,-2.6484458446502686,2022,TIMS3.SA,27.885542
2023-12-31 00:00:00-03:00,4.251715183258057,2023,TIMS3.SA,24.785275
2024-12-31 00:00:00-03:00,3.433621406555176,2024,TIMS3.SA,0.0
2025-12-31 00:00:00-03:00,22.3700008392334,2025,TIMS3.SA,113.36189200000001
2018-12-31 00:00:00-02:00,13.903860092163086,2018,TIMS3.SA,1.872087
2019-12-31 00:00:00-03:00,17.568042755126953,2019,TIMS3.SA,1.306956
2020-12-31 00:00:00-03:00,17.844650268554688,2020,TIMS3.SA,1.610384
2021-12-31 00:00:00-03:00,19.957538604736328,2021,TIMS3.SA,1.7313209999999999
2022-12-31 00:00:00-03:00,16.15656852722168,2022,TIMS3.SA,0.406686
2023-12-31 00:00:00-03:00,24.256813049316406,2023,TIMS3.SA,1.544711
2024-12-31 00:00:00-03:00,22.468042373657227,2024,TIMS3.SA,1.401505
2025-12-31 00:00:00-03:00,32.91999816894531,2025,TIMS3.SA,1.0242
2018-12-31 00:00:00-02:00,19.86002540588379,2018,MULT3.SA,0.319185
2019-12-31 00:00:00-03:00,27.486061096191406,2019,MULT3.SA,0.436521
2020-12-31 00:00:00-03:00,20.003812789916992,2020,MULT3.SA,0.605862
2021-12-31 00:00:00-03:00,16.339651107788086,2021,MULT3.SA,0.4989
2022-12-31 00:00:00-03:00,19.73200035095215,2022,MULT3.SA,0.7168570000000001
2023-12-31 00:00:00-03:00,26.611906051635742,2023,MULT3.SA,0.996308
2024-12-31 00:00:00-03:00,20.278900146484375,2024,MULT3.SA,0.623834
2025-12-31 00:00:00-03:00,25.940000534057617,2025,MULT3.SA,0.88005
2018-12-31 00:00:00-02:00,19.61236000061035,2018,CPFE3.SA,0.275259
2019-12-31 00:00:00-03:00,24.562572479248047,2019,CPFE3.SA,0.480182
2020-12-31 00:00:00-03:00,23.7875919342041,2020,CPFE3.SA,1.800973
2021-12-31 00:00:00-03:00,22.36555290222168,2021,CPFE3.SA,3.701428
2022-12-31 00:00:00-03:00,30.40237808227539,2022,CPFE3.SA,3.242281
2023-12-31 00:00:00-03:00,38.5099983215332,2023,CPFE3.SA,2.885587
2024-12-31 00:00:00-03:00,31.59000015258789,2024,CPFE3.SA,0.0
2025-12-31 00:00:00-03:00,39.939998626708984,2025,CPFE3.SA,0.0
2018-12-31 00:00:00-02:00,5.986625671386719,2018,BRAP4.SA,1.137672
2019-12-31 00:00:00-03:00,8.123176574707031,2019,BRAP4.SA,1.804564
2020-12-31 00:00:00-03:00,14.67310905456543,2020,BRAP4.SA,1.773703
2021-12-31 00:00:00-03:00,16.81744384765625,2021,BRAP4.SA,8.264263
2022-12-31 00:00:00-03:00,22.58354949951172,2022,BRAP4.SA,3.2715620000000003
2023-12-31 00:00:00-03:00,21.98824119567871,2023,BRAP4.SA,3.0219259999999997
2024-12-31 00:00:00-03:00,15.713093757629395,2024,BRAP4.SA,1.923521
2025-12-31 00:00:00-03:00,16.010000228881836,2025,BRAP4.SA,0.919716
2018-12-31 00:00:00-02:00,26.669109344482422,2018,SBSP3.SA,1.0298
2019-12-31 00:00:00-03:00,52.55282974243164,2019,SBSP3.SA,1.159
2020-12-31 00:00:00-03:00,39.868221282958984,2020,SBSP3.SA,1.3767
2021-12-31 00:00:00-03:00,36.38473129272461,2021,SBSP3.SA,0.3979
2022-12-31 00:00:00-03:00,52.836647033691406,2022,SBSP3.SA,0.9427
2023-12-31 00:00:00-03:00,71.65126037597656,2023,SBSP3.SA,1.276
2024-12-31 00:00:00-03:00,85.62715911865234,2024,SBSP3.SA,1.4404
2025-12-31 00:00:00-03:00,111.58999633789062,2025,SBSP3.SA,3.730472
2018-12-31 00:00:00-02:00,12.810481071472168,2018,CSMG3.SA,1.3416359999999998
2019-12-31 00:00:00-03:00,14.553776741027832,2019,CSMG3.SA,0.575745
2020-12-31 00:00:00-03:00,11.018455505371094,2020,CSMG3.SA,0.625009
2021-12-31 00:00:00-03:00,9.106443405151367,2021,CSMG3.SA,0.944719
2022-12-31 00:00:00-03:00,11.57764720916748,2022,CSMG3.SA,0.384332
2023-12-31 00:00:00-03:00,17.725650787353516,2023,CSMG3.SA,2.893013
2024-12-31 00:00:00-03:00,20.039655685424805,2024,CSMG3.SA,2.3169440000000003
2025-12-31 00:00:00-03:00,25.200000762939453,2025,CSMG3.SA,0.944918
2021-12-31 00:00:00-03:00,6.146254539489746,2021,CXSE3.SA,0.244612
2022-12-31 00:00:00-03:00,6.621965408325195,2022,CXSE3.SA,0.64857
2023-12-31 00:00:00-03:00,11.27148151397705,2023,CXSE3.SA,1.0103689999999999
2024-12-31 00:00:00-03:00,13.357328414916992,2024,CXSE3.SA,1.0803390000000002
2025-12-31 00:00:00-03:00,13.399999618530273,2025,CXSE3.SA,0.941872
2021-12-31 00:00:00-03:00,12.649999618530273,2021,SRNA3.SA,0.0
2022-12-31 00:00:00-03:00,9.600000381469727,2022,SRNA3.SA,0.0
2023-12-31 00:00:00-03:00,10.210000038146973,2023,SRNA3.SA,0.0
2024-12-31 00:00:00-03:00,5.5,2024,SRNA3.SA,0.0
2025-12-31 00:00:00-03:00,11.920000076293945,2025,SRNA3.SA,0.0
2018-12-31 00:00:00-02:00,28.10682487487793,2018,ENGI11.SA,0.7776430000000001
2019-12-31 00:00:00-03:00,42.183876037597656,2019,ENGI11.SA,1.08
2020-12-31 00:00:00-03:00,40.55976486206055,2020,ENGI11.SA,0.6000000000000001
2021-12-31 00:00:00-03:00,36.12675094604492,2021,ENGI11.SA,1.75
2022-12-31 00:00:00-03:00,39.05073928833008,2022,ENGI11.SA,3.3600000000000003
2023-12-31 00:00:00-03:00,49.34720993041992,2023,ENGI11.SA,1.5
2024-12-31 00:00:00-03:00,34.821022033691406,2024,ENGI11.SA,2.0
2025-12-31 00:00:00-03:00,48.040000915527344,2025,ENGI11.SA,1.9
2018-12-31 00:00:00-02:00,13.635273933410645,2018,SAPR11.SA,1.090128
2019-12-31 00:00:00-03:00,24.0737361907959,2019,SAPR11.SA,1.469591
2020-12-31 00:00:00-03:00,19.113021850585938,2020,SAPR11.SA,1.0282179999999999
2021-12-31 00:00:00-03:00,14.584994316101074,2021,SAPR11.SA,0.9943519999999999
2022-12-31 00:00:00-03:00,14.617737770080566,2022,SAPR11.SA,1.1020940000000001
2023-12-31 00:00:00-03:00,25.998661041259766,2023,SAPR11.SA,1.833332
2024-12-31 00:00:00-03:00,25.99201774597168,2024,SAPR11.SA,1.3652549999999999
2025-12-31 00:00:00-03:00,33.209999084472656,2025,SAPR11.SA,2.2083649999999997
2025-12-31 00:00:00-03:00,0.5400000214576721,2025,AZTE3.SA,0.0
2018-12-31 00:00:00-02:00,19.746736526489258,2018,PSSA3.SA,1.554671
2019-12-31 00:00:00-03:00,24.70936393737793,2019,PSSA3.SA,1.06067
2020-12-31 00:00:00-03:00,20.196800231933594,2020,PSSA3.SA,1.070191
2021-12-31 00:00:00-03:00,18.329145431518555,2021,PSSA3.SA,1.444678
2022-12-31 00:00:00-03:00,20.987152099609375,2022,PSSA3.SA,0.748245
2023-12-31 00:00:00-03:00,27.34595489501953,2023,PSSA3.SA,1.370212
2024-12-31 00:00:00-03:00,35.27814483642578,2024,PSSA3.SA,0.503421
2025-12-31 00:00:00-03:00,53.5099983215332,2025,PSSA3.SA,1.510064
2018-12-31 00:00:00-02:00,17.380773544311523,2018,EZTC3.SA,0.426108
2019-12-31 00:00:00-03:00,43.98208236694336,2019,EZTC3.SA,0.140397
2020-12-31 00:00:00-03:00,36.67807388305664,2020,EZTC3.SA,0.294083
2021-12-31 00:00:00-03:00,17.7130184173584,2021,EZTC3.SA,0.423955
2022-12-31 00:00:00-03:00,12.149431228637695,2022,EZTC3.SA,0.7781
2023-12-31 00:00:00-03:00,17.11248016357422,2023,EZTC3.SA,0.20489400000000002
2024-12-31 00:00:00-03:00,10.650775909423828,2024,EZTC3.SA,1.080474
2025-12-31 00:00:00-03:00,14.619999885559082,2025,EZTC3.SA,0.24035499999999999
2018-12-31 00:00:00-02:00,1.2868210077285767,2018,JHSF3.SA,0.0
2019-12-31 00:00:00-03:00,5.059573650360107,2019,JHSF3.SA,0.19956600000000002
2020-12-31 00:00:00-03:00,5.644042015075684,2020,JHSF3.SA,0.14590799999999998
2021-12-31 00:00:00-03:00,4.289013385772705,2021,JHSF3.SA,0.39383999999999997
2022-12-31 00:00:00-03:00,4.014173984527588,2022,JHSF3.SA,0.208704
2023-12-31 00:00:00-03:00,4.901310443878174,2023,JHSF3.SA,0.451136
2024-12-31 00:00:00-03:00,3.5133073329925537,2024,JHSF3.SA,0.37095
2025-12-31 00:00:00-03:00,5.349999904632568,2025,JHSF3.SA,0.186354
2018-12-31 00:00:00-02:00,2.342686653137207,2018,SAPR4.SA,0.222062
2019-12-31 00:00:00-03:00,4.954042911529541,2019,SAPR4.SA,0.299361
2020-12-31 00:00:00-03:00,3.711855173110962,2020,SAPR4.SA,0.209451
2021-12-31 00:00:00-03:00,2.9451301097869873,2021,SAPR4.SA,0.202552
2022-12-31 00:00:00-03:00,2.9487831592559814,2022,SAPR4.SA,0.224501
2023-12-31 00:00:00-03:00,5.2376322746276855,2023,SAPR4.SA,0.373456
2024-12-31 00:00:00-03:00,5.249670505523682,2024,SAPR4.SA,0.278108
2025-12-31 00:00:00-03:00,6.369999885559082,2025,SAPR4.SA,0.449852
2020-12-31 00:00:00-03:00,5.878342151641846,2020,PLPL3.SA,0.0
2021-12-31 00:00:00-03:00,2.585691452026367,2021,PLPL3.SA,0.195832
2022-12-31 00:00:00-03:00,3.351466655731201,2022,PLPL3.SA,0.161174
2023-12-31 00:00:00-03:00,10.099739074707031,2023,PLPL3.SA,0.160141
2024-12-31 00:00:00-03:00,8.284669876098633,2024,PLPL3.SA,0.504398
2025-12-31 00:00:00-03:00,13.569999694824219,2025,PLPL3.SA,1.006013
2020-12-31 00:00:00-03:00,11.062533378601074,2020,MTRE3.SA,0.0
2021-12-31 00:00:00-03:00,5.759415149688721,2021,MTRE3.SA,0.5515289999999999
2022-12-31 00:00:00-03:00,2.6755847930908203,2022,MTRE3.SA,0.32744399999999996
2023-12-31 00:00:00-03:00,5.216090202331543,2023,MTRE3.SA,0.759142
2024-12-31 00:00:00-03:00,2.6669673919677734,2024,MTRE3.SA,0.299468
2025-12-31 00:00:00-03:00,3.5299999713897705,2025,MTRE3.SA,0.302528
2018-12-31 00:00:00-02:00,10.531302452087402,2018,ISAE4.SA,12.566718
2019-12-31 00:00:00-03:00,14.661710739135742,2019,ISAE4.SA,1.510526
2020-12-31 00:00:00-03:00,19.346418380737305,2020,ISAE4.SA,1.7395800000000001
2021-12-31 00:00:00-03:00,19.521528244018555,2021,ISAE4.SA,3.5888619999999998
2022-12-31 00:00:00-03:00,19.337894439697266,2022,ISAE4.SA,1.062404
2023-12-31 00:00:00-03:00,24.32288932800293,2023,ISAE4.SA,2.204083
2024-12-31 00:00:00-03:00,21.119609832763672,2024,ISAE4.SA,0.0
2025-12-31 00:00:00-03:00,21.81999969482422,2025,ISAE4.SA,2.006709
2018-12-31 00:00:00-02:00,1.2031314373016357,2018,DIRR3.SA,0.203255
2019-12-31 00:00:00-03:00,2.606410264968872,2019,DIRR3.SA,0.29212499999999997
2020-12-31 00:00:00-03:00,2.406691789627075,2020,DIRR3.SA,0.268887
2021-12-31 00:00:00-03:00,2.455734968185425,2021,DIRR3.SA,0.229052
2022-12-31 00:00:00-03:00,3.31048583984375,2022,DIRR3.SA,0.388393
2023-12-31 00:00:00-03:00,4.874032020568848,2023,DIRR3.SA,0.156667
2024-12-31 00:00:00-03:00,7.249100208282471,2024,DIRR3.SA,2.06
2025-12-31 00:00:00-03:00,13.66333293914795,2025,DIRR3.SA,2.423333
2018-12-31 00:00:00-02:00,137997.90625,2018,PDGR3.SA,0.0
2019-12-31 00:00:00-03:00,91874.3984375,2019,PDGR3.SA,0.0
2020-12-31 00:00:00-03:00,49231.75,2020,PDGR3.SA,0.0
2021-12-31 00:00:00-03:00,17000.0,2021,PDGR3.SA,0.0
2022-12-31 00:00:00-03:00,1500.0,2022,PDGR3.SA,0.0
2023-12-31 00:00:00-03:00,56.25,2023,PDGR3.SA,0.0
2024-12-31 00:00:00-03:00,1.25,2024,PDGR3.SA,0.0
2025-12-31 00:00:00-03:00,0.18000000715255737,2025,PDGR3.SA,0.0
2021-12-31 00:00:00-03:00,16.485244750976562,2021,IGTI11.SA,0.0
2022-12-31 00:00:00-03:00,16.968931198120117,2022,IGTI11.SA,0.34131
2023-12-31 00:00:00-03:00,22.823074340820312,2023,IGTI11.SA,0.36603300000000005
2024-12-31 00:00:00-03:00,16.68258285522461,2024,IGTI11.SA,0.6730700000000001
2025-12-31 00:00:00-03:00,21.690000534057617,2025,IGTI11.SA,0.6751659999999999
2018-12-31 00:00:00-02:00,13.337210655212402,2018,TAEE11.SA,2.78725
2019-12-31 00:00:00-03:00,18.79979705810547,2019,TAEE11.SA,1.8906999999999998
2020-12-31 00:00:00-03:00,22.343130111694336,2020,TAEE11.SA,3.031782
2021-12-31 00:00:00-03:00,27.209087371826172,2021,TAEE11.SA,4.5037009999999995
2022-12-31 00:00:00-03:00,27.750213623046875,2022,TAEE11.SA,2.827187
2023-12-31 00:00:00-03:00,33.411537170410156,2023,TAEE11.SA,2.9145079999999997
2024-12-31 00:00:00-03:00,31.56851577758789,2024,TAEE11.SA,3.5324560000000003
2025-12-31 00:00:00-03:00,33.58000183105469,2025,TAEE11.SA,1.4217279999999999
2019-12-31 00:00:00-03:00,19.402748107910156,2019,NEOE3.SA,0.278464
2020-12-31 00:00:00-03:00,14.009513854980469,2020,NEOE3.SA,0.408714
2021-12-31 00:00:00-03:00,13.283827781677246,2021,NEOE3.SA,0.525667
2022-12-31 00:00:00-03:00,13.307178497314453,2022,NEOE3.SA,0.798654
2023-12-31 00:00:00-03:00,19.701168060302734,2023,NEOE3.SA,1.157102
2024-12-31 00:00:00-03:00,18.437641143798828,2024,NEOE3.SA,1.090301
2025-12-31 00:00:00-03:00,26.81999969482422,2025,NEOE3.SA,0.567591
2018-12-31 00:00:00-02:00,23.74811363220215,2018,EGIE3.SA,3.47155
2019-12-31 00:00:00-03:00,37.85142135620117,2019,EGIE3.SA,1.622818
2020-12-31 00:00:00-03:00,33.49881362915039,2020,EGIE3.SA,1.045052
2021-12-31 00:00:00-03:00,30.67264175415039,2021,EGIE3.SA,1.788284
2022-12-31 00:00:00-03:00,32.541786193847656,2022,EGIE3.SA,2.989438
2023-12-31 00:00:00-03:00,41.70752716064453,2023,EGIE3.SA,2.9014320000000002
2024-12-31 00:00:00-03:00,34.7364387512207,2024,EGIE3.SA,2.668449
2025-12-31 00:00:00-03:00,40.5,2025,EGIE3.SA,0.876481
2018-12-31 00:00:00-02:00,15.335639953613281,2018,LIGT3.SA,0.103929
2019-12-31 00:00:00-03:00,22.23324966430664,2019,LIGT3.SA,0.138703
2020-12-31 00:00:00-03:00,22.73855209350586,2020,LIGT3.SA,0.0
2021-12-31 00:00:00-03:00,11.513733863830566,2021,LIGT3.SA,0.325845
2022-12-31 00:00:00-03:00,4.630000114440918,2022,LIGT3.SA,0.187404
2023-12-31 00:00:00-03:00,8.0,2023,LIGT3.SA,0.0
2024-12-31 00:00:00-03:00,4.059999942779541,2024,LIGT3.SA,0.0
2025-12-31 00:00:00-03:00,6.699999809265137,2025,LIGT3.SA,0.0
2018-12-31 00:00:00-02:00,125.0,2018,OIBR3.SA,0.0
2019-12-31 00:00:00-03:00,86.0,2019,OIBR3.SA,0.0
2020-12-31 00:00:00-03:00,220.0,2020,OIBR3.SA,0.0
2021-12-31 00:00:00-03:00,76.0,2021,OIBR3.SA,0.0
2022-12-31 00:00:00-03:00,17.0,2022,OIBR3.SA,0.0
2023-12-31 00:00:00-03:00,6.400000095367432,2023,OIBR3.SA,0.0
2024-12-31 00:00:00-03:00,1.340000033378601,2024,OIBR3.SA,0.0
2025-12-31 00:00:00-03:00,0.5299999713897705,2025,OIBR3.SA,0.0
2018-12-31 00:00:00-02:00,26.81220817565918,2018,SANB11.SA,1.764961
2019-12-31 00:00:00-03:00,32.27214431762695,2019,SANB11.SA,2.0900119999999998
2020-12-31 00:00:00-03:00,31.723127365112305,2020,SANB11.SA,2.805265
2021-12-31 00:00:00-03:00,23.794937133789062,2021,SANB11.SA,2.835826
2022-12-31 00:00:00-03:00,23.878520965576172,2022,SANB11.SA,2.241702
2023-12-31 00:00:00-03:00,29.04014015197754,2023,SANB11.SA,1.667602
2024-12-31 00:00:00-03:00,22.65502166748047,2024,SANB11.SA,1.610231
2025-12-31 00:00:00-03:00,26.84000015258789,2025,SANB11.SA,1.340317
2018-12-31 00:00:00-02:00,4.1536149978637695,2018,WIZC3.SA,0.511715
2019-12-31 00:00:00-03:00,9.571213722229004,2019,WIZC3.SA,1.111435
2020-12-31 00:00:00-03:00,5.963904857635498,2020,WIZC3.SA,0.668806
2021-12-31 00:00:00-03:00,6.345620632171631,2021,WIZC3.SA,0.608872
2022-12-31 00:00:00-03:00,6.003561019897461,2022,WIZC3.SA,0.587949
2023-12-31 00:00:00-03:00,6.714930057525635,2023,WIZC3.SA,0.445192
2024-12-31 00:00:00-03:00,5.340300559997559,2024,WIZC3.SA,0.246244
2025-12-31 00:00:00-03:00,8.25,2025,WIZC3.SA,0.250319
2018-12-31 00:00:00-02:00,14.05500316619873,2018,BRSR6.SA,1.296324
2019-12-31 00:00:00-03:00,14.486946105957031,2019,BRSR6.SA,1.243861
2020-12-31 00:00:00-03:00,10.004045486450195,2020,BRSR6.SA,0.39847499999999997
2021-12-31 00:00:00-03:00,7.198174953460693,2021,BRSR6.SA,1.032111
2022-12-31 00:00:00-03:00,7.856516361236572,2022,BRSR6.SA,0.8448180000000001
2023-12-31 00:00:00-03:00,11.686931610107422,2023,BRSR6.SA,0.917263
2024-12-31 00:00:00-03:00,9.741800308227539,2024,BRSR6.SA,0.9949300000000001
2025-12-31 00:00:00-03:00,10.84000015258789,2025,BRSR6.SA,0.527175
2018-12-31 00:00:00-02:00,2.483527898788452,2018,AZEV4.SA,0.0
2019-12-31 00:00:00-03:00,2.278701066970825,2019,AZEV4.SA,0.0
2020-12-31 00:00:00-03:00,2.2286899089813232,2020,AZEV4.SA,0.0
2021-12-31 00:00:00-03:00,4.28904390335083,2021,AZEV4.SA,0.0
2022-12-31 00:00:00-03:00,1.350000023841858,2022,AZEV4.SA,0.0
2023-12-31 00:00:00-03:00,1.9600000381469727,2023,AZEV4.SA,0.0
2024-12-31 00:00:00-03:00,0.9399999976158142,2024,AZEV4.SA,0.0
2025-12-31 00:00:00-03:00,0.5600000023841858,2025,AZEV4.SA,0.0
2018-12-31 00:00:00-02:00,3.6666901111602783,2018,MILS3.SA,0.0
2019-12-31 00:00:00-03:00,8.95254898071289,2019,MILS3.SA,0.0
2020-12-31 00:00:00-03:00,5.268725872039795,2020,MILS3.SA,0.0
2021-12-31 00:00:00-03:00,5.637137413024902,2021,MILS3.SA,0.187363
2022-12-31 00:00:00-03:00,10.409643173217773,2022,MILS3.SA,0.26227999999999996
2023-12-31 00:00:00-03:00,12.693747520446777,2023,MILS3.SA,0.298081
2024-12-31 00:00:00-03:00,8.285857200622559,2024,MILS3.SA,0.394531
2025-12-31 00:00:00-03:00,11.619999885559082,2025,MILS3.SA,0.289378
2018-12-31 00:00:00-02:00,12.59843635559082,2018,ALUP11.SA,0.640077
2019-12-31 00:00:00-03:00,19.615083694458008,2019,ALUP11.SA,0.400048
2020-12-31 00:00:00-03:00,19.3831844329834,2020,ALUP11.SA,0.613407
2021-12-31 00:00:00-03:00,17.9798641204834,2021,ALUP11.SA,0.746757
2022-12-31 00:00:00-03:00,22.158329010009766,2022,ALUP11.SA,1.093466
2023-12-31 00:00:00-03:00,27.33201789855957,2023,ALUP11.SA,1.664202
2024-12-31 00:00:00-03:00,25.020339965820312,2024,ALUP11.SA,1.355769
2025-12-31 00:00:00-03:00,29.06999969482422,2025,ALUP11.SA,0.44999999999999996
2020-12-31 00:00:00-03:00,10.766618728637695,2020,MDNE3.SA,0.0
2021-12-31 00:00:00-03:00,5.420435905456543,2021,MDNE3.SA,0.0
2022-12-31 00:00:00-03:00,5.3925909996032715,2022,MDNE3.SA,0.0
2023-12-31 00:00:00-03:00,12.372329711914062,2023,MDNE3.SA,0.0
2024-12-31 00:00:00-03:00,10.461092948913574,2024,MDNE3.SA,0.65
2025-12-31 00:00:00-03:00,23.040000915527344,2025,MDNE3.SA,0.590891
2018-12-31 00:00:00-02:00,14.755110740661621,2018,AZEV3.SA,0.0
2019-12-31 00:00:00-03:00,2.2034289836883545,2019,AZEV3.SA,0.0
2020-12-31 00:00:00-03:00,4.251924991607666,2020,AZEV3.SA,0.0
2021-12-31 00:00:00-03:00,4.8713059425354,2021,AZEV3.SA,0.0
2022-12-31 00:00:00-03:00,1.4500000476837158,2022,AZEV3.SA,0.0
2023-12-31 00:00:00-03:00,2.0399999618530273,2023,AZEV3.SA,0.0
2024-12-31 00:00:00-03:00,0.9399999976158142,2024,AZEV3.SA,0.0
2025-12-31 00:00:00-03:00,0.5299999713897705,2025,AZEV3.SA,0.0
2018-12-31 00:00:00-02:00,1.6314194202423096,2018,BPAN4.SA,0.061131
2019-12-31 00:00:00-03:00,8.995930671691895,2019,BPAN4.SA,0.075945
2020-12-31 00:00:00-03:00,8.394030570983887,2020,BPAN4.SA,0.37124900000000005
2021-12-31 00:00:00-03:00,9.615930557250977,2021,BPAN4.SA,0.22392800000000002
2022-12-31 00:00:00-03:00,5.7121381759643555,2022,BPAN4.SA,0.27863
2023-12-31 00:00:00-03:00,8.332714080810547,2023,BPAN4.SA,0.215123
2024-12-31 00:00:00-03:00,6.340000152587891,2024,BPAN4.SA,0.24149
2025-12-31 00:00:00-03:00,7.449999809265137,2025,BPAN4.SA,0.0
2020-12-31 00:00:00-03:00,6.14316463470459,2020,LAVV3.SA,0.0
2021-12-31 00:00:00-03:00,3.823662757873535,2021,LAVV3.SA,0.679883
2022-12-31 00:00:00-03:00,3.9373178482055664,2022,LAVV3.SA,0.6035470000000001
2023-12-31 00:00:00-03:00,7.992489337921143,2023,LAVV3.SA,0.660253
2024-12-31 00:00:00-03:00,7.082494735717773,2024,LAVV3.SA,0.377926
2025-12-31 00:00:00-03:00,12.4399995803833,2025,LAVV3.SA,0.514956
2021-12-31 00:00:00-03:00,23.93305778503418,2021,ARML3.SA,0.067263
2022-12-31 00:00:00-03:00,11.063200950622559,2022,ARML3.SA,0.406745
2023-12-31 00:00:00-03:00,16.258180618286133,2023,ARML3.SA,0.170819
2024-12-31 00:00:00-03:00,4.950448989868164,2024,ARML3.SA,0.31789
2025-12-31 00:00:00-03:00,3.6700000762939453,2025,ARML3.SA,0.068164
2018-12-31 00:00:00-02:00,618.8419189453125,2018,IRBR3.SA,17.006054
2019-12-31 00:00:00-03:00,892.3823852539062,2019,IRBR3.SA,21.14318
2020-12-31 00:00:00-03:00,203.6140899658203,2020,IRBR3.SA,0.771892
2021-12-31 00:00:00-03:00,100.06462097167969,2021,IRBR3.SA,0.0
2022-12-31 00:00:00-03:00,25.799999237060547,2022,IRBR3.SA,0.0
2023-12-31 00:00:00-03:00,44.29999923706055,2023,IRBR3.SA,0.0
2024-12-31 00:00:00-03:00,42.45000076293945,2024,IRBR3.SA,0.0
2025-12-31 00:00:00-03:00,46.380001068115234,2025,IRBR3.SA,0.0
2018-12-31 00:00:00-02:00,14.231217384338379,2018,LOGG3.SA,0.0
2019-12-31 00:00:00-03:00,25.825502395629883,2019,LOGG3.SA,0.139977
2020-12-31 00:00:00-03:00,27.468088150024414,2020,LOGG3.SA,0.211742
2021-12-31 00:00:00-03:00,20.51494598388672,2021,LOGG3.SA,0.325427
2022-12-31 00:00:00-03:00,13.491863250732422,2022,LOGG3.SA,0.866635
2023-12-31 00:00:00-03:00,20.097930908203125,2023,LOGG3.SA,0.917768
2024-12-31 00:00:00-03:00,17.81142234802246,2024,LOGG3.SA,2.415296
2025-12-31 00:00:00-03:00,20.190000534057617,2025,LOGG3.SA,0.235626
2018-12-31 00:00:00-02:00,19.18851661682129,2018,ITUB3.SA,0.580485
2019-12-31 00:00:00-03:00,21.240806579589844,2019,ITUB3.SA,1.096595
2020-12-31 00:00:00-03:00,19.046558380126953,2020,ITUB3.SA,0.709141
2021-12-31 00:00:00-03:00,13.531726837158203,2021,ITUB3.SA,0.8242659999999999
2022-12-31 00:00:00-03:00,16.252168655395508,2022,ITUB3.SA,0.925576
2023-12-31 00:00:00-03:00,22.600631713867188,2023,ITUB3.SA,1.142395
2024-12-31 00:00:00-03:00,22.865516662597656,2024,ITUB3.SA,2.193872
2025-12-31 00:00:00-03:00,33.04999923706055,2025,ITUB3.SA,1.9108209999999999
2018-12-31 00:00:00-02:00,4.505829334259033,2018,EVEN3.SA,0.0
2019-12-31 00:00:00-03:00,11.6851167678833,2019,EVEN3.SA,0.0
2020-12-31 00:00:00-03:00,9.224164009094238,2020,EVEN3.SA,0.144301
2021-12-31 00:00:00-03:00,5.50211238861084,2021,EVEN3.SA,0.830794
2022-12-31 00:00:00-03:00,3.933398723602295,2022,EVEN3.SA,0.150012
2023-12-31 00:00:00-03:00,7.547245025634766,2023,EVEN3.SA,0.503485
2024-12-31 00:00:00-03:00,5.360000133514404,2024,EVEN3.SA,0.60116
2025-12-31 00:00:00-03:00,6.96999979019165,2025,EVEN3.SA,0.0
2018-12-31 00:00:00-02:00,2051.457275390625,2018,GFSA3.SA,0.0
2019-12-31 00:00:00-03:00,1166.687255859375,2019,GFSA3.SA,0.0
2020-12-31 00:00:00-03:00,647.8196411132812,2020,GFSA3.SA,0.0
2021-12-31 00:00:00-03:00,299.3373718261719,2021,GFSA3.SA,0.0
2022-12-31 00:00:00-03:00,168.6320037841797,2022,GFSA3.SA,0.0
2023-12-31 00:00:00-03:00,177.48944091796875,2023,GFSA3.SA,0.0
2024-12-31 00:00:00-03:00,23.600000381469727,2024,GFSA3.SA,0.0
2025-12-31 00:00:00-03:00,15.5600004196167,2025,GFSA3.SA,0.0
2021-12-31 00:00:00-03:00,26.821414947509766,2021,ORVR3.SA,0.0
2022-12-31 00:00:00-03:00,33.771053314208984,2022,ORVR3.SA,0.0
2023-12-31 00:00:00-03:00,38.65999984741211,2023,ORVR3.SA,0.0
2024-12-31 00:00:00-03:00,37.849998474121094,2024,ORVR3.SA,0.0
2025-12-31 00:00:00-03:00,48.189998626708984,2025,ORVR3.SA,0.0
2018-12-31 00:00:00-02:00,3.871293067932129,2018,SAPR3.SA,0.201876
2019-12-31 00:00:00-03:00,4.1933674812316895,2019,SAPR3.SA,0.272146
2020-12-31 00:00:00-03:00,4.474980354309082,2020,SAPR3.SA,0.19041
2021-12-31 00:00:00-03:00,2.9453420639038086,2021,SAPR3.SA,0.184139
2022-12-31 00:00:00-03:00,2.8432838916778564,2022,SAPR3.SA,0.204091
2023-12-31 00:00:00-03:00,5.0346856117248535,2023,SAPR3.SA,0.339505
2024-12-31 00:00:00-03:00,5.2133870124816895,2024,SAPR3.SA,0.25282499999999997
2025-12-31 00:00:00-03:00,7.630000114440918,2025,SAPR3.SA,0.408957
2021-12-31 00:00:00-03:00,5.7024006843566895,2021,FIQE3.SA,0.083323
2022-12-31 00:00:00-03:00,3.419977903366089,2022,FIQE3.SA,0.084258
2023-12-31 00:00:00-03:00,3.6571831703186035,2023,FIQE3.SA,0.15481699999999998
2024-12-31 00:00:00-03:00,3.400294065475464,2024,FIQE3.SA,0.212434
2025-12-31 00:00:00-03:00,3.9200000762939453,2025,FIQE3.SA,0.099136
2019-12-31 00:00:00-03:00,6.557714462280273,2019,BMGB4.SA,0.0
2020-12-31 00:00:00-03:00,4.301702499389648,2020,BMGB4.SA,0.177892
2021-12-31 00:00:00-03:00,2.3708860874176025,2021,BMGB4.SA,0.314247
2022-12-31 00:00:00-03:00,1.7727242708206177,2022,BMGB4.SA,0.124707
2023-12-31 00:00:00-03:00,2.9606552124023438,2023,BMGB4.SA,0.374097
2024-12-31 00:00:00-03:00,3.6282339096069336,2024,BMGB4.SA,0.284856
2025-12-31 00:00:00-03:00,3.549999952316284,2025,BMGB4.SA,0.1
2018-12-31 00:00:00-02:00,14.5,2018,TCSA3.SA,0.0
2019-12-31 00:00:00-03:00,18.299999237060547,2019,TCSA3.SA,0.0
2020-12-31 00:00:00-03:00,9.989999771118164,2020,TCSA3.SA,0.0
2021-12-31 00:00:00-03:00,3.609999895095825,2021,TCSA3.SA,0.0
2022-12-31 00:00:00-03:00,2.6500000953674316,2022,TCSA3.SA,0.0
2023-12-31 00:00:00-03:00,4.019999980926514,2023,TCSA3.SA,0.0
2024-12-31 00:00:00-03:00,1.25,2024,TCSA3.SA,0.0
2025-12-31 00:00:00-03:00,1.7100000381469727,2025,TCSA3.SA,0.0
2018-12-31 00:00:00-02:00,2.5851669311523438,2018,SYNE3.SA,1.002811
2019-12-31 00:00:00-03:00,7.55047082901001,2019,SYNE3.SA,0.0
2020-12-31 00:00:00-03:00,4.356159210205078,2020,SYNE3.SA,0.932624
2021-12-31 00:00:00-03:00,4.485314846038818,2021,SYNE3.SA,8.267782
2022-12-31 00:00:00-03:00,2.8282830715179443,2022,SYNE3.SA,0.524093
2023-12-31 00:00:00-03:00,3.264451742172241,2023,SYNE3.SA,0.0
2024-12-31 00:00:00-03:00,5.106460094451904,2024,SYNE3.SA,2.882516
2025-12-31 00:00:00-03:00,6.900000095367432,2025,SYNE3.SA,0.458582
2020-12-31 00:00:00-03:00,8.28880500793457,2020,PRNR3.SA,0.0
2021-12-31 00:00:00-03:00,6.697735786437988,2021,PRNR3.SA,0.0
2022-12-31 00:00:00-03:00,6.699999809265137,2022,PRNR3.SA,0.29633499999999996
2023-12-31 00:00:00-03:00,11.699999809265137,2023,PRNR3.SA,0.0
2024-12-31 00:00:00-03:00,13.40999984741211,2024,PRNR3.SA,0.0
2025-12-31 00:00:00-03:00,15.359999656677246,2025,PRNR3.SA,0.0
2021-12-31 00:00:00-03:00,8.800000190734863,2021,HBRE3.SA,0.0
2022-12-31 00:00:00-03:00,4.510000228881836,2022,HBRE3.SA,0.0
2023-12-31 00:00:00-03:00,6.070000171661377,2023,HBRE3.SA,0.0
2024-12-31 00:00:00-03:00,2.9800000190734863,2024,HBRE3.SA,0.0
2025-12-31 00:00:00-03:00,3.609999895095825,2025,HBRE3.SA,0.0
2018-12-31 00:00:00-02:00,10.284337043762207,2018,ABCB4.SA,1.035584
2019-12-31 00:00:00-03:00,13.183404922485352,2019,ABCB4.SA,1.068441
2020-12-31 00:00:00-03:00,10.63097858428955,2020,ABCB4.SA,0.632518
2021-12-31 00:00:00-03:00,11.562397003173828,2021,ABCB4.SA,0.983183
2022-12-31 00:00:00-03:00,15.419754028320312,2022,ABCB4.SA,1.2547739999999998
2023-12-31 00:00:00-03:00,21.204818725585938,2023,ABCB4.SA,1.192481
2024-12-31 00:00:00-03:00,18.373390197753906,2024,ABCB4.SA,2.386
2025-12-31 00:00:00-03:00,21.56999969482422,2025,ABCB4.SA,1.086
2021-12-31 00:00:00-03:00,11.752306938171387,2021,BRBI11.SA,0.0
2022-12-31 00:00:00-03:00,10.064990043640137,2022,BRBI11.SA,0.8836470000000001
2023-12-31 00:00:00-03:00,13.954911231994629,2023,BRBI11.SA,1.02
2024-12-31 00:00:00-03:00,12.890506744384766,2024,BRBI11.SA,1.05
2025-12-31 00:00:00-03:00,16.020000457763672,2025,BRBI11.SA,0.3
2020-12-31 00:00:00-03:00,4.038582801818848,2020,MELK3.SA,0.0
2021-12-31 00:00:00-03:00,2.1969354152679443,2021,MELK3.SA,0.283334
2022-12-31 00:00:00-03:00,1.9553110599517822,2022,MELK3.SA,0.209538
2023-12-31 00:00:00-03:00,3.307403326034546,2023,MELK3.SA,0.560557
2024-12-31 00:00:00-03:00,2.70137619972229,2024,MELK3.SA,0.40012499999999995
2025-12-31 00:00:00-03:00,3.369999885559082,2025,MELK3.SA,0.978435
2024-12-31 00:00:00-03:00,2.54321551322937,2024,BRST3.SA,0.0
2025-12-31 00:00:00-03:00,2.609999895095825,2025,BRST3.SA,0.1897871
2018-12-31 00:00:00-02:00,4.164223670959473,2018,TAEE4.SA,0.929083
2019-12-31 00:00:00-03:00,6.1680588722229,2019,TAEE4.SA,0.630232
2020-12-31 00:00:00-03:00,7.2537055015563965,2020,TAEE4.SA,1.010573
2021-12-31 00:00:00-03:00,8.8458833694458,2021,TAEE4.SA,1.5012320000000001
2022-12-31 00:00:00-03:00,9.3522310256958,2022,TAEE4.SA,1.432258
2023-12-31 00:00:00-03:00,11.174047470092773,2023,TAEE4.SA,0.9715020000000001
2024-12-31 00:00:00-03:00,10.634346008300781,2024,TAEE4.SA,1.1774850000000001
2025-12-31 00:00:00-03:00,11.180000305175781,2025,TAEE4.SA,0.473909
2018-12-31 00:00:00-02:00,1.7253259420394897,2018,PINE4.SA,0.0
2019-12-31 00:00:00-03:00,3.2788989543914795,2019,PINE4.SA,0.0
2020-12-31 00:00:00-03:00,1.9673396348953247,2020,PINE4.SA,0.0
2021-12-31 00:00:00-03:00,1.3974359035491943,2021,PINE4.SA,0.0
2022-12-31 00:00:00-03:00,1.280332326889038,2022,PINE4.SA,0.0
2023-12-31 00:00:00-03:00,3.6324238777160645,2023,PINE4.SA,0.16209
2024-12-31 00:00:00-03:00,4.204706192016602,2024,PINE4.SA,0.6053580000000001
2025-12-31 00:00:00-03:00,5.900000095367432,2025,PINE4.SA,0.28654999999999997
2018-12-31 00:00:00-02:00,9.248488426208496,2018,AGRO3.SA,0.762051
2019-12-31 00:00:00-03:00,11.882296562194824,2019,AGRO3.SA,0.92933
2020-12-31 00:00:00-03:00,16.131521224975586,2020,AGRO3.SA,0.709664
2021-12-31 00:00:00-03:00,20.431440353393555,2021,AGRO3.SA,2.621181
2022-12-31 00:00:00-03:00,25.094791412353516,2022,AGRO3.SA,5.254966
2023-12-31 00:00:00-03:00,25.037551879882812,2023,AGRO3.SA,3.212353
2024-12-31 00:00:00-03:00,22.1200008392334,2024,AGRO3.SA,1.555983
2025-12-31 00:00:00-03:00,20.34000015258789,2025,AGRO3.SA,0.0
2018-12-31 00:00:00-02:00,4.303627967834473,2018,CMIG3.SA,0.088993
2019-12-31 00:00:00-03:00,4.663064479827881,2019,CMIG3.SA,0.369615
2020-12-31 00:00:00-03:00,5.255867958068848,2020,CMIG3.SA,0.17448999999999998
2021-12-31 00:00:00-03:00,7.20985746383667,2021,CMIG3.SA,0.810095
2022-12-31 00:00:00-03:00,9.689297676086426,2022,CMIG3.SA,1.966026
2023-12-31 00:00:00-03:00,9.808486938476562,2023,CMIG3.SA,0.992866
2024-12-31 00:00:00-03:00,13.633907318115234,2024,CMIG3.SA,1.328833
2025-12-31 00:00:00-03:00,14.84000015258789,2025,CMIG3.SA,1.056537
2018-12-31 00:00:00-02:00,7.072290897369385,2018,ITSA3.SA,0.691837
2019-12-31 00:00:00-03:00,7.873650550842285,2019,ITSA3.SA,0.57401
2020-12-31 00:00:00-03:00,7.149482250213623,2020,ITSA3.SA,0.326131
2021-12-31 00:00:00-03:00,5.860208511352539,2021,ITSA3.SA,0.291198
2022-12-31 00:00:00-03:00,6.577678680419922,2022,ITSA3.SA,0.523074
2023-12-31 00:00:00-03:00,8.579645156860352,2023,ITSA3.SA,0.531406
2024-12-31 00:00:00-03:00,8.348767280578613,2024,ITSA3.SA,0.633833
2025-12-31 00:00:00-03:00,10.890000343322754,2025,ITSA3.SA,0.731179
2021-12-31 00:00:00-03:00,17.92661476135254,2021,DESK3.SA,0.0
2022-12-31 00:00:00-03:00,7.925049304962158,2022,DESK3.SA,0.013908
2023-12-31 00:00:00-03:00,14.01915454864502,2023,DESK3.SA,0.019782
2024-12-31 00:00:00-03:00,10.419312477111816,2024,DESK3.SA,0.042149
2025-12-31 00:00:00-03:00,7.880000114440918,2025,DESK3.SA,0.036798
2018-12-31 00:00:00-02:00,4.808767795562744,2018,TAEE3.SA,0.929082
2019-12-31 00:00:00-03:00,6.236445903778076,2019,TAEE3.SA,0.630232
2020-12-31 00:00:00-03:00,7.498462677001953,2020,TAEE3.SA,1.010576
2021-12-31 00:00:00-03:00,9.086376190185547,2021,TAEE3.SA,1.5012320000000001
2022-12-31 00:00:00-03:00,9.324633598327637,2022,TAEE3.SA,0.942396
2023-12-31 00:00:00-03:00,11.137357711791992,2023,TAEE3.SA,0.9715020000000001
2024-12-31 00:00:00-03:00,10.480300903320312,2024,TAEE3.SA,1.1774850000000001
2025-12-31 00:00:00-03:00,11.149999618530273,2025,TAEE3.SA,0.473909
2018-12-31 00:00:00-02:00,126.0,2018,OIBR4.SA,0.0
2019-12-31 00:00:00-03:00,123.0,2019,OIBR4.SA,0.0
2020-12-31 00:00:00-03:00,282.0,2020,OIBR4.SA,0.0
2021-12-31 00:00:00-03:00,128.0,2021,OIBR4.SA,0.0
2022-12-31 00:00:00-03:00,51.0,2022,OIBR4.SA,0.0
2023-12-31 00:00:00-03:00,16.299999237060547,2023,OIBR4.SA,0.0
2024-12-31 00:00:00-03:00,9.010000228881836,2024,OIBR4.SA,0.0
2025-12-31 00:00:00-03:00,7.650000095367432,2025,OIBR4.SA,0.0
2018-12-31 00:00:00-02:00,13.979999542236328,2018,RNEW4.SA,0.0
2019-12-31 00:00:00-03:00,7.320000171661377,2019,RNEW4.SA,0.0
2020-12-31 00:00:00-03:00,8.819999694824219,2020,RNEW4.SA,0.0
2021-12-31 00:00:00-03:00,4.579999923706055,2021,RNEW4.SA,0.0
2022-12-31 00:00:00-03:00,4.059999942779541,2022,RNEW4.SA,0.0
2023-12-31 00:00:00-03:00,2.5799999237060547,2023,RNEW4.SA,0.0
2024-12-31 00:00:00-03:00,1.8600000143051147,2024,RNEW4.SA,0.0
2025-12-31 00:00:00-03:00,0.9900000095367432,2025,RNEW4.SA,0.0
2018-12-31 00:00:00-02:00,13.691871643066406,2018,SANB3.SA,0.8404569999999999
2019-12-31 00:00:00-03:00,16.39336585998535,2019,SANB3.SA,0.995243
2020-12-31 00:00:00-03:00,14.920002937316895,2020,SANB3.SA,1.335839
2021-12-31 00:00:00-03:00,11.196245193481445,2021,SANB3.SA,1.350391
2022-12-31 00:00:00-03:00,11.24162483215332,2022,SANB3.SA,1.0674759999999999
2023-12-31 00:00:00-03:00,13.650729179382324,2023,SANB3.SA,0.794096
2024-12-31 00:00:00-03:00,10.741660118103027,2024,SANB3.SA,0.766777
2025-12-31 00:00:00-03:00,12.699999809265137,2025,SANB3.SA,0.638246
2021-12-31 00:00:00-03:00,21.06350326538086,2021,LAND3.SA,0.0
2022-12-31 00:00:00-03:00,27.14521026611328,2022,LAND3.SA,0.204923
2023-12-31 00:00:00-03:00,16.89902687072754,2023,LAND3.SA,1.354462
2024-12-31 00:00:00-03:00,13.985479354858398,2024,LAND3.SA,0.086931
2025-12-31 00:00:00-03:00,10.380000114440918,2025,LAND3.SA,0.072401
2018-12-31 00:00:00-02:00,1.9784101247787476,2018,IGTI3.SA,0.039822
2019-12-31 00:00:00-03:00,3.3359477519989014,2019,IGTI3.SA,0.039823
2020-12-31 00:00:00-03:00,2.3309812545776367,2020,IGTI3.SA,0.011378
2021-12-31 00:00:00-03:00,2.4306070804595947,2021,IGTI3.SA,0.011378
2022-12-31 00:00:00-03:00,2.4036033153533936,2022,IGTI3.SA,0.048756
2023-12-31 00:00:00-03:00,2.781249523162842,2023,IGTI3.SA,0.052291000000000004
2024-12-31 00:00:00-03:00,2.0017497539520264,2024,IGTI3.SA,0.096153
2025-12-31 00:00:00-03:00,2.559999942779541,2025,IGTI3.SA,0.096452
2018-12-31 00:00:00-02:00,12.668468475341797,2018,SANB4.SA,0.9245030000000001
2019-12-31 00:00:00-03:00,15.277153015136719,2019,SANB4.SA,1.094767
2020-12-31 00:00:00-03:00,16.40746307373047,2020,SANB4.SA,1.4694239999999998
2021-12-31 00:00:00-03:00,12.619247436523438,2021,SANB4.SA,1.485431
2022-12-31 00:00:00-03:00,12.669403076171875,2022,SANB4.SA,1.1742240000000002
2023-12-31 00:00:00-03:00,15.291031837463379,2023,SANB4.SA,0.873506
2024-12-31 00:00:00-03:00,11.944466590881348,2024,SANB4.SA,0.843454
2025-12-31 00:00:00-03:00,14.0,2025,SANB4.SA,0.702071
2018-12-31 00:00:00-02:00,5.515470504760742,2018,BRAP3.SA,1.034247
2019-12-31 00:00:00-03:00,7.506097793579102,2019,BRAP3.SA,1.640514
2020-12-31 00:00:00-03:00,13.218823432922363,2020,BRAP3.SA,1.612458
2021-12-31 00:00:00-03:00,15.130882263183594,2021,BRAP3.SA,7.5129660000000005
2022-12-31 00:00:00-03:00,20.027616500854492,2022,BRAP3.SA,2.974148
2023-12-31 00:00:00-03:00,20.551071166992188,2023,BRAP3.SA,2.747205
2024-12-31 00:00:00-03:00,14.969535827636719,2024,BRAP3.SA,1.3425470000000002
2025-12-31 00:00:00-03:00,14.800000190734863,2025,BRAP3.SA,0.836106
2018-12-31 00:00:00-02:00,5.311272144317627,2018,ENGI4.SA,0.156
2019-12-31 00:00:00-03:00,7.594588756561279,2019,ENGI4.SA,0.216
2020-12-31 00:00:00-03:00,6.441039562225342,2020,ENGI4.SA,0.12
2021-12-31 00:00:00-03:00,6.0923285484313965,2021,ENGI4.SA,0.35
2022-12-31 00:00:00-03:00,6.461650371551514,2022,ENGI4.SA,0.672
2023-12-31 00:00:00-03:00,8.068697929382324,2023,ENGI4.SA,0.30000000000000004
2024-12-31 00:00:00-03:00,6.304309368133545,2024,ENGI4.SA,0.4
2025-12-31 00:00:00-03:00,8.899999618530273,2025,ENGI4.SA,0.38
2018-12-31 00:00:00-02:00,14.84000015258789,2018,RNEW3.SA,0.0
2019-12-31 00:00:00-03:00,10.279999732971191,2019,RNEW3.SA,0.0
2020-12-31 00:00:00-03:00,10.0,2020,RNEW3.SA,0.0
2021-12-31 00:00:00-03:00,4.940000057220459,2021,RNEW3.SA,0.0
2022-12-31 00:00:00-03:00,4.059999942779541,2022,RNEW3.SA,0.0
2023-12-31 00:00:00-03:00,2.4800000190734863,2023,RNEW3.SA,0.0
2024-12-31 00:00:00-03:00,1.8799999952316284,2024,RNEW3.SA,0.0
2025-12-31 00:00:00-03:00,1.0399999618530273,2025,RNEW3.SA,0.0
2018-12-31 00:00:00-02:00,2.3051159381866455,2018,BMEB4.SA,0.331765
2019-12-31 00:00:00-03:00,4.6146559715271,2019,BMEB4.SA,0.331765
2020-12-31 00:00:00-03:00,6.045737266540527,2020,BMEB4.SA,0.343104
2021-12-31 00:00:00-03:00,8.666178703308105,2021,BMEB4.SA,0.649583
2022-12-31 00:00:00-03:00,8.4186429977417,2022,BMEB4.SA,0.573148
2023-12-31 00:00:00-03:00,15.882219314575195,2023,BMEB4.SA,1.627628
2024-12-31 00:00:00-03:00,37.77547836303711,2024,BMEB4.SA,2.201707
2025-12-31 00:00:00-03:00,41.939998626708984,2025,BMEB4.SA,0.024559
2018-12-31 00:00:00-02:00,1.5144028663635254,2018,BPAC5.SA,0.113228
2019-12-31 00:00:00-03:00,4.888242244720459,2019,BPAC5.SA,0.117306
2020-12-31 00:00:00-03:00,4.980874061584473,2020,BPAC5.SA,0.100823
2021-12-31 00:00:00-03:00,4.607696056365967,2021,BPAC5.SA,0.131116
2022-12-31 00:00:00-03:00,5.183008193969727,2022,BPAC5.SA,0.21887299999999998
2023-12-31 00:00:00-03:00,9.394998550415039,2023,BPAC5.SA,0.260012
2024-12-31 00:00:00-03:00,6.931376934051514,2024,BPAC5.SA,0.286068
2025-12-31 00:00:00-03:00,9.300000190734863,2025,BPAC5.SA,0.049459
2018-12-31 00:00:00-02:00,6.517543315887451,2018,ENGI3.SA,0.147496
2019-12-31 00:00:00-03:00,11.122896194458008,2019,ENGI3.SA,0.207746
2020-12-31 00:00:00-03:00,14.022377014160156,2020,ENGI3.SA,0.11541399999999999
2021-12-31 00:00:00-03:00,11.535284042358398,2021,ENGI3.SA,0.336625
2022-12-31 00:00:00-03:00,12.464288711547852,2022,ENGI3.SA,0.646319
2023-12-31 00:00:00-03:00,16.86430549621582,2023,ENGI3.SA,0.288536
2024-12-31 00:00:00-03:00,10.693611145019531,2024,ENGI3.SA,0.392357
2025-12-31 00:00:00-03:00,12.5,2025,ENGI3.SA,0.38
2018-12-31 00:00:00-02:00,2.6173295974731445,2018,BEES3.SA,0.218206
2019-12-31 00:00:00-03:00,4.23051643371582,2019,BEES3.SA,0.301138
2020-12-31 00:00:00-03:00,3.7661166191101074,2020,BEES3.SA,0.160825
2021-12-31 00:00:00-03:00,3.578540563583374,2021,BEES3.SA,0.33257899999999996
2022-12-31 00:00:00-03:00,4.550406455993652,2022,BEES3.SA,0.584989
2023-12-31 00:00:00-03:00,8.524535179138184,2023,BEES3.SA,0.632523
2024-12-31 00:00:00-03:00,8.21662425994873,2024,BEES3.SA,0.685943
2025-12-31 00:00:00-03:00,8.5,2025,BEES3.SA,0.30940100000000004
2018-12-31 00:00:00-02:00,3.730569839477539,2018,ALUP4.SA,0.21336
2019-12-31 00:00:00-03:00,5.893283843994141,2019,ALUP4.SA,0.133349
2020-12-31 00:00:00-03:00,6.425086498260498,2020,ALUP4.SA,0.204469
2021-12-31 00:00:00-03:00,5.992117881774902,2021,ALUP4.SA,0.248919
2022-12-31 00:00:00-03:00,7.457618713378906,2022,ALUP4.SA,0.364489
2023-12-31 00:00:00-03:00,9.204110145568848,2023,ALUP4.SA,0.554733
2024-12-31 00:00:00-03:00,8.426556587219238,2024,ALUP4.SA,0.451923
2025-12-31 00:00:00-03:00,9.359999656677246,2025,ALUP4.SA,0.15000000000000002
2018-12-31 00:00:00-02:00,4.173523426055908,2018,REDE3.SA,0.01279
2019-12-31 00:00:00-03:00,5.450109958648682,2019,REDE3.SA,0.458446
2020-12-31 00:00:00-03:00,7.239397048950195,2020,REDE3.SA,0.093
2021-12-31 00:00:00-03:00,4.781136989593506,2021,REDE3.SA,0.977465
2022-12-31 00:00:00-03:00,4.284107685089111,2022,REDE3.SA,0.52214
2023-12-31 00:00:00-03:00,5.89802885055542,2023,REDE3.SA,0.711274
2024-12-31 00:00:00-03:00,6.079184532165527,2024,REDE3.SA,0.583645
2025-12-31 00:00:00-03:00,6.590000152587891,2025,REDE3.SA,0.245
2018-12-31 00:00:00-02:00,29.787927627563477,2018,SCAR3.SA,0.0
2019-12-31 00:00:00-03:00,43.53813552856445,2019,SCAR3.SA,0.367359
2020-12-31 00:00:00-03:00,41.09349060058594,2020,SCAR3.SA,0.063011
2021-12-31 00:00:00-03:00,38.585350036621094,2021,SCAR3.SA,0.366203
2022-12-31 00:00:00-03:00,17.058029174804688,2022,SCAR3.SA,0.143764
2023-12-31 00:00:00-03:00,25.845500946044922,2023,SCAR3.SA,0.0
2024-12-31 00:00:00-03:00,21.100000381469727,2024,SCAR3.SA,1.742338
2025-12-31 00:00:00-03:00,18.149999618530273,2025,SCAR3.SA,0.0
2018-12-31 00:00:00-02:00,3.2165586948394775,2018,BSLI3.SA,0.293387
2019-12-31 00:00:00-03:00,5.076711177825928,2019,BSLI3.SA,0.141403
2020-12-31 00:00:00-03:00,15.950214385986328,2020,BSLI3.SA,0.430971
2021-12-31 00:00:00-03:00,26.168270111083984,2021,BSLI3.SA,0.4749
2022-12-31 00:00:00-03:00,17.472755432128906,2022,BSLI3.SA,1.016285
2023-12-31 00:00:00-03:00,12.52096176147461,2023,BSLI3.SA,0.13686600000000002
2024-12-31 00:00:00-03:00,7.879657745361328,2024,BSLI3.SA,0.077934
2025-12-31 00:00:00-03:00,8.949999809265137,2025,BSLI3.SA,0.117317
2018-12-31 00:00:00-02:00,22.600000381469727,2018,TELB4.SA,0.0
2019-12-31 00:00:00-03:00,29.06999969482422,2019,TELB4.SA,0.0
2020-12-31 00:00:00-03:00,30.8799991607666,2020,TELB4.SA,0.0
2021-12-31 00:00:00-03:00,14.5,2021,TELB4.SA,0.0
2022-12-31 00:00:00-03:00,10.149999618530273,2022,TELB4.SA,0.0
2023-12-31 00:00:00-03:00,13.119999885559082,2023,TELB4.SA,0.0
2024-12-31 00:00:00-03:00,7.300000190734863,2024,TELB4.SA,0.0
2025-12-31 00:00:00-03:00,7.400000095367432,2025,TELB4.SA,0.0
2018-12-31 00:00:00-02:00,27.40117073059082,2018,TELB3.SA,0.0
2019-12-31 00:00:00-03:00,100.3916244506836,2019,TELB3.SA,0.0
2020-12-31 00:00:00-03:00,87.56932830810547,2020,TELB3.SA,0.0
2021-12-31 00:00:00-03:00,44.03315734863281,2021,TELB3.SA,0.0
2022-12-31 00:00:00-03:00,16.09000015258789,2022,TELB3.SA,0.0
2023-12-31 00:00:00-03:00,15.65999984741211,2023,TELB3.SA,0.0
2024-12-31 00:00:00-03:00,12.800000190734863,2024,TELB3.SA,0.0
2025-12-31 00:00:00-03:00,11.75,2025,TELB3.SA,0.0
2018-12-31 00:00:00-02:00,1.3875000476837158,2018,INEP3.SA,0.0
2019-12-31 00:00:00-03:00,1.9474999904632568,2019,INEP3.SA,0.0
2020-12-31 00:00:00-03:00,2.7750000953674316,2020,INEP3.SA,0.0
2021-12-31 00:00:00-03:00,7.599999904632568,2021,INEP3.SA,0.0
2022-12-31 00:00:00-03:00,6.050000190734863,2022,INEP3.SA,0.0
2023-12-31 00:00:00-03:00,4.25,2023,INEP3.SA,0.0
2024-12-31 00:00:00-03:00,1.4199999570846558,2024,INEP3.SA,0.0
2025-12-31 00:00:00-03:00,1.7999999523162842,2025,INEP3.SA,0.0
2022-12-31 00:00:00-03:00,71.00282287597656,2022,SNCI11.SA,10.823063
2023-12-31 00:00:00-03:00,82.12542724609375,2023,SNCI11.SA,12.35
2024-12-31 00:00:00-03:00,78.78118133544922,2024,SNCI11.SA,11.55
2025-12-31 00:00:00-03:00,86.19999694824219,2025,SNCI11.SA,7.0
2018-12-31 00:00:00-02:00,12.778997421264648,2018,BAZA3.SA,0.636477
2019-12-31 00:00:00-03:00,22.620702743530273,2019,BAZA3.SA,1.427314
2020-12-31 00:00:00-03:00,26.504892349243164,2020,BAZA3.SA,3.553427
2021-12-31 00:00:00-03:00,27.733577728271484,2021,BAZA3.SA,2.575651
2022-12-31 00:00:00-03:00,39.64979553222656,2022,BAZA3.SA,6.809764
2023-12-31 00:00:00-03:00,81.32952880859375,2023,BAZA3.SA,5.55926
2024-12-31 00:00:00-03:00,78.68724822998047,2024,BAZA3.SA,6.625162
2025-12-31 00:00:00-03:00,73.98999786376953,2025,BAZA3.SA,8.012259
2018-12-31 00:00:00-02:00,1.809962511062622,2018,BPAC3.SA,0.110317
2019-12-31 00:00:00-03:00,9.038686752319336,2019,BPAC3.SA,0.11429
2020-12-31 00:00:00-03:00,10.616605758666992,2020,BPAC3.SA,0.099221
2021-12-31 00:00:00-03:00,12.114239692687988,2021,BPAC3.SA,0.130829
2022-12-31 00:00:00-03:00,12.422332763671875,2022,BPAC3.SA,0.21887299999999998
2023-12-31 00:00:00-03:00,17.505746841430664,2023,BPAC3.SA,0.260012
2024-12-31 00:00:00-03:00,13.989934921264648,2024,BPAC3.SA,0.286068
2025-12-31 00:00:00-03:00,22.100000381469727,2025,BPAC3.SA,0.049459
2018-12-31 00:00:00-02:00,30.592634201049805,2018,CLSC4.SA,0.509906
2019-12-31 00:00:00-03:00,32.09819412231445,2019,CLSC4.SA,1.054768
2020-12-31 00:00:00-03:00,36.91539001464844,2020,CLSC4.SA,1.924841
2021-12-31 00:00:00-03:00,49.50132751464844,2021,CLSC4.SA,6.813834
2022-12-31 00:00:00-03:00,42.80229568481445,2022,CLSC4.SA,2.798098
2023-12-31 00:00:00-03:00,56.344112396240234,2023,CLSC4.SA,6.890038
2024-12-31 00:00:00-03:00,75.68016815185547,2024,CLSC4.SA,6.498302000000001
2025-12-31 00:00:00-03:00,103.44999694824219,2025,CLSC4.SA,5.276814
2018-12-31 00:00:00-02:00,1.8500043153762817,2018,CEBR3.SA,0.036776
2019-12-31 00:00:00-03:00,3.6028330326080322,2019,CEBR3.SA,0.013789
2020-12-31 00:00:00-03:00,8.485291481018066,2020,CEBR3.SA,0.333629
2021-12-31 00:00:00-03:00,9.242976188659668,2021,CEBR3.SA,18.963608
2022-12-31 00:00:00-03:00,7.4298834800720215,2022,CEBR3.SA,3.541792
2023-12-31 00:00:00-03:00,15.353802680969238,2023,CEBR3.SA,2.651654
2024-12-31 00:00:00-03:00,14.844183921813965,2024,CEBR3.SA,1.561471
2025-12-31 00:00:00-03:00,19.200000762939453,2025,CEBR3.SA,1.149649
2018-12-31 00:00:00-02:00,1.287500023841858,2018,INEP4.SA,0.0
2019-12-31 00:00:00-03:00,1.9674999713897705,2019,INEP4.SA,0.0
2020-12-31 00:00:00-03:00,2.627500057220459,2020,INEP4.SA,0.0
2021-12-31 00:00:00-03:00,7.5,2021,INEP4.SA,0.0
2022-12-31 00:00:00-03:00,5.0,2022,INEP4.SA,0.0
2023-12-31 00:00:00-03:00,3.430000066757202,2023,INEP4.SA,0.0
2024-12-31 00:00:00-03:00,1.309999942779541,2024,INEP4.SA,0.0
2025-12-31 00:00:00-03:00,1.4299999475479126,2025,INEP4.SA,0.0
2018-12-31 00:00:00-02:00,5.2010393142700195,2018,ALUP3.SA,0.21336
2019-12-31 00:00:00-03:00,8.053807258605957,2019,ALUP3.SA,0.133349
2020-12-31 00:00:00-03:00,6.478724479675293,2020,ALUP3.SA,0.204469
2021-12-31 00:00:00-03:00,6.046278953552246,2021,ALUP3.SA,0.248919
2022-12-31 00:00:00-03:00,7.174258708953857,2022,ALUP3.SA,0.364489
2023-12-31 00:00:00-03:00,9.079297065734863,2023,ALUP3.SA,0.554733
2024-12-31 00:00:00-03:00,8.525177955627441,2024,ALUP3.SA,0.451923
2025-12-31 00:00:00-03:00,10.319999694824219,2025,ALUP3.SA,0.15000000000000002
2018-12-31 00:00:00-02:00,11.567000389099121,2018,ISAE3.SA,12.566718
2019-12-31 00:00:00-03:00,19.57331657409668,2019,ISAE3.SA,1.510526
2020-12-31 00:00:00-03:00,22.22056007385254,2020,ISAE3.SA,1.7395800000000001
2021-12-31 00:00:00-03:00,25.973648071289062,2021,ISAE3.SA,3.5888619999999998
2022-12-31 00:00:00-03:00,25.451007843017578,2022,ISAE3.SA,1.062404
2023-12-31 00:00:00-03:00,33.2759895324707,2023,ISAE3.SA,2.204083
2024-12-31 00:00:00-03:00,28.62016487121582,2024,ISAE3.SA,0.0
2025-12-31 00:00:00-03:00,30.8700008392334,2025,ISAE3.SA,2.006709
2021-12-31 00:00:00-03:00,23.782358169555664,2021,AVLL3.SA,0.0
2022-12-31 00:00:00-03:00,5.971070766448975,2022,AVLL3.SA,0.0
2023-12-31 00:00:00-03:00,4.849999904632568,2023,AVLL3.SA,0.0
2024-12-31 00:00:00-03:00,2.7200000286102295,2024,AVLL3.SA,0.0
2025-12-31 00:00:00-03:00,1.7200000286102295,2025,AVLL3.SA,0.0
2018-12-31 00:00:00-02:00,1.7959418296813965,2018,CEBR6.SA,0.040454
2019-12-31 00:00:00-03:00,3.1319985389709473,2019,CEBR6.SA,0.015167
2020-12-31 00:00:00-03:00,8.779252052307129,2020,CEBR6.SA,0.366992
2021-12-31 00:00:00-03:00,8.578498840332031,2021,CEBR6.SA,20.85997
2022-12-31 00:00:00-03:00,7.217601299285889,2022,CEBR6.SA,3.895972
2023-12-31 00:00:00-03:00,15.476633071899414,2023,CEBR6.SA,2.916819
2024-12-31 00:00:00-03:00,16.208377838134766,2024,CEBR6.SA,1.7176179999999999
2025-12-31 00:00:00-03:00,20.510000228881836,2025,CEBR6.SA,1.264614
2018-12-31 00:00:00-02:00,2.770773410797119,2018,BEES4.SA,0.218206
2019-12-31 00:00:00-03:00,4.67529296875,2019,BEES4.SA,0.301138
2020-12-31 00:00:00-03:00,4.280738830566406,2020,BEES4.SA,0.160825
2021-12-31 00:00:00-03:00,4.330598831176758,2021,BEES4.SA,0.33257899999999996
2022-12-31 00:00:00-03:00,5.431758880615234,2022,BEES4.SA,0.584989
2023-12-31 00:00:00-03:00,9.0618896484375,2023,BEES4.SA,0.632523
2024-12-31 00:00:00-03:00,8.394368171691895,2024,BEES4.SA,0.685943
2025-12-31 00:00:00-03:00,8.470000267028809,2025,BEES4.SA,0.30940100000000004
2018-12-31 00:00:00-02:00,14.102437973022461,2018,BRSR3.SA,1.2963230000000001
2019-12-31 00:00:00-03:00,16.00371742248535,2019,BRSR3.SA,1.243861
2020-12-31 00:00:00-03:00,11.189645767211914,2020,BRSR3.SA,0.39847499999999997
2021-12-31 00:00:00-03:00,9.07276439666748,2021,BRSR3.SA,1.032111
2022-12-31 00:00:00-03:00,8.796977043151855,2022,BRSR3.SA,0.8448180000000001
2023-12-31 00:00:00-03:00,12.245940208435059,2023,BRSR3.SA,0.917263
2024-12-31 00:00:00-03:00,11.161456108093262,2024,BRSR3.SA,0.9949300000000001
2025-12-31 00:00:00-03:00,11.449999809265137,2025,BRSR3.SA,0.527175
2018-12-31 00:00:00-02:00,36.460174560546875,2018,COCE5.SA,1.091631
2019-12-31 00:00:00-03:00,49.13300323486328,2019,COCE5.SA,1.870151
2020-12-31 00:00:00-03:00,49.3305549621582,2020,COCE5.SA,2.123713
2021-12-31 00:00:00-03:00,51.05460739135742,2021,COCE5.SA,3.616476
2022-12-31 00:00:00-03:00,41.23420333862305,2022,COCE5.SA,1.9434620000000002
2023-12-31 00:00:00-03:00,39.95622253417969,2023,COCE5.SA,0.307952
2024-12-31 00:00:00-03:00,23.85551643371582,2024,COCE5.SA,0.988254
2025-12-31 00:00:00-03:00,28.329999923706055,2025,COCE5.SA,1.351562
2018-12-31 00:00:00-02:00,33.874794006347656,2018,CGAS5.SA,4.792956
2019-12-31 00:00:00-03:00,93.065185546875,2019,CGAS5.SA,16.335587
2020-12-31 00:00:00-03:00,118.507080078125,2020,CGAS5.SA,9.229125
2021-12-31 00:00:00-03:00,111.70047760009766,2021,CGAS5.SA,13.406073000000001
2022-12-31 00:00:00-03:00,105.99244689941406,2022,CGAS5.SA,14.563600000000001
2023-12-31 00:00:00-03:00,104.58148193359375,2023,CGAS5.SA,3.470954
2024-12-31 00:00:00-03:00,119.29322052001953,2024,CGAS5.SA,22.177964
2025-12-31 00:00:00-03:00,127.61000061035156,2025,CGAS5.SA,0.76574
2018-12-31 00:00:00-02:00,256.6382141113281,2018,NEXP3.SA,0.0
2019-12-31 00:00:00-03:00,240.34373474121094,2019,NEXP3.SA,0.0
2020-12-31 00:00:00-03:00,89.61969757080078,2020,NEXP3.SA,0.0
2021-12-31 00:00:00-03:00,44.80984878540039,2021,NEXP3.SA,0.0
2022-12-31 00:00:00-03:00,15.5,2022,NEXP3.SA,0.0
2023-12-31 00:00:00-03:00,5.159999847412109,2023,NEXP3.SA,0.0
2024-12-31 00:00:00-03:00,3.869999885559082,2024,NEXP3.SA,0.0
2025-12-31 00:00:00-03:00,3.799999952316284,2025,NEXP3.SA,0.0
2018-12-31 00:00:00-02:00,20.635574340820312,2018,RNEW11.SA,0.0
2019-12-31 00:00:00-03:00,11.987469673156738,2019,RNEW11.SA,0.0
2020-12-31 00:00:00-03:00,13.29086971282959,2020,RNEW11.SA,0.0
2021-12-31 00:00:00-03:00,6.678732872009277,2021,RNEW11.SA,0.0
2022-12-31 00:00:00-03:00,5.793943881988525,2022,RNEW11.SA,0.0
2023-12-31 00:00:00-03:00,3.55818510055542,2023,RNEW11.SA,0.0
2024-12-31 00:00:00-03:00,2.8065900802612305,2024,RNEW11.SA,0.0
2025-12-31 00:00:00-03:00,3.009999990463257,2025,RNEW11.SA,0.0
2018-12-31 00:00:00-02:00,7.471213340759277,2018,PINE3.SA,0.0
2019-12-31 00:00:00-03:00,7.471210479736328,2019,PINE3.SA,0.0
2020-12-31 00:00:00-03:00,7.471210479736328,2020,PINE3.SA,0.0
2021-12-31 00:00:00-03:00,7.471210479736328,2021,PINE3.SA,0.0
2022-12-31 00:00:00-03:00,7.471210479736328,2022,PINE3.SA,0.0
2023-12-31 00:00:00-03:00,4.420450210571289,2023,PINE3.SA,0.161432
2024-12-31 00:00:00-03:00,4.346994400024414,2024,PINE3.SA,0.603859
2025-12-31 00:00:00-03:00,5.730000019073486,2025,PINE3.SA,0.28654999999999997
2018-12-31 00:00:00-02:00,3.450000047683716,2018,OSXB3.SA,0.0
2019-12-31 00:00:00-03:00,3.2699999809265137,2019,OSXB3.SA,0.0
2020-12-31 00:00:00-03:00,20.280000686645508,2020,OSXB3.SA,0.0
2021-12-31 00:00:00-03:00,6.820000171661377,2021,OSXB3.SA,0.0
2022-12-31 00:00:00-03:00,6.559999942779541,2022,OSXB3.SA,0.0
2023-12-31 00:00:00-03:00,4.230000019073486,2023,OSXB3.SA,0.0
2024-12-31 00:00:00-03:00,3.609999895095825,2024,OSXB3.SA,0.0
2025-12-31 00:00:00-03:00,2.5999999046325684,2025,OSXB3.SA,0.0
2024-12-31 00:00:00-03:00,0.25999999046325684,2024,FSPE11.SA,0.0
2025-12-31 00:00:00-03:00,0.25,2025,FSPE11.SA,0.0
2018-12-31 00:00:00-02:00,5.305897235870361,2018,RDNI3.SA,0.0
2019-12-31 00:00:00-03:00,15.20380687713623,2019,RDNI3.SA,0.0
2020-12-31 00:00:00-03:00,11.24344539642334,2020,RDNI3.SA,0.009054
2021-12-31 00:00:00-03:00,9.863024711608887,2021,RDNI3.SA,0.009985
2022-12-31 00:00:00-03:00,6.711316108703613,2022,RDNI3.SA,0.05717
2023-12-31 00:00:00-03:00,4.599999904632568,2023,RDNI3.SA,0.144192
2024-12-31 00:00:00-03:00,2.049999952316284,2024,RDNI3.SA,0.0
2025-12-31 00:00:00-03:00,2.2200000286102295,2025,RDNI3.SA,0.0
2018-12-31 00:00:00-02:00,16.36767578125,2018,FIEI3.SA,0.0
2019-12-31 00:00:00-03:00,29.043394088745117,2019,FIEI3.SA,0.0
2020-12-31 00:00:00-03:00,27.700000762939453,2020,FIEI3.SA,4.13
2021-12-31 00:00:00-03:00,16.600000381469727,2021,FIEI3.SA,0.0
2022-12-31 00:00:00-03:00,16.0,2022,FIEI3.SA,0.0
2023-12-31 00:00:00-03:00,12.0,2023,FIEI3.SA,0.0
2024-12-31 00:00:00-03:00,9.800000190734863,2024,FIEI3.SA,0.0
2025-12-31 00:00:00-03:00,14.0,2025,FIEI3.SA,0.0
2018-12-31 00:00:00-02:00,1.9470620155334473,2018,CEBR5.SA,0.785253
2019-12-31 00:00:00-03:00,4.104968547821045,2019,CEBR5.SA,1.119771
2020-12-31 00:00:00-03:00,10.191326141357422,2020,CEBR5.SA,0.785253
2021-12-31 00:00:00-03:00,9.068304061889648,2021,CEBR5.SA,18.963608
2022-12-31 00:00:00-03:00,8.082098960876465,2022,CEBR5.SA,3.541792
2023-12-31 00:00:00-03:00,13.864118576049805,2023,CEBR5.SA,2.651654
2024-12-31 00:00:00-03:00,14.658186912536621,2024,CEBR5.SA,1.561471
2025-12-31 00:00:00-03:00,19.43000030517578,2025,CEBR5.SA,1.149649
2022-12-31 00:00:00-03:00,75.64884185791016,2022,RBIF11.SA,4.359999999999999
2023-12-31 00:00:00-03:00,76.49143981933594,2023,RBIF11.SA,10.18
2024-12-31 00:00:00-03:00,62.473228454589844,2024,RBIF11.SA,11.1
2025-12-31 00:00:00-03:00,72.11000061035156,2025,RBIF11.SA,7.43
2025-12-31 00:00:00-03:00,115.0,2025,ADMF3.SA,0.0
2018-12-31 00:00:00-02:00,2.6223530769348145,2018,BMEB3.SA,0.0
2019-12-31 00:00:00-03:00,4.889593124389648,2019,BMEB3.SA,0.027104
2020-12-31 00:00:00-03:00,6.418309688568115,2020,BMEB3.SA,0.311913
2021-12-31 00:00:00-03:00,9.924870491027832,2021,BMEB3.SA,0.590529
2022-12-31 00:00:00-03:00,8.596461296081543,2022,BMEB3.SA,0.521025
2023-12-31 00:00:00-03:00,19.233745574951172,2023,BMEB3.SA,1.479664
2024-12-31 00:00:00-03:00,31.60087013244629,2024,BMEB3.SA,2.0015530000000004
2025-12-31 00:00:00-03:00,34.0,2025,BMEB3.SA,0.022326
2018-12-31 00:00:00-02:00,19.003890991210938,2018,GEPA4.SA,2.5695230000000002
2019-12-31 00:00:00-03:00,26.07046127319336,2019,GEPA4.SA,4.0550749999999995
2020-12-31 00:00:00-03:00,24.331707000732422,2020,GEPA4.SA,0.561242
2021-12-31 00:00:00-03:00,19.895845413208008,2021,GEPA4.SA,2.939902
2022-12-31 00:00:00-03:00,16.998836517333984,2022,GEPA4.SA,1.339268
2023-12-31 00:00:00-03:00,18.50465202331543,2023,GEPA4.SA,3.0368079999999997
2024-12-31 00:00:00-03:00,26.153804779052734,2024,GEPA4.SA,5.993650000000001
2025-12-31 00:00:00-03:00,35.20000076293945,2025,GEPA4.SA,4.048288
2018-12-31 00:00:00-02:00,14.147003173828125,2018,CEEB3.SA,0.473348
2019-12-31 00:00:00-03:00,24.374792098999023,2019,CEEB3.SA,4.1477319999999995
2020-12-31 00:00:00-03:00,27.454586029052734,2020,CEEB3.SA,0.499086
2021-12-31 00:00:00-03:00,22.61940574645996,2021,CEEB3.SA,3.512398
2022-12-31 00:00:00-03:00,31.79343605041504,2022,CEEB3.SA,6.445661
2023-12-31 00:00:00-03:00,36.36043167114258,2023,CEEB3.SA,4.5631639999999996
2024-12-31 00:00:00-03:00,37.415374755859375,2024,CEEB3.SA,3.1712059999999997
2025-12-31 00:00:00-03:00,36.900001525878906,2025,CEEB3.SA,1.1805219999999998
2018-12-31 00:00:00-02:00,22.30307960510254,2018,BGIP4.SA,1.691765
2019-12-31 00:00:00-03:00,24.696115493774414,2019,BGIP4.SA,0.764557
2020-12-31 00:00:00-03:00,17.785966873168945,2020,BGIP4.SA,0.766194
2021-12-31 00:00:00-03:00,16.800809860229492,2021,BGIP4.SA,1.218269
2022-12-31 00:00:00-03:00,12.300516128540039,2022,BGIP4.SA,1.073062
2023-12-31 00:00:00-03:00,18.660572052001953,2023,BGIP4.SA,3.694573
2024-12-31 00:00:00-03:00,21.469482421875,2024,BGIP4.SA,2.366435
2025-12-31 00:00:00-03:00,27.950000762939453,2025,BGIP4.SA,2.9858029999999998
2018-12-31 00:00:00-02:00,13.749539375305176,2018,EMAE4.SA,1.509356
2019-12-31 00:00:00-03:00,28.405357360839844,2019,EMAE4.SA,0.6518269999999999
2020-12-31 00:00:00-03:00,60.00625228881836,2020,EMAE4.SA,1.444682
2021-12-31 00:00:00-03:00,67.48178100585938,2021,EMAE4.SA,8.081884
2022-12-31 00:00:00-03:00,62.074893951416016,2022,EMAE4.SA,0.881294
2023-12-31 00:00:00-03:00,57.34309005737305,2023,EMAE4.SA,3.287331
2024-12-31 00:00:00-03:00,42.0,2024,EMAE4.SA,1.632526
2025-12-31 00:00:00-03:00,28.989999771118164,2025,EMAE4.SA,0.0
2024-12-31 00:00:00-03:00,8.019145965576172,2024,BSLI4.SA,0.026785674
2025-12-31 00:00:00-03:00,9.260000228881836,2025,BSLI4.SA,0.70114905
2018-12-31 00:00:00-02:00,14.40237808227539,2018,ENMT4.SA,2.2257010000000004
2019-12-31 00:00:00-03:00,24.904157638549805,2019,ENMT4.SA,1.128527
2020-12-31 00:00:00-03:00,25.65436363220215,2020,ENMT4.SA,0.567615
2021-12-31 00:00:00-03:00,68.22996520996094,2021,ENMT4.SA,4.918331
2022-12-31 00:00:00-03:00,72.4910888671875,2022,ENMT4.SA,3.539866
2023-12-31 00:00:00-03:00,63.326026916503906,2023,ENMT4.SA,3.549643
2024-12-31 00:00:00-03:00,81.96964263916016,2024,ENMT4.SA,2.749886
2025-12-31 00:00:00-03:00,58.5,2025,ENMT4.SA,2.772357
2018-12-31 00:00:00-02:00,5.63193416595459,2018,SOND6.SA,1.274761
2019-12-31 00:00:00-03:00,18.127653121948242,2019,SOND6.SA,6.363913
2020-12-31 00:00:00-03:00,18.664752960205078,2020,SOND6.SA,0.921123
2021-12-31 00:00:00-03:00,19.421846389770508,2021,SOND6.SA,8.517645
2022-12-31 00:00:00-03:00,20.541492462158203,2022,SOND6.SA,6.6337600000000005
2023-12-31 00:00:00-03:00,42.40474319458008,2023,SOND6.SA,6.094705
2024-12-31 00:00:00-03:00,39.29203796386719,2024,SOND6.SA,5.043426
2025-12-31 00:00:00-03:00,50.0099983215332,2025,SOND6.SA,6.271946
2018-12-31 00:00:00-02:00,1.612945556640625,2018,CPLE5.SA,0.545566
2019-12-31 00:00:00-03:00,1.8830926418304443,2019,CPLE5.SA,0.372447
2020-12-31 00:00:00-03:00,4.545949935913086,2020,CPLE5.SA,0.518233
2021-12-31 00:00:00-03:00,30.96556854248047,2021,CPLE5.SA,1.195331
2022-12-31 00:00:00-03:00,20.624055862426758,2022,CPLE5.SA,0.936976
2023-12-31 00:00:00-03:00,21.919767379760742,2023,CPLE5.SA,0.41222
2024-12-31 00:00:00-03:00,9.960000038146973,2024,CPLE5.SA,0.524723
2025-12-31 00:00:00-03:00,12.0,2025,CPLE5.SA,0.0
2018-12-31 00:00:00-02:00,7.641019344329834,2018,SOND5.SA,1.274761
2019-12-31 00:00:00-03:00,17.453115463256836,2019,SOND5.SA,6.363913
2020-12-31 00:00:00-03:00,24.80270767211914,2020,SOND5.SA,0.921123
2021-12-31 00:00:00-03:00,20.979700088500977,2021,SOND5.SA,8.517645
2022-12-31 00:00:00-03:00,21.06939697265625,2022,SOND5.SA,6.6337600000000005
2023-12-31 00:00:00-03:00,42.246585845947266,2023,SOND5.SA,6.094705
2024-12-31 00:00:00-03:00,33.73855972290039,2024,SOND5.SA,5.043426
2025-12-31 00:00:00-03:00,54.79999923706055,2025,SOND5.SA,6.271946
2018-12-31 00:00:00-02:00,9.72868824005127,2018,EKTR4.SA,0.0
2019-12-31 00:00:00-03:00,13.759222030639648,2019,EKTR4.SA,1.143433
2020-12-31 00:00:00-03:00,14.49836254119873,2020,EKTR4.SA,0.361654
2021-12-31 00:00:00-03:00,16.181386947631836,2021,EKTR4.SA,1.2513990000000002
2022-12-31 00:00:00-03:00,22.756059646606445,2022,EKTR4.SA,4.657385
2023-12-31 00:00:00-03:00,27.398405075073242,2023,EKTR4.SA,4.020073
2024-12-31 00:00:00-03:00,45.46437072753906,2024,EKTR4.SA,10.892219
2025-12-31 00:00:00-03:00,47.099998474121094,2025,EKTR4.SA,3.858947
2021-12-31 00:00:00-03:00,68.54039001464844,2021,IRIM11.SA,4.006067
2022-12-31 00:00:00-03:00,65.2914810180664,2022,IRIM11.SA,15.844381
2023-12-31 00:00:00-03:00,67.93011474609375,2023,IRIM11.SA,11.385198
2024-12-31 00:00:00-03:00,56.5102653503418,2024,IRIM11.SA,9.67
2025-12-31 00:00:00-03:00,67.4000015258789,2025,IRIM11.SA,6.01
2018-12-31 00:00:00-02:00,1.4500000476837158,2018,PPLA11.SA,0.0
2019-12-31 00:00:00-03:00,1.090000033378601,2019,PPLA11.SA,0.0
2020-12-31 00:00:00-03:00,14.15999984741211,2020,PPLA11.SA,0.0
2021-12-31 00:00:00-03:00,5.989999771118164,2021,PPLA11.SA,0.0
2022-12-31 00:00:00-03:00,4.679999828338623,2022,PPLA11.SA,0.0
2023-12-31 00:00:00-03:00,3.559999942779541,2023,PPLA11.SA,0.0
2024-12-31 00:00:00-03:00,1.5,2024,PPLA11.SA,0.0
2025-12-31 00:00:00-03:00,0.8700000047683716,2025,PPLA11.SA,0.0
2018-12-31 00:00:00-02:00,1.3376669883728027,2018,EQPA3.SA,0.06
2019-12-31 00:00:00-03:00,2.0248701572418213,2019,EQPA3.SA,0.11000000000000001
2020-12-31 00:00:00-03:00,2.161088466644287,2020,EQPA3.SA,0.28
2021-12-31 00:00:00-03:00,3.645758628845215,2021,EQPA3.SA,0.41000000000000003
2022-12-31 00:00:00-03:00,5.1607985496521,2022,EQPA3.SA,0.88326
2023-12-31 00:00:00-03:00,6.205633163452148,2023,EQPA3.SA,0.022464
2024-12-31 00:00:00-03:00,5.042481422424316,2024,EQPA3.SA,0.76
2025-12-31 00:00:00-03:00,5.760000228881836,2025,EQPA3.SA,0.6587
2018-12-31 00:00:00-02:00,99.8366928100586,2018,MOAR3.SA,15.100533
2019-12-31 00:00:00-03:00,110.2088851928711,2019,MOAR3.SA,13.386419
2020-12-31 00:00:00-03:00,151.03135681152344,2020,MOAR3.SA,5.958588
2021-12-31 00:00:00-03:00,303.0199890136719,2021,MOAR3.SA,51.668310999999996
2022-12-31 00:00:00-03:00,379.0059814453125,2022,MOAR3.SA,14.692412999999998
2023-12-31 00:00:00-03:00,330.53564453125,2023,MOAR3.SA,14.692414
2024-12-31 00:00:00-03:00,361.8600769042969,2024,MOAR3.SA,35.384229
2025-12-31 00:00:00-03:00,130.0,2025,MOAR3.SA,32.241685000000004
2018-12-31 00:00:00-02:00,15.821176528930664,2018,GEPA3.SA,2.5695230000000002
2019-12-31 00:00:00-03:00,25.480690002441406,2019,GEPA3.SA,4.0550749999999995
2020-12-31 00:00:00-03:00,23.020999908447266,2020,GEPA3.SA,0.561242
2021-12-31 00:00:00-03:00,18.93974494934082,2021,GEPA3.SA,2.939902
2022-12-31 00:00:00-03:00,15.59300422668457,2022,GEPA3.SA,1.339268
2023-12-31 00:00:00-03:00,19.135866165161133,2023,GEPA3.SA,3.0368079999999997
2024-12-31 00:00:00-03:00,25.34608268737793,2024,GEPA3.SA,5.993650000000001
2025-12-31 00:00:00-03:00,35.97999954223633,2025,GEPA3.SA,4.048288
2018-12-31 00:00:00-02:00,14.936874389648438,2018,ENMT3.SA,2.127758
2019-12-31 00:00:00-03:00,24.475223541259766,2019,ENMT3.SA,1.1288930000000001
2020-12-31 00:00:00-03:00,22.963388442993164,2020,ENMT3.SA,0.0
2021-12-31 00:00:00-03:00,68.79733276367188,2021,ENMT3.SA,5.485946
2022-12-31 00:00:00-03:00,72.32245635986328,2022,ENMT3.SA,3.539866
2023-12-31 00:00:00-03:00,63.0075798034668,2023,ENMT3.SA,3.549643
2024-12-31 00:00:00-03:00,81.22908782958984,2024,ENMT3.SA,2.749886
2025-12-31 00:00:00-03:00,60.0,2025,ENMT3.SA,2.772357
2018-12-31 00:00:00-02:00,12.698721885681152,2018,BMIN3.SA,0.0
2019-12-31 00:00:00-03:00,14.356237411499023,2019,BMIN3.SA,0.039627
2020-12-31 00:00:00-03:00,17.288022994995117,2020,BMIN3.SA,0.0
2021-12-31 00:00:00-03:00,21.60354232788086,2021,BMIN3.SA,0.0
2022-12-31 00:00:00-03:00,16.8642520904541,2022,BMIN3.SA,0.0
2023-12-31 00:00:00-03:00,18.734874725341797,2023,BMIN3.SA,1.420175
2024-12-31 00:00:00-03:00,19.179012298583984,2024,BMIN3.SA,1.272725
2025-12-31 00:00:00-03:00,22.979999542236328,2025,BMIN3.SA,0.353744
2021-12-31 00:00:00-03:00,14.199999809265137,2021,EGYR11.SA,0.0
2022-12-31 00:00:00-03:00,12.100000381469727,2022,EGYR11.SA,0.0
2023-12-31 00:00:00-03:00,5.619999885559082,2023,EGYR11.SA,0.0
2024-12-31 00:00:00-03:00,3.5,2024,EGYR11.SA,0.0
2025-12-31 00:00:00-03:00,2.9100000858306885,2025,EGYR11.SA,0.0
2024-12-31 00:00:00-03:00,9.391016006469727,2024,RENV11.SA,0.23500000000000001
2025-12-31 00:00:00-03:00,10.699999809265137,2025,RENV11.SA,0.061
